image_id,true_label,predicted_label,relative_score,correct,source_members,score_akiec,score_bcc,score_bkl,score_df,score_mel,score_nv,score_vasc
000e24953f6a5a3416e059ef3b2a03522622506328e2bfe5511fec0acca775c3,bcc,bcc,0.622532,True,1,0.003744,0.622532,0.001781,0.345236,0.011049,0.015436,0.000222
001ee88e8b3405aeb4b0eb18fba52828e35405e794878579512066750113b78d,mel,nv,0.99365,False,1,6.2e-05,0.001624,0.001005,0.000104,0.003547,0.99365,8e-06
00210d031c02c757ceaf65ecc62ac802605c429912f0b99d8fbbc6ed862d4d15,bkl,bkl,0.993678,True,1,0.00148,2.2e-05,0.993678,2e-06,0.002907,0.001631,0.000281
0036bf1b9c1292421de43c29e139b85b14193c067b8860fb077c849a23acf165,bcc,bcc,0.614639,True,1,0.134501,0.614639,0.043516,0.034549,0.054725,0.116397,0.001673
004a6696a3a8c3e3f9aa7e95dbbc69ddd1af4777c368f35c3ad9aa298c1dd23c,bkl,nv,0.89741,False,1,3.2e-05,0.000615,0.0395,0.000288,0.048498,0.89741,0.013657
0069c9dfafa8a689086c2800b8acf481dc87ea592c179a9cc678c50492f2c635,nv,nv,0.999882,True,1,1.6e-05,9e-06,8e-06,1e-05,6.2e-05,0.999882,1.2e-05
009091649d5934e09bc8fcbc3e126f46ae525b88c0a83cd9438d3349125edc96,mel,nv,0.863388,False,1,0.021158,0.002204,0.008446,0.001287,0.103329,0.863388,0.000189
0097721b97d0ec67d797d07ca0e92e97910fd5f48638f61cb3234e485f2be43c,nv,nv,0.946497,True,1,3.2e-05,2e-06,0.000245,5.2e-05,0.053103,0.946497,7e-05
00b6a687689d29de948e44afa64a88d9e4335093c444bcbbd9aaa092c571d51a,nv,nv,0.486631,True,1,0.000364,0.216995,0.112175,0.009369,0.000602,0.486631,0.173863
00d021da16e46ffb20b6bd189d49d744d2911f5c24dd1dc9776eb351af19fd91,mel,nv,0.399797,False,1,0.205027,0.193181,0.062335,0.132711,0.002586,0.399797,0.004363
00eae91bac250d800436272bab19ca96d157b87ab8cd2e5b3c910668b3d281d1,nv,nv,0.994209,True,1,1e-06,5e-06,0.000163,7.6e-05,0.0055,0.994209,4.7e-05
010573604fb64411a64e5a10719ab72f43a9b5db555510418099d2bcd32be12f,mel,mel,0.496058,True,1,3.1e-05,0.001129,0.081784,0.026852,0.496058,0.393236,0.00091
0108e3e718faeb10187d77c33970096b168fe4f1543074f791b62d03f4b13688,bkl,nv,0.736537,False,1,5e-06,0.000182,0.000834,2.9e-05,0.26235,0.736537,6.2e-05
01098938d6f6d974c7f26699084bfcf9fb1fe3e81e6bbfe35b3698c4e7d30536,mel,mel,0.955322,True,1,1e-06,2.1e-05,6e-06,1.6e-05,0.955322,0.043548,0.001086
011d7a0d7382d0135ae0bfaf93d209c13a31e42ade7ef40ead2a4595f958493f,mel,mel,0.998347,True,1,3e-06,0.000982,1.4e-05,4e-06,0.998347,7.1e-05,0.00058
011df1ebf82a6c03738650b19280834812b06768e8f3da5aa2751139a9414875,nv,nv,0.999991,True,1,0.0,1e-06,1e-06,2e-06,2e-06,0.999991,3e-06
012bd9441768ec6646914eb2c24d9e1c3a37a4449d8b4d65b19b73ccb468b61b,mel,vasc,0.79093,False,1,3e-06,0.000144,2.9e-05,4e-05,0.033337,0.175516,0.79093
014474306e069212e1a2e76a0eda2c574b331d6af036999cd993b46dac62094b,bkl,nv,0.569466,False,1,0.001516,0.000506,0.412401,0.010173,0.005542,0.569466,0.000396
015e609de9a718174ad5cf93d744492f6b3ae7eb8e2afd0719f60483b2decf63,mel,nv,0.461182,False,1,0.000634,0.196188,0.002896,0.074642,0.258322,0.461182,0.006135
0167b9298e1a318be892575866c2b4f695c0835ffc2540ef95336a4e0761ae60,nv,nv,0.999995,True,1,0.0,0.0,0.0,0.0,0.0,0.999995,4e-06
017968a32a495c3b3cea45237b3f74d824fb94fe9c2843f15b8eeda53c8e159c,nv,nv,0.912107,True,1,0.00025,6.8e-05,0.000954,0.086522,1.1e-05,0.912107,8.7e-05
01c3d05e76b8ee747b5726a9ff1ea67b1554da944f41801229d2981f23573712,mel,mel,0.907256,True,1,0.001291,0.000276,0.002117,0.000241,0.907256,0.088409,0.000409
01cdedbb65c814c337f7c84cc1b44afe56f190c433fc5365ad64ceb78df195e8,nv,bcc,0.928592,False,1,0.021625,0.928592,0.003125,0.000168,0.000446,0.045987,5.7e-05
01cf57b3f1d450b58047d821fdc19c49b25888bf946e32b49eef5c37493966cf,bcc,bcc,0.821849,True,1,0.000638,0.821849,0.001289,0.026966,0.000305,0.14777,0.001181
01d57808dcd2f6b8b48a2710cd5dd43d9353592ff871e6f701ad04843febb778,nv,df,0.514373,False,1,0.010511,3.6e-05,0.020863,0.514373,0.010809,0.442992,0.000416
01f45dada783117f5a6614899d1bff8519daac006555bd457e91a9ba02c399fa,nv,nv,0.998524,True,1,2e-06,9.4e-05,0.000574,0.000169,0.000566,0.998524,7.1e-05
01f651bae31c2b2eb4e03761bf389ba99ce67aec5c5d0989d399f1d42e53cc63,nv,nv,0.911562,True,1,0.004542,0.001355,0.079983,0.0005,0.002036,0.911562,2.2e-05
021eb6147928752075c6691cbbb471ccf9c053117c0f0f80a44bd0c61cd20e3e,nv,nv,0.912219,True,1,0.00359,0.024556,0.016793,0.001128,0.040691,0.912219,0.001024
0224d1b5eaac3e457f3130915643ed6a7a8596bce880136ae390c1a0565d0ea7,nv,mel,0.954169,False,1,6.4e-05,0.000899,0.000845,4.7e-05,0.954169,0.042665,0.001311
0240d756ced987e7ed6de9a71f4b3698cafe10611469b17c1e30d07ca87f1973,nv,nv,0.316323,True,1,0.160542,0.242898,0.091604,0.173543,0.000975,0.316323,0.014115
02413c86b04b2f33d0b34ac78c20cf60e1b73808371c04f838b03fa2f3cee1ed,mel,bcc,0.912153,False,1,0.000377,0.912153,0.000564,0.024445,0.01046,0.049967,0.002034
02444192dd87df253b96711a027f8a7c1e9db82249ccdbdbac2c9d2789093241,akiec,bkl,0.610728,False,1,0.015393,3.1e-05,0.610728,0.00255,0.004042,0.367016,0.000239
0252c1071e1720b0efbb7d0cffcb961533991d03549ee99c4f81cde9706e9ea6,nv,nv,0.992193,True,1,5e-06,1e-06,1.8e-05,5e-06,0.007381,0.992193,0.000398
0255dd7f80bb85f58fd459faba1f32951a1c54da64c37dc28476c9a137f59513,bkl,bkl,0.999413,True,1,0.000159,1e-06,0.999413,0.0,0.000363,6.4e-05,0.0
026179f0d55f5d3ea817f85cb4efca027408abf7321346dd332849513c0d72b2,mel,nv,0.840505,False,1,0.010528,0.000404,0.041763,0.017607,0.089165,0.840505,2.8e-05
02aecd331524256b8a679acee8abf79383e31fbe9bcbf98d05151c451969496a,nv,nv,0.66279,True,1,0.000147,0.000215,0.065223,0.00013,0.271364,0.66279,0.000132
02af6d1b76603d14f8125450a828c00df4192fb813b15945bafd4753d803c465,bkl,nv,0.95763,False,1,0.000497,0.001303,0.022655,0.015673,0.001586,0.95763,0.000655
02becb1f80bcc6ff4e9e81cc3da8b9912b4be3a53ad385ab5b665aa3bfda9752,mel,mel,0.951973,True,1,2e-06,0.000498,0.000115,0.000153,0.951973,0.047104,0.000155
02e54252a66af2b97045deba40ac6c63933b95a78c691177e95a8ee61987b43d,nv,nv,0.999403,True,1,1e-06,0.000145,4.2e-05,5.9e-05,0.000308,0.999403,4.3e-05
02f7800eea98c00e27e31b7a1f0dde7884c1b1c515b265501fa630c86e6bcb54,vasc,vasc,0.999334,True,1,0.0,1e-06,0.0,0.0,0.000559,0.000106,0.999334
02ff16702277f976abf229f36fae853d3ae1f91dbabb035f9c9a159323739b9f,nv,nv,0.999985,True,1,0.0,0.0,2e-06,9e-06,0.0,0.999985,4e-06
02ff5416865b814cb1dff48b162f655fa59f233c6514b97d6de7aa2d8562f086,nv,nv,0.999488,True,1,8.2e-05,2.2e-05,5.9e-05,1.7e-05,0.000167,0.999488,0.000165
032a6771249ce06754dc9d22b514349c65edef3d62760c7163bc8b42ff84b629,bcc,mel,0.814675,False,1,0.011515,0.023539,0.135235,0.001609,0.814675,0.012674,0.000754
032c545c56c3118854769c3610944dc959e43ae98c1524f49b319905ec44f9c8,nv,nv,0.99975,True,1,0.0,2.2e-05,0.0,4e-06,7e-06,0.99975,0.000217
034a8dedcdc1d1749df175f8216f9e161f022dee6ff4ffe99bee69dd1fe8f595,mel,nv,0.963153,False,1,2e-06,0.003314,7.2e-05,8.5e-05,0.033343,0.963153,3.1e-05
034d6e4dcca557e1fd3605d2e8ca9b558ee7b6b3379a61cc891cf159cee8430b,nv,nv,0.932206,True,1,0.000387,0.010182,0.003275,0.000462,0.053465,0.932206,2.2e-05
0369ce2346e509f8a9301e855fd228410530af15f772eaff0b1746580630041a,nv,nv,0.999995,True,1,0.0,0.0,0.0,0.0,3e-06,0.999995,2e-06
0369e4ed9741ab4e5ced54cf21eeeefb622c45021ffadf20c538d823b5b73d9d,bkl,nv,0.576715,False,1,3.3e-05,0.021608,0.345721,0.018826,0.031833,0.576715,0.005263
036e230f139eb86568978a882d2022b21d6c63c8c550532dcfd7fa36b58924a5,akiec,nv,0.44345,False,1,0.004345,0.11787,0.004776,0.405262,0.021509,0.44345,0.002788
038646199f8edc501f204f93065480ec4be4e4bfd029e6a45dc69fd5775dcf45,bkl,bcc,0.70689,False,1,0.002564,0.70689,0.021679,0.107496,0.001474,0.159382,0.000516
03b4c5c4052629850870de84cbb5a66ace9b064e32db1788d17ef17ce8be59c4,nv,nv,0.962734,True,1,0.000167,0.01925,3.2e-05,0.000184,0.017441,0.962734,0.000193
03c262d8d0b7b3ae83d9bf5942285f4e978ad44297e212c06eed0ccd03d0be32,bkl,mel,0.592021,False,1,0.026592,0.005962,0.129545,0.108003,0.592021,0.133594,0.004283
0434ef665a538bedcdede8eb3d22be55b73cd99a32545b18025d8ea1f60bdec8,nv,nv,0.89833,True,1,0.000551,0.066598,0.000787,0.018951,0.014161,0.89833,0.000622
043c7e0d756b6b2213453e727b0ced76041f0465c6ff18f6b704c0d09f6a079f,nv,nv,0.858071,True,1,0.000178,0.000508,0.062767,0.000907,0.077294,0.858071,0.000274
044138b4d96f0e0236d4778dc6ac8f1caf69b91ab96d65012943e3f0c26c55d5,nv,nv,0.855347,True,1,0.00823,0.012445,0.081632,0.03904,0.002757,0.855347,0.000549
0457a4500dbc47ef0777288fdbb998fca1f532f1ecf88aa7bb1dfbb6604eacb9,bcc,bcc,0.321799,True,1,0.000344,0.321799,0.295743,0.001493,0.100452,0.278339,0.00183
045a932a379e8c80f55008a326050affa2502fc7e7df9a1b5bddf9f28ce925f4,bcc,bcc,0.938673,True,1,0.002488,0.938673,0.000522,0.001183,0.001114,0.055153,0.000865
04894a4f178bd1b35c500521c59fa8608a496a959ad4c53396a1c357684550ed,nv,nv,0.60171,True,1,5.4e-05,0.0,0.000247,6.8e-05,0.397035,0.60171,0.000886
04b62a0305cdb18690652206178d1723f52499feba7fe6e0d99e5ccf8343eae8,bcc,bkl,0.912818,False,1,0.001556,0.015542,0.912818,0.00552,0.00378,0.060414,0.000371
04b7f04931842e93e4f168f1a3686c42f9499d65ed12c8043ca8acd734f4efd4,nv,nv,0.99563,True,1,1.4e-05,0.000123,0.000507,3.8e-05,0.003669,0.99563,1.9e-05
04e791ba5c6ffda7543634f7c5bdc195b1e8baa7bc9310f097981d784a3c20f9,nv,nv,0.998266,True,1,3.2e-05,3e-06,5.5e-05,0.000127,0.001487,0.998266,3.1e-05
04e8ec3edcc75b9d8be2cf6b49d58fb5ec37905131c5d7459af2ff21a05c3f93,nv,nv,0.984577,True,1,6.9e-05,6e-06,0.004837,2.2e-05,0.010486,0.984577,3e-06
050918840001037765058a5c6a38f886847624851bbe31ba1655b3fb7f253888,nv,nv,0.999893,True,1,0.0,0.0,1e-06,2e-06,2.6e-05,0.999893,7.8e-05
051ed9e8aa9ae38527061def01a7ca2961ad76d8b79f5339cfccf80bd8b4f11a,nv,nv,0.981153,True,1,2e-06,1.9e-05,0.00078,0.000728,0.017317,0.981153,1e-06
0529a11c71e8b4aa1aefbb38e5ea4478f0b5b62e56cc3f0544c3535973206e38,nv,nv,0.996203,True,1,0.0,1.2e-05,0.000125,5.6e-05,0.00321,0.996203,0.000394
054573e5de01f49222c99ac3c5a2fe9e55dc32ae65b125d3cf50fff185d7101d,nv,nv,0.914762,True,1,0.000144,0.000459,0.001561,7.6e-05,0.082974,0.914762,2.4e-05
054b2524a02ffab4b8c4b75230c537a4b1ecc8371368b0f5cefd8da65d8ca84a,nv,bkl,0.964654,False,1,0.002155,0.001086,0.964654,5.9e-05,0.014647,0.017376,2.3e-05
0557ad2f773e4411dfeeab0cb981d7cd86a3059e5e80b1312fa1e3b9511f5efd,mel,mel,0.99893,True,1,0.0,2e-06,0.000203,1e-06,0.99893,0.000674,0.00019
05680c461e59c3284cfa21fbbdd0e949cdc6893108c45d66c85b8a8fba9f9da0,bkl,nv,0.922376,False,1,6e-06,0.070438,0.000649,6e-05,0.0064,0.922376,7.2e-05
05f68789f4680388e9e9a66b5050ce01c6406a636155211d898cf3c37680294c,bcc,mel,0.509596,False,1,0.004181,0.075561,0.032779,0.060856,0.509596,0.295855,0.021174
05fea8761f96dc6f4b4c025abc8d8639ebdcedab5f0a0cbff3d089269bcce2a8,mel,nv,0.831801,False,1,0.006408,0.000802,0.111539,0.001104,0.047825,0.831801,0.000521
0680da1b277e43ae34290694e76da5831a81eecc6d7c8248f3587ff2318f89a5,bkl,nv,0.811937,False,1,0.003374,0.005614,0.177771,0.000321,0.000928,0.811937,5.4e-05
068af33177e51a90799955cd250dd433f27c33fa0b146d587ef0e386ea06a167,bkl,nv,0.749291,False,1,0.001128,0.133632,0.108652,0.000849,0.006395,0.749291,5.2e-05
06975c17acb18cd1ee91abf6dcc95c21b36ad8c2b9f49427dd9f74f278234013,mel,mel,0.919497,True,1,0.000603,0.000195,0.051527,1.3e-05,0.919497,0.028157,8e-06
06b3ed3ca26c02e4414551f58b2fb88b43f7b03ebcb0a5cc6066ac54b9ea0d5b,mel,nv,0.622579,False,1,0.000256,0.000738,0.067005,0.0004,0.308477,0.622579,0.000545
06c6bcea4d38df1d118552a76d9c307ff695885be2c7b51930b403480c7c56e7,mel,bcc,0.468226,False,1,5.1e-05,0.468226,0.004434,0.001642,0.223175,0.299541,0.002931
06f5152b8d7eaef3e9f199d08e406715f468f26bbd7ce5f68e82614f057d04ba,mel,akiec,0.387886,False,1,0.387886,0.007694,0.218573,0.048114,0.077373,0.258929,0.001431
06fe3a8254f4d885a4ddfa413bc24e1eb647647e3e21421c18593d2f6edd65a6,nv,akiec,0.684591,False,1,0.684591,0.036244,0.011689,0.004259,0.006876,0.255925,0.000416
071bce54bdc9ad089c0a20331fbf2bbf482c092afa6ff23f95ece5876958bb1d,mel,mel,0.70398,True,1,0.000275,0.00468,0.001634,0.013204,0.70398,0.275256,0.000972
0721d937dd273d201138e4744cf133f10d8b9e7bfaed17bda9063a048be9e05b,nv,nv,0.988586,True,1,1e-05,0.000519,0.000122,0.000149,0.010599,0.988586,1.5e-05
07287b796b2045ecc19295b06d522441f7a68577ebe379ad5e4ecc583146b16c,nv,nv,0.85988,True,1,0.00326,0.001094,0.096194,0.000561,0.038856,0.85988,0.000154
0790db2fe49465a345f001c513ec7064f2557c896ed6c4e6fcc75158ba634a3e,nv,nv,0.496856,True,1,0.002757,0.000527,0.26921,0.000667,0.229494,0.496856,0.000488
07a575162a877af158a8f605e0c0c90e6fe96022c9f01d4312967742083f6db4,nv,nv,0.990386,True,1,5.4e-05,0.000138,0.006534,0.001285,0.001577,0.990386,2.7e-05
07c3fefd21e1422d7dc4cf21f643174e4f600a02fd95fb5b403abb95acedfe83,mel,nv,0.762447,False,1,3e-06,0.000282,1.3e-05,6.9e-05,0.237098,0.762447,8.8e-05
07dfa3a2ebde1e41c2233fb84e43b3c5a397384c727ce4fce322479a5f540928,bcc,bkl,0.713025,False,1,0.00042,0.006013,0.713025,0.000884,0.007443,0.271648,0.000567
07f1bc07a9c06298c4499de2334a0ac936138300b65b59fac131e3f301eeee6e,nv,mel,0.928358,False,1,4e-06,0.000423,2.7e-05,0.000829,0.928358,0.070134,0.000226
07f210f74acc0a685e2c9e68c6bbe4eefc37e5c58cd70665a4de4ce8d3668862,nv,nv,0.921455,True,1,0.00014,0.010599,0.000381,0.001864,0.065371,0.921455,0.00019
07fa9778f1193d0d661ab3bbe16733d6b53f1865a5af52cb175c91e3fa8d2ada,bcc,bcc,0.521856,True,1,0.000207,0.521856,0.007604,0.000132,0.000767,0.469357,7.7e-05
0832dcbd7bd4e4adfadadccb633848a4b95c38b5b7afaaa6eef0e2ed7d155707,nv,nv,0.969918,True,1,0.0,1.2e-05,0.010726,8.9e-05,0.019248,0.969918,6e-06
083d9e705fed8f5a0688b58c93822c48d30f4dbfa10622dd775d9089fadc1684,mel,nv,0.754247,False,1,0.000471,0.002976,0.012119,0.138828,0.090951,0.754247,0.000408
083eff03a9d318e4eded8653a91013e2df9d645b597b18d350dc7062f70c089d,nv,nv,0.987615,True,1,0.0,1.2e-05,1e-06,4e-06,0.012354,0.987615,1.5e-05
083f30d30be97adaaf5e50265f3335dc9d805f44077551274a36ab27f7359fb2,bcc,bkl,0.364058,False,1,0.3303,0.237792,0.364058,0.007053,0.001222,0.057287,0.002288
086545351e91a0b4b58b5db6ba333eaff7e11e8fb3d488797f79cccf4477d112,nv,nv,0.997834,True,1,1.8e-05,0.000249,0.000649,0.000267,0.000976,0.997834,7e-06
08919a4b174b2a7aba16563a91bdf5e25d164d9dafb013be7492705d4c307b6a,nv,nv,0.958231,True,1,0.000252,0.000836,0.039173,5.9e-05,2e-06,0.958231,0.001448
089a22762d3cc139ed2e48d3d6ea5a4640dd4ae1f8eaa983d48389c6ecb04ec3,nv,mel,0.83807,False,1,6e-06,7.9e-05,3e-06,8e-05,0.83807,0.161742,2e-05
08b9d6b560903d340da1737dbdf84e2cf03a53554d3a9d15c840db66e0a72f8e,nv,nv,0.99981,True,1,1.6e-05,1.3e-05,8.4e-05,4e-05,3.2e-05,0.99981,4e-06
08dd09bee4877be7a463f01ee0934d1d4e523c1894faa2bf90326479d36fef99,bcc,bcc,0.647837,True,1,0.001957,0.647837,0.005071,0.001105,0.000508,0.342688,0.000835
08e9464d906814fe349f729be79708d04308b4e5bc714be278685d80f34aef73,mel,nv,0.814657,False,1,0.014012,0.062385,0.065399,0.002656,0.03488,0.814657,0.00601
08ed3f9fb970b743d771a20ba2b78aeb824962b61d17bb47363edf12fa6a01a6,nv,nv,0.999904,True,1,4e-06,7e-06,4.7e-05,3e-06,7e-06,0.999904,2.9e-05
09037c690cc0a5e4013b326fd0f93c9606cd6524f9725387615534cf97ee0b06,mel,mel,0.963283,True,1,6.3e-05,0.001947,0.006854,0.002985,0.963283,0.016056,0.008813
092bd3f1aac43fe3484611192da832d43331078f143281ab4a7d2e59cbc57333,bcc,bcc,0.992135,True,1,0.000113,0.992135,2e-05,0.002657,8e-06,0.005047,2e-05
0932d7084c6c99f4a3af4d9525f101bb72074152cb5a8a226a4bf428a21781e2,nv,nv,0.980664,True,1,0.00015,1.2e-05,0.000317,9.1e-05,0.018222,0.980664,0.000545
094d96629b0db96cff9679a219a3e115b26d0ebf0904afa31a02998220d35a0e,nv,nv,0.997308,True,1,0.0,0.000106,2.5e-05,2.3e-05,0.002531,0.997308,6e-06
0969ff8f60a4c7297ad1b76e5a451cb4ed6ac817fd376e893a00f44a4ace4441,bcc,nv,0.636382,False,1,0.00688,0.022948,0.296951,0.029792,0.004269,0.636382,0.002778
098ee286831a47ed39cb213489e06c8816a93b4e5f41d3ec7057e3a35e47d3b7,bkl,vasc,0.381881,False,1,0.01783,0.144338,0.049068,0.009135,0.05074,0.347009,0.381881
09c6ebc30f68fa5dcdcbf840a5c3a04384363c3b576fe24be8bc6c5d17ed9e67,mel,mel,0.98622,True,1,2.7e-05,2e-06,1.8e-05,5.3e-05,0.98622,0.013267,0.000413
09ca255329c1777763133e645ea28d9dde3633edaf2370ffa1325d8699c359e3,bkl,nv,0.384114,False,1,0.372832,0.003815,0.04778,0.01634,0.173655,0.384114,0.001463
09e200fb2be79f700bae80454e2c78b2948a35f40c615f5f55403a20893a86c2,nv,nv,0.932299,True,1,3e-06,4.4e-05,0.003381,0.00369,0.027521,0.932299,0.033062
09f151f8f4c884548e8d10eb3a9c5a00d23769ff78e815baff639b83f7cf1847,nv,nv,0.996867,True,1,1.8e-05,0.00059,0.001811,0.000175,0.000538,0.996867,1e-06
09f40b2cd2454f20184bb11ce7d48d376cddccb36ca2836aee115a444150c3c0,nv,nv,0.570862,True,1,0.065165,0.00164,0.326355,0.017101,0.018723,0.570862,0.000155
09fd8b094e44fa3e7a84ffc8c0044cdbe897d5beb9d0c853fff4c29b97f097ec,bkl,nv,0.846474,False,1,7e-05,0.091395,0.002679,0.000141,0.058939,0.846474,0.000302
0a03ef3a315752324c36025bf66737aeae5ab76496b9ba61488d7b1f06427430,bkl,bkl,0.724533,True,1,0.004583,1.8e-05,0.724533,6.1e-05,0.000982,0.26829,0.001533
0a0d9017d4f3c9dbdd5f35bd470f1643386cf8471b905b970aee1aa98ef80275,bcc,bcc,0.943686,True,1,0.000563,0.943686,0.001715,0.0014,0.000537,0.052043,5.6e-05
0a27dd1d8f66f8cbe61abda7f773ae9e493d336b8249757c521fff99e026abfb,nv,mel,0.994182,False,1,1e-06,0.000106,2e-06,2.1e-05,0.994182,0.005419,0.000269
0a3f2d28b4bc68e156c1c3acea5a311817b6785c71b5fc3e6d2b58286f779cda,nv,nv,0.999972,True,1,0.0,1e-06,0.0,0.0,1.9e-05,0.999972,7e-06
0a480108dd87300ff0ebceebc64845a7b58add641eb177b99d22db7e8013a691,mel,nv,0.90631,False,1,0.000257,0.009256,0.033135,0.000115,0.050255,0.90631,0.000672
0a5309bd9e0c6b27fda73245db6c6c35b2729331837903917f3a155a2a50c841,nv,nv,0.999703,True,1,1e-06,0.0,1e-06,1.5e-05,0.000252,0.999703,2.8e-05
0a67c7a443db69388e5b9badcc69f13f484347fd4d3b3f51a89a4269bedd76ff,mel,bcc,0.765851,False,1,0.003345,0.765851,0.020782,0.034267,0.109182,0.066298,0.000275
0abc879322e6c33b39a116df5352790b59921e3f24893dd38bd69d028b4bd553,df,df,0.992294,True,1,0.000185,0.002902,0.000242,0.992294,3e-05,0.004333,1.5e-05
0af09def2d2b9406d6ee1b3a67a6b85e83208a925ed10d5f65ac48303e954cc7,nv,df,0.997426,False,1,0.0,0.0,1e-06,0.997426,5e-06,0.002567,0.0
0afa0816831ac0b78f3ed20b8d54c1b7190ab7af4ace2804db16d4edeeba3b31,nv,nv,0.999996,True,1,0.0,0.0,2e-06,0.0,1e-06,0.999996,0.0
0b08767ac138c1b5e8f2602b16158239153fdcfeca2a2fa147a3c2d811492d5f,nv,nv,0.654478,True,1,0.002517,0.000111,0.240617,6.6e-05,0.101946,0.654478,0.000264
0b1167733a4dbd50c6dc340482de6b5158fb9e0de41906c3139ebcca5fdcf315,bkl,bkl,0.939374,True,1,0.007343,0.000484,0.939374,0.003257,0.002113,0.047045,0.000384
0b1cc73a086e184121a9fb6d4493f2cd9ef2f0758e2b67dd085bbc187b43ce5a,nv,nv,0.952411,True,1,0.000172,0.018339,0.020113,0.001958,0.006849,0.952411,0.000158
0b576aa079788cceb7113548048f2770f03fa1f4c6f8ef551416b826cf38b9e8,nv,nv,0.671986,True,1,0.003925,0.045566,0.201063,0.004202,0.071168,0.671986,0.002091
0b5d0033364ab9b8c91c52c8bcebecd07aa00ac6255ee7f6c685adebf14d7257,mel,mel,0.81301,True,1,0.000231,0.000756,0.000122,0.000837,0.81301,0.002917,0.182126
0b7aad2160cb8eca28d2cb9cb4bc9c8a46ff151c28dbcdb013d1e7d8af9cfc8f,mel,mel,0.990939,True,1,1e-06,0.0,1e-06,5e-06,0.990939,0.009044,1.1e-05
0b910e9f4036c810064d99a4fd94c892cb68081dafc200efb43545feca72d2b3,bcc,bcc,0.770443,True,1,0.139243,0.770443,0.078351,0.000661,0.000841,0.010366,9.4e-05
0bb634615aa04444291da7946fa56299617a1e63ffa1bafd20fa74ed143c93de,mel,nv,0.608593,False,1,0.000996,0.00429,0.283266,0.002793,0.09744,0.608593,0.002621
0bbb232d1dc497154b9eef0cc48b92570fcf174a5cd42d5f465c493625466965,mel,nv,0.987449,False,1,1e-05,0.003631,9e-06,0.000363,0.008528,0.987449,1e-05
0bce831427587002ac875f74cd55494ab5e2f490467df804e9a8f4b79e3f4256,bkl,bkl,0.976768,True,1,0.000298,0.004438,0.976768,0.001477,0.001162,0.015471,0.000385
0bd101064ffa4c8f3edb85ea6ca1734678eec772b5a28c697de5f1baa0b63451,mel,mel,0.703667,True,1,1.4e-05,0.000291,0.000185,0.001163,0.703667,0.294549,0.00013
0be95c357b9a07bd604e25673dddf9fd8ff8009c21280532ba4694642a0e8cff,bkl,nv,0.773515,False,1,2.5e-05,0.000776,0.012305,0.000103,0.211669,0.773515,0.001607
0bf7e7dd2d9c7065df556c2e89fb51e4d4b0b1632888b042d403c5383a0494f5,nv,nv,0.992557,True,1,0.0,0.0,1e-06,1.5e-05,0.007424,0.992557,2e-06
0bfb453cf009b3795433d51cdc3d4138b9dcc114e62c9aa87657681c1b501aa8,nv,nv,0.46847,True,1,0.023785,0.304768,0.104265,0.024331,0.054682,0.46847,0.0197
0c0edbbe1d0004d20a6138ec437dda9fc01caa8521b71d2192306092df470aa3,nv,nv,0.99998,True,1,2e-06,8e-06,3e-06,1e-06,0.0,0.99998,5e-06
0c23d1b2feb8493606ec51239d48f91bc67f72308213d02570313048dc49c344,bkl,bkl,0.971986,True,1,0.000843,0.000153,0.971986,0.000608,0.012652,0.013679,7.9e-05
0c33c145523b6f7c2f4cf1d15cd3e44b716c571cc91260fa59f4ce942622375e,nv,nv,0.981718,True,1,0.013474,2.6e-05,0.000389,0.002575,0.001813,0.981718,5e-06
0c340f12c3d00eef8174cdb5d7f666a161fad3f496626b651f4a5aeffdb5f6ee,nv,nv,0.780411,True,1,0.032309,5.3e-05,0.05421,0.001082,0.131697,0.780411,0.000238
0c4d0bcd071d075d83f4a491f24af5e586893af075f677f7adad8ff8a4fbae38,mel,nv,0.99521,False,1,0.000274,0.002184,0.000482,0.000684,0.001113,0.99521,5.3e-05
0c5058c99e988ec3cc3c485d38eafe240faff861b53168073cec99a5e1d72e49,bcc,bcc,0.988162,True,1,0.00021,0.988162,0.000687,0.00036,8.5e-05,0.010372,0.000124
0c52cb9d0b31f834fe3c7a909196763d366efdf12cdf5eb02a4e456b562beddc,nv,nv,0.969671,True,1,0.000227,6e-06,0.020054,3.8e-05,0.009965,0.969671,3.9e-05
0c63f95f4f05dcb09dabe2abf6c85f49e74a8b65b5962c4afb84c5662f1cf8cf,mel,nv,0.998522,False,1,0.000186,0.000152,0.000571,0.000133,0.000179,0.998522,0.000257
0c64c4dd353c6fee0312527cdfca54b666a5a5592575b9e983c8e9a136055431,nv,mel,0.878061,False,1,0.002694,5e-05,0.000679,0.000324,0.878061,0.117617,0.000575
0c7af0b5e4b987a147dffbefe73b90ff150bb7c49e33e5876edfde80c884f72d,nv,nv,0.872844,True,1,0.000451,0.000169,0.007346,0.000305,0.118741,0.872844,0.000144
0cd1974c6cd6d84e970fdc9caa354246540feca37bd29ae208d60927fb93b003,nv,nv,0.505648,True,1,3.7e-05,0.000283,0.003889,0.000893,0.489238,0.505648,1.2e-05
0cd293d437778513ed857e9c94f13ac223f70b273ad9525b0c8824df4cd4888d,mel,mel,0.853065,True,1,0.001512,7.7e-05,0.00172,0.074982,0.853065,0.068379,0.000265
0cd5db716b39d3d22d1f501286010ac24db52c32d9d409c3f8180a2149a1a23e,bcc,bcc,0.477625,True,1,0.010451,0.477625,0.033202,0.081074,0.201282,0.177605,0.01876
0cd797d876bb70ec0f90e2dca43401a07c81fc73e205525041774560a5bae62c,bkl,bkl,0.644962,True,1,0.000129,0.007819,0.644962,0.000194,0.001527,0.345283,8.6e-05
0cf7c515c87608d973a5b53282dfddb8594cebefc027f5dc6c46e5f318f339e5,nv,nv,0.978333,True,1,1.3e-05,0.000457,0.000191,5.4e-05,0.020936,0.978333,1.5e-05
0cfa1d346ba0b7718edb41e42b7f74a5a09c84ef8823a968863dbdd0c7cd6ac1,nv,nv,0.999984,True,1,0.0,0.0,1e-06,0.0,6e-06,0.999984,9e-06
0d14e39d9772b6cd2d3e090cba9161eec606d8fcb0c6d5205400b2d544891d7f,nv,nv,0.530602,True,1,0.001554,0.234894,0.009804,0.005043,0.216922,0.530602,0.001181
0d62aad60be30b64d3017dd1c80faf70a4a10f5ad4aeb53f28fee432a48f7341,nv,nv,0.983835,True,1,7.3e-05,0.002408,0.004893,0.000458,0.00827,0.983835,6.3e-05
0d650430e7a4ffa8c7554043234b444ed1290ef58142ec70986dcef98123ddcd,mel,nv,0.555273,False,1,0.000469,0.129323,0.006056,0.000516,0.299245,0.555273,0.009117
0d721b9d2d9d0aa5a30f92eeff8ec9a80008c793bb5417dff327692e4ef9b32d,bkl,bkl,0.758352,True,1,0.008707,0.001055,0.758352,0.003637,0.022379,0.205752,0.000119
0d7e0ccb4a1b324a74cabd8e37866b731484f0dfa290a6d087a2a4cf4e4e003b,nv,nv,0.993274,True,1,1.4e-05,1e-05,0.000262,3.1e-05,0.006403,0.993274,6e-06
0d7f5fa15a06f8b50af6ead9a045b1d2599579ea02e34d8754bbaf78c73ad28c,nv,nv,0.962061,True,1,0.000281,3e-06,0.037214,0.000168,9.8e-05,0.962061,0.000173
0daeb8ae73a7c0c2335d2163b8e456af2cfb806b931bd897b98a71a56ba99c0e,mel,mel,0.929653,True,1,0.016069,2.5e-05,0.000137,0.00141,0.929653,0.048382,0.004324
0dbde913cd7bfcff6da2ab45f85d83284799cc1ab23d85e04633fc68e35a5fa7,vasc,vasc,0.99998,True,1,0.0,0.0,0.0,0.0,4e-06,1.6e-05,0.99998
0e1d4681365c99bdfe9be8c110f73d9d2eb5bc3fb168cec7a1804968ee25384e,bkl,bkl,0.901041,True,1,0.001246,0.0057,0.901041,0.016235,0.034588,0.039046,0.002144
0e3d03e1a8ce3f8149ef8c255009a4aa8c811a434ea4f18a1bb4f2fd170b32e0,nv,mel,0.977969,False,1,3e-06,4e-06,0.000262,2.6e-05,0.977969,0.021579,0.000158
0e4a59c2b977d90a0f25dd50a050f2cda15d3353c57f23495f82ba945a48ace2,mel,nv,0.998867,False,1,6e-06,3e-06,0.0008,2.6e-05,0.000274,0.998867,2.4e-05
0e655e3cac6f7051ceb87845eb2b1e1b59df296b33e2dee03f20de8ad29df18c,nv,nv,0.863975,True,1,0.001168,3.8e-05,0.000686,0.000411,0.132909,0.863975,0.000813
0e69830f3fa258cbd8d2e6fd56aa3660edabf4a28b4088b2f5a5486a0a2b3ec9,nv,nv,0.943102,True,1,6.6e-05,0.000324,0.053884,8.9e-05,0.002509,0.943102,2.7e-05
0e745b436419611da87ae8a8601056998429e6923c0004afa802d7f71894c73e,nv,mel,0.54473,False,1,5.2e-05,0.00391,0.001494,0.000448,0.54473,0.449143,0.000222
0ea0f4e372f8daf71c1df6471535dbdf85a92951f4ac344ce483d8a92f600a13,mel,nv,0.918803,False,1,0.005763,0.002636,0.056973,0.010011,0.005786,0.918803,2.9e-05
0ea2984ccc28b0c3f210c221af11373c77bbc6ef157a366e18c1cf28a61cc2de,mel,nv,0.490018,False,1,0.000869,0.001508,0.003026,0.002482,0.446585,0.490018,0.055512
0eb8f8c1075b665419aae51825bd8e2c34a15fc23cc743632ba089f24b12f62a,bcc,bcc,0.990528,True,1,0.008311,0.990528,0.000526,8.7e-05,0.00019,0.000354,5e-06
0f2d92728b42b783239dd28e7919d77e1dfefbe883703f1e9e5faacce82bfd23,nv,nv,0.747139,True,1,0.026898,0.010616,0.058774,0.106501,0.045025,0.747139,0.005047
0f8757a3d1d39daa3f622b347290253afdaede131fd2d1357fa21555fd818ba4,bcc,akiec,0.477476,False,1,0.477476,0.13458,0.201375,0.057924,0.06746,0.057654,0.003531
0fa767fb022dd2ced68911b3d45aa783b836e7b314322b7e38de992c546218bc,nv,nv,0.929626,True,1,0.000164,0.033504,0.000424,0.000719,0.035227,0.929626,0.000336
0facd1e5d5e4aa1bf5f3109561b85d7233476dfb006cea4075d335863bb1769d,nv,nv,0.999999,True,1,0.0,0.0,0.0,0.0,0.0,0.999999,0.0
0face4e5854bfdb4b59ef703751659da9d6c418c8395f0972724ff7524ada25f,nv,nv,0.999939,True,1,0.0,0.0,0.0,1e-05,1e-06,0.999939,5e-05
0fd69a3f87afec5bb8d66acd745406620aaa5f7477783746fe67f8d0b1ce824b,akiec,bkl,0.631645,False,1,0.330549,0.000238,0.631645,0.000272,0.029917,0.007347,3.2e-05
0fe2456ccf54d98ddf24d063bcea8e875b10d99b9db4c8a41952f99da484becf,nv,nv,0.935647,True,1,8.1e-05,0.001609,0.058828,0.000178,0.003614,0.935647,4.4e-05
0fef8c88bc10808cf0ea632ffbcbb28a570f1ebd3da975d26a10b6e13b49a53e,mel,mel,0.777571,True,1,0.098701,0.000444,0.016227,0.000987,0.777571,0.105683,0.000387
0ffe4ee3c1e1c3e81fc03810b213a0dca5cc11f9b778a0d0ffb70920aad1d695,nv,nv,0.999864,True,1,1e-06,1e-06,0.000109,7e-06,3e-06,0.999864,1.4e-05
0fff41554ba1ba9db333d23280061a52f9ad4d0c4f81243c8c21679fe882b12d,mel,mel,0.835452,True,1,0.014366,0.001083,0.004217,0.000617,0.835452,0.140287,0.003977
1030124424f46fba0ee357b8d3b69d3d7ba094c32684936841d4353af1dbb6d0,nv,nv,0.956325,True,1,1.1e-05,4.8e-05,0.033529,0.00021,0.009863,0.956325,1.5e-05
103f51ccb39c9f05373ee22b22d34b328ea0414d2bc914d7f4592de45605ede7,bkl,bkl,0.831486,True,1,0.035023,0.00324,0.831486,0.005908,0.02221,0.101264,0.000869
105a64479424c5fc1fbb759e64800b3f16fc6c64412c122af03fd2aae3d08f23,mel,nv,0.779931,False,1,0.014733,0.031217,0.167166,0.004594,0.001257,0.779931,0.001101
1070ed7382b27dc14f8ff023605adfbf091f4a3817530b612c4bc3598047cfc3,bkl,df,0.499008,False,1,0.280866,0.061152,0.036383,0.499008,0.000715,0.121323,0.000553
108242cd3526d0b426ef1a6b0dd552afd43be208f0b416c146f8678c09fbd88d,nv,nv,0.999725,True,1,0.0,0.0,0.0,0.0,0.000273,0.999725,2e-06
109ae22a7a29f59a29085057738ec57b56d5cb9a5acf48cec3bee41fd8be933d,mel,akiec,0.486306,False,1,0.486306,0.016696,0.020744,0.314328,0.092094,0.068393,0.00144
10b5cc4a71ed2b02840706b0fa9a2ec33d71a21ef71add103262d1ab4921f811,nv,nv,0.58495,True,1,0.001205,0.144049,0.203416,0.062571,0.003297,0.58495,0.000512
10bcf712e91b8691225c39b5ff97da0c9e7740d77da81b76cb7f987b09872a77,mel,mel,0.448442,True,1,0.351653,0.003204,0.02038,0.00083,0.448442,0.174367,0.001124
10d4d499eb94157e4b2142391ce5be6035f56a9eaf6ef635bb84ab2af8e6a375,nv,nv,0.99759,True,1,0.0,6e-06,0.000289,0.00046,0.001649,0.99759,6e-06
10dd582c7d5f563bf40197b39684f52a9612f72eaa07fc78df7dc4fc6003a540,nv,nv,0.659324,True,1,7.7e-05,0.245705,7e-06,0.000616,0.083505,0.659324,0.010767
10f150c28c5fbd5189ffb6a6836ec055ed1af1f3b120f4ea80a1574efef353d1,bkl,nv,0.453927,False,1,0.011458,0.002513,0.286143,0.217917,0.027898,0.453927,0.000144
10f3bd7ab29f6470019c38a7c01c19a4b0f2015ebf13d48fc975225035820482,mel,nv,0.713039,False,1,7.8e-05,0.004303,0.000118,0.001005,0.280819,0.713039,0.000638
110289c5770890143fd13e2f96e8f2483645684f57c14e04f3a62eb06794a5b2,nv,nv,0.995773,True,1,8e-06,0.000611,0.002192,0.000917,0.000491,0.995773,8e-06
1159a749c28edecb5008489d7043e7bc83476ccc347f33f287a3bb50e1cc6759,nv,nv,0.871348,True,1,0.000275,6e-06,0.000558,4.2e-05,0.127055,0.871348,0.000716
116e23fc79bb6986e21e38bb3a6928e7d3f527cfc18c1bbc805e6a48222aa1e5,nv,nv,0.991861,True,1,3e-06,4.5e-05,2.2e-05,1.6e-05,0.008041,0.991861,1.2e-05
117c3f0e9ae1c7964cb92dd97a6b2a4d6956c15242c164f01a12f8c63032f1f5,nv,nv,0.976209,True,1,0.000329,0.007998,0.006093,0.000369,0.008957,0.976209,4.7e-05
11aaab0a0176dc4bb8aca7e8f31dbd3b40b8e46b5e7e03919a29ca7deda5d485,akiec,bcc,0.484897,False,1,0.095036,0.484897,0.227229,0.057892,0.001271,0.131293,0.002382
11ad2ed8b64dc2219e993fc6b95028e8ea77bd776d20976660b14a108367b713,bcc,bcc,0.923738,True,1,5.8e-05,0.923738,0.004791,5.9e-05,3.5e-05,0.070563,0.000757
11be8992bb61487d5122d5373a3ef9bbc2831097b60ad2c10e49a8cab0ce0383,bcc,bcc,0.629496,True,1,0.170217,0.629496,0.035597,0.094549,0.000357,0.06934,0.000444
11dd49c228c3645b1e2fdca1c7cc02b7771e70aed2990faf26deab2e487a8ecd,mel,mel,0.846835,True,1,2.7e-05,2e-06,3.4e-05,9e-06,0.846835,0.152789,0.000303
11f01740ad42ac191af0cd2820c39f172065e214163afc0755c7128c5c8a0f8b,nv,nv,0.923565,True,1,0.000113,0.074802,0.001027,9.7e-05,0.00037,0.923565,2.5e-05
121caf428e18dfaae744ffb7c84f300c649faae09c9322242e3152c330c329a2,mel,mel,0.939457,True,1,0.002445,8.3e-05,0.032432,7e-06,0.939457,0.025522,5.4e-05
12358e5669f1a71074c1fb73f8c23774ad18abbf30ec62f0399eeba593e849ed,nv,nv,0.998647,True,1,1.2e-05,1e-06,8e-06,8e-06,0.001308,0.998647,1.5e-05
1236f8f5e0c0a3daa708cc9ea582a96163796d664535fa168288571620da34a0,bkl,akiec,0.67924,False,1,0.67924,0.120125,0.050952,0.045788,0.015058,0.087118,0.00172
1246d5e02d79fb267bf03280b99a4670c1ecb0437d6e99cc0b14010b893f3ffa,nv,nv,0.999657,True,1,1e-06,3e-05,5e-06,0.000223,7.4e-05,0.999657,1e-05
124955584c6ed42483282c37a0554d9e8750fdf67c53e98c5c0f5af3b4799a1a,nv,nv,0.999131,True,1,0.0,3.9e-05,1e-05,1.2e-05,0.000805,0.999131,3e-06
126b9edb1dc0a09bd3305aec6ad45bc499c8496fdb10298b2250c1b6e62f2dc4,mel,vasc,0.9508,False,1,1e-05,0.000148,4.3e-05,7e-06,0.045529,0.003463,0.9508
126c09b7fb9ab185cbc2ae85a3331b1083c3b069d8ece60e9a64b1b912ffef35,bkl,bkl,0.883246,True,1,6e-05,5e-06,0.883246,0.0,0.000408,0.116277,4e-06
1271113d3819e6de0299f315bcb11c9460c7f5e8b02c458ac6c0dfec5aef45f9,mel,bkl,0.454017,False,1,0.006396,0.002636,0.454017,0.00553,0.341604,0.189384,0.000433
129f131c7bb57330eb77f9a3aa2267436576bb6a38d7506f47b9fa93eaee0133,mel,nv,0.969964,False,1,0.003383,0.001012,0.007781,0.010162,0.006177,0.969964,0.001523
12a00ebd0f40d67a7c66c4e5dc8a361ab37a2c573d5b35f9ae628c3a47fadead,bkl,nv,0.542571,False,1,0.001266,0.132768,0.280748,0.001282,0.001069,0.542571,0.040296
12a0785033eaf3ec5a549a69bee903875a4e23664e7629758710e1660a5c2615,nv,nv,0.999465,True,1,0.0,3e-06,0.0,1e-06,1e-06,0.999465,0.00053
12c0acdba2aa250a65895f3eb58f32367c649da776f6cd1c18e720e526e15707,nv,nv,0.925837,True,1,0.000172,0.000219,0.004539,0.000297,0.068913,0.925837,2.2e-05
12c7a9c9ad882861105c4cb37211bca6cde3fc0689618a03579e1d1a3cb86569,nv,nv,0.968199,True,1,8e-06,3.4e-05,0.0007,0.030615,0.000436,0.968199,9e-06
12d83105a14faa64359090d653c5848c9e5ee0a546b2bd0a8c16580fa2608d78,nv,nv,0.99856,True,1,2e-05,0.0,2e-06,0.0,0.001406,0.99856,1.1e-05
12d86001a3e44164f037f8da6aa4e5e2ee72d36aec46c86a5cfc97b36ecfdcd2,nv,mel,0.522872,False,1,2.4e-05,0.000611,0.017524,0.006045,0.522872,0.452139,0.000785
12e1bb92bb0c28224e28d440dfe48526ee83237816457fafa794b82bfe98ea87,bcc,nv,0.549677,False,1,0.005271,0.288088,0.121142,0.027707,0.000877,0.549677,0.007238
12ebd34ae1e4e2141852d66bb6bc8adca8cc0dc9ebf89818c187cc81ca7a6e6f,nv,nv,0.999999,True,1,0.0,0.0,1e-06,0.0,0.0,0.999999,0.0
13057629c3ecb0b3899d2845232a62bcece48fe23bb1fe442c343759b36dc820,nv,nv,0.999221,True,1,0.0,6e-06,2.5e-05,3.7e-05,0.000701,0.999221,1.1e-05
130fb75fed99d706a27ef4674fcde8a31a13111fca9d6914e047736f7e607fab,mel,bkl,0.564774,False,1,0.004206,0.009747,0.564774,0.002296,0.002394,0.144271,0.272314
133164d02828aa4cf187a1be5c50030aae22153c3932997f288232dedfd3eafd,mel,mel,0.675228,True,1,7.4e-05,0.000288,0.000571,3.4e-05,0.675228,0.323646,0.000159
1347f200cd033166c122019e80264ee4fbf397f50ca58bf83731ea41bf6f8883,nv,nv,0.963854,True,1,7.3e-05,0.002928,0.010101,0.00195,0.019627,0.963854,0.001467
136a3a511a7f5a4272797103ca48d4758e9adf34d45b6fb4e28921dcfa011459,mel,nv,0.899443,False,1,0.000111,0.000367,0.028039,0.000672,0.071159,0.899443,0.000208
136d89ca422057d422297ecd60887f1c6ff794ea8d8f28231d6ac5641e46f6cd,nv,nv,0.943536,True,1,2.6e-05,0.000717,0.000243,8.4e-05,0.055274,0.943536,0.00012
1385b4053c8d34f0e7336e37ba3d7cfbf3b9cf4b98ccd37193817eaa489b77de,bkl,bkl,0.990276,True,1,0.000122,0.000111,0.990276,2e-05,0.00704,0.002356,7.4e-05
138f504d35e971111c3b77b2c89321f7043037569029cd87edf83e06fe0b92dd,bcc,bcc,0.959386,True,2,0.003844,0.959386,0.008902,0.000718,0.00036,0.026758,3.2e-05
139af9f9d600f9a87ac16c1b7993980b3bcc824f153c11785605a906b12b51cb,nv,nv,0.999973,True,1,0.0,1e-06,1e-05,1e-06,7e-06,0.999973,8e-06
13ba924ac3e88a053d79c6c7372eb27ceb95921bdd737bd3af540662969e9909,bkl,bkl,0.794164,True,1,0.073081,0.027804,0.794164,0.060562,0.001836,0.041995,0.000559
13d6d2e010a8190bc594f786941a4366312a2e73dd15e84a55c3f7138b40e8f5,bcc,bcc,0.992593,True,1,5.9e-05,0.992593,8.7e-05,0.001606,0.000839,0.004709,0.000107
13edae8a246e907102cdd88d40851d01f9ed29ce3fa6fb86f7165bdf1ee88751,nv,nv,0.864066,True,1,9.3e-05,0.125081,0.0072,0.000112,0.003166,0.864066,0.000281
13fc7c767d09c1b2eadea15aa5f136f8ece0754149a4814d66633d9ec4389085,nv,nv,0.888999,True,1,1e-05,0.000129,0.000257,1.4e-05,0.110519,0.888999,7.1e-05
14035445816f379e464d56ffe80fabedfc21c34bb38e1c6209fff8140bf91959,mel,mel,0.998227,True,1,6e-05,5.1e-05,6.4e-05,7.1e-05,0.998227,0.000558,0.000969
1408b1807b1e7e5914661daee2f3740adddff2ec04d5fab6f306bde776f9982d,nv,nv,0.560972,True,1,9e-06,7e-05,0.00095,1.7e-05,0.437492,0.560972,0.00049
141675a3fb635425cc7b1a71f60430adc5423ab213021ffc52f36eeb64f68049,nv,nv,0.887676,True,1,2e-06,0.00034,3.8e-05,1.6e-05,0.111913,0.887676,1.6e-05
14406b2fb13ca8af00ebbed916cbb3cd9219ea8874ead07d7db22df7c5819e1b,nv,mel,0.695278,False,1,0.000117,0.002485,0.000413,0.000225,0.695278,0.301342,0.000138
1466c119b3a7a8b77b32d3e04016bf42811d22dc1e07b3d5705fdc3dca007dcd,nv,nv,0.981323,True,1,1.8e-05,0.000135,1.4e-05,2.2e-05,0.016683,0.981323,0.001806
148b1696effcd6e1af1d54c5bf771c6b6622af8308c87213e082cc336d08c902,nv,nv,0.890508,True,1,0.000138,0.008503,0.000473,0.100139,0.000118,0.890508,0.000122
148d51ae5ee20709c2c0b5d307135ba0959174270a6568ef018bb83be689a0ef,bkl,akiec,0.697864,False,1,0.697864,0.02133,0.225314,0.000435,0.050044,0.004686,0.000326
149fdb286c0d47eedfefee4252ce3c92acb5ee5813e6011fb6966f7f6cabb62c,nv,nv,0.973731,True,1,2.2e-05,3.2e-05,0.002277,0.001993,0.021707,0.973731,0.000237
14b7cce1cd830d2b5333f6187a47daa5ec2261fe8653adf52a6adb4b8c6cdb36,nv,mel,0.861466,False,1,0.000389,0.00051,0.000155,0.000343,0.861466,0.137086,5e-05
14ba65f975b821519ab903c1738ed5d9cbb1c25b6f41c9d40837e804f79eb8e8,nv,nv,0.99826,True,1,0.0,0.0,0.001667,2.5e-05,1e-06,0.99826,4.7e-05
14c70c2b2737243b575cd9110adf96f5eaf15aa976f64a399a5f89d84051c691,df,nv,0.989316,False,1,1.9e-05,0.004102,0.000149,0.001613,0.00476,0.989316,4.1e-05
14d9aea1720274a35d4926871c94281c16cb832b78e632e4b463002eb9451074,nv,nv,0.995739,True,1,2e-06,7.2e-05,7.3e-05,0.001787,0.002321,0.995739,7e-06
14dbbad4b0112670a4cc92509629bac355a57149bec8783bdea2cf66d23307c4,mel,nv,0.543606,False,1,0.000755,0.000975,0.036533,0.36851,0.049029,0.543606,0.000591
14e1734e6b5afdd2a7afa4f391aabb06dda4abd30d90ab87ab742c25fed16fbb,nv,nv,0.996675,True,1,5e-06,0.002475,2e-06,9e-06,0.000818,0.996675,1.5e-05
14f55d2fac557b3643c7bd12a8e9a832ff0ded97e324e9b63b079bb22c262ef0,nv,nv,0.994744,True,1,1e-06,6.1e-05,1.3e-05,2.6e-05,0.004352,0.994744,0.000804
1500cf81dcd02210db089060d3cf237347cef4759c43e18c0270455a94f124e1,df,nv,0.941761,False,1,1e-06,2.1e-05,4e-05,0.017247,0.040884,0.941761,4.5e-05
1505644dbed27d64fb5146c5ea72e6adaa72f7fcb83eb47e562b359ad23463b8,mel,mel,0.963638,True,1,4e-06,2.3e-05,0.007355,5.4e-05,0.963638,0.02889,3.6e-05
151f12f55828041f35d7768035f1dd06dd20a01f326080fa79f7da099ea41ba5,bkl,nv,0.600957,False,1,0.006077,0.327807,0.018792,0.001003,0.016246,0.600957,0.029118
155a8d33235dc71f35beb5225d35bf11d689c54e067467001f090e8cccca8834,nv,nv,0.458737,True,1,0.004656,0.013511,0.389708,0.00221,0.130827,0.458737,0.000352
156331d74b215fafe7027dda31955e86e3fbbd1bd9f6ef20a9e841278dc1b77f,nv,nv,0.981139,True,1,3.2e-05,0.000268,0.015456,0.000594,0.002509,0.981139,3e-06
15680213d4dec480287596e79504d7966494f270e076e533031dd5e5bd461b54,nv,nv,0.995235,True,1,4e-06,8.4e-05,9.3e-05,0.000532,0.00401,0.995235,4.2e-05
15aa3800a5f93a135e9e637aed50f9388b9829f84cc3b90253563e112e030a6d,bcc,bkl,0.575391,False,1,0.334582,0.049934,0.575391,0.008301,0.000344,0.031268,0.00018
16009c90d6a1e6900d51f573a2a79beffa2753174507b2268c69516164e4ee59,bkl,nv,0.90167,False,1,0.001589,0.019687,0.067936,0.004483,0.004377,0.90167,0.000256
16039ebfc0606b380e9c5b9a1f6ebc4f10e62881290b425074cad96d399e61e4,nv,nv,0.999972,True,1,0.0,0.0,1e-06,0.0,1e-06,0.999972,2.5e-05
1625cd18d972164b95841c9c2d4853d10e7705c2662cee7f3b1b10676a4e9093,nv,nv,0.633227,True,1,5.8e-05,0.00011,0.012013,0.002388,0.351698,0.633227,0.000505
16378221c2af92a86d39b969101bb5dbf3782ba86a506f8a642bd195369ee8ae,nv,nv,0.946243,True,1,0.006521,0.015608,0.002672,0.002463,0.026333,0.946243,0.000159
1656a3d510dada24f214a2bc6d7aaf98217c61d5781a8f91f0d1d3aac3026a16,bcc,bcc,0.926689,True,1,1.3e-05,0.926689,6.8e-05,5.3e-05,0.00015,0.073014,1.3e-05
1682482444d436643b7d461bc9be05ac42f6a28feedadca714b096f66e679319,bcc,bcc,0.975266,True,1,0.000687,0.975266,0.002217,0.000155,0.000109,0.021327,0.00024
16b4688c566dbefd49115005f163989afa9d35288119cbbc01f2efdae24ffa3b,nv,nv,0.669815,True,1,2.3e-05,0.004721,0.000164,0.000173,0.324936,0.669815,0.000168
16b4f223c2d697d1178f50aa81e5a8c22c2783e526df4250c485bd0ca5ecfb4a,nv,nv,0.57581,True,1,3e-05,6.1e-05,0.414843,0.001351,0.00784,0.57581,6.5e-05
16c45dd2b1eb5f345ec4634a6b2efba509c54cf255be318c2864762d12e559b3,nv,nv,0.978053,True,1,1.5e-05,0.015553,0.004499,3.5e-05,0.001297,0.978053,0.000548
16c51c0dfa683f8e85e049869f460091eb304f6a3b42b97b9e7c038ddaeda2f9,mel,mel,0.948455,True,1,2.9e-05,0.000572,0.000171,1.2e-05,0.948455,0.039927,0.010834
16d13c1634e55ba0d7a6c3e7bdb2d38abfdfd6a54a9a67907b2aa5a59f761d3e,nv,nv,0.982595,True,1,2e-06,8e-06,0.002636,6e-05,0.014674,0.982595,2.5e-05
16d26a1a048a3a8c69a689db74e9b103eb2028cbb3c1c0690b9442b65e684e8f,nv,nv,0.923331,True,1,0.001269,0.027937,0.015145,0.007173,0.003936,0.923331,0.021209
16dae3819339eb380ff98aa484030b0f4d6dd84f47cc93c6e9f2d901dbe5aebd,akiec,akiec,0.987412,True,1,0.987412,0.000164,0.009224,0.000108,0.000766,0.002289,3.8e-05
16ec5336072c68d779b380952715c140de50afa34930c571360b33828a8219f9,nv,nv,0.91028,True,1,0.015224,0.014488,0.058344,0.000623,7.5e-05,0.91028,0.000967
16eeb435dcedfd204fd93dc5e02dce5af8a820ee5cb6e69a8769334180685017,nv,nv,0.985232,True,1,6e-06,7.5e-05,0.003865,0.000409,0.010403,0.985232,9e-06
16f4867ed59e2d673655563e2056fd3c93070df2310736f7237ba0cf5158f866,nv,nv,0.999972,True,1,0.0,0.0,0.0,0.0,0.0,0.999972,2.7e-05
171ada5798fc11a7a149ed9a955f21fd8572b351e08973bf1899e795c3c1e700,mel,mel,0.652071,True,1,5.6e-05,0.000656,0.007746,0.000471,0.652071,0.338726,0.000274
172579f27b6bc85afd01576c83e1c9d62dc7b81f901f128a8e516ceb6e40bd68,nv,nv,0.989073,True,1,2e-06,1e-06,0.010353,0.00012,7.9e-05,0.989073,0.000373
1755d536f331dd9395e192a405ec35ea0d1983f32b6266667946f0c3097c2bc7,bkl,bkl,0.808937,True,1,8.7e-05,9e-05,0.808937,1.1e-05,0.170951,0.019297,0.000627
175b25089b82443278d7ff8f70ca5221961620c10e975a72c6bb7888ea4b4734,bkl,akiec,0.614219,False,1,0.614219,0.000236,0.380569,5.8e-05,0.002555,0.001801,0.000563
17769abc9cc9af5ba77414490da81481a410c72be9cde060d29ad38e2d0929ac,nv,nv,0.928985,True,1,0.001797,0.028631,0.024016,0.013202,0.000847,0.928985,0.002523
17d66f81fcaca23adb331768a9f79f6998fcf2eb825d1a76cc104107a17a0f6b,nv,nv,0.885702,True,1,0.003543,0.001296,0.055145,0.011242,0.042152,0.885702,0.00092
17ea81601b91a526dd05e6667ce53c3f67af2016e85b39b01f0e9ac1cedc8f70,nv,nv,0.968756,True,1,0.001512,0.021661,0.005656,0.001734,0.000486,0.968756,0.000195
17f246ea1a422da84136800588b69bb572247a8d3f3d56fd3a0ec0dcab958a2b,nv,nv,0.973302,True,1,8.8e-05,0.000129,0.024578,0.000626,0.001275,0.973302,2e-06
18134048ab77032491cadb329fafacf60a11b523462a7fbeda782b38329cbb06,nv,nv,0.997141,True,1,1e-06,0.000406,0.000174,1.9e-05,0.002254,0.997141,5e-06
1826fd9b6110911b3a258e93d9d823da919cfa7bf94782ae31e1b91ab0fe8bcf,bkl,bkl,0.945419,True,1,0.000864,0.0,0.945419,0.0,0.050796,0.001983,0.000937
184ff14dd19e82dfdc69f2dd2a9e8785f8d1ed2869782ddaf0edec8f6e431ec2,nv,mel,0.620697,False,1,6.5e-05,0.001262,0.001758,0.000374,0.620697,0.375682,0.000161
1873f0e2b08dcee32d67d1c4e9e088144cc5be853e56f9adda84b22cdff135ee,nv,nv,0.999977,True,1,0.0,0.0,0.0,1e-06,2.1e-05,0.999977,1e-06
18772fe5c52e61a5dc1c9e7177a0283806c4deb6d38f2f46c93c423910581068,nv,nv,0.878352,True,1,9e-05,0.004508,0.007543,0.00181,0.10733,0.878352,0.000367
187c8c60d193b383e617d26dce0dcc1b6676c7dde1627ba3494d08d7a96cb28c,nv,nv,0.866027,True,1,3.9e-05,2.9e-05,0.000199,1.4e-05,0.133636,0.866027,5.6e-05
18b3f392d3755b415d1f5eaa58160639ef56bb5327da625cbffd8615c9f514d3,bcc,nv,0.988335,False,1,4e-06,0.006664,0.001144,0.001816,0.000955,0.988335,0.001081
18c3f86bc1f273a8c26c4bb9bcc46e2db30a0f8905899526057fb6e5f953fed8,mel,df,0.951663,False,1,0.001152,0.001165,0.008175,0.951663,0.013616,0.024169,6e-05
18e33df5196ebbab8633504b38a19a9fe3883a555c82aa53d548efbcd68b9142,nv,nv,0.913323,True,1,0.003416,0.029941,0.005858,0.000243,0.046672,0.913323,0.000547
18f811d167371833119b9f4cbaf8347976a2b9190cde10560ee90db15391b419,bcc,bcc,0.326811,True,1,0.176598,0.326811,0.209353,0.048507,0.002249,0.225881,0.010601
191b9c4b79abf02aa4fa291a6107eee0de5fbcb3728c22b68cc0c9a9c91aaf0e,bcc,bcc,0.854847,True,1,0.134638,0.854847,0.007721,0.001081,0.000249,0.001428,3.6e-05
197d0b16d1d9d88894caf8ebbcca1e103a738a4f064021bd10f9e137d6c0101d,bkl,bkl,0.958512,True,1,0.000479,0.000801,0.958512,3.6e-05,0.000455,0.039692,2.4e-05
199df5aa8b3ad69f1a602a8f3d64e7a880fad1663ffa17b4ace3f9468c0353ba,mel,nv,0.947742,False,1,2.9e-05,0.000847,0.000152,0.000135,0.051059,0.947742,3.5e-05
19b8a29f2b96d49484dafd4454a5115dbe61422938b88189967682df87c48f3f,bcc,bkl,0.557837,False,1,0.033161,0.127994,0.557837,0.033752,0.000463,0.24535,0.001444
19bf5da7def45e796c58283b8ce6e6cba010af7b0070e16fa26915dc1e8bdf08,mel,bkl,0.490227,False,1,0.001012,0.003471,0.490227,0.151696,0.04745,0.3038,0.002344
19e48637f09a9506fbf17c7337ad8ac256f2c5ef7ab2cec3b3fb3f56216525a9,nv,nv,0.827873,True,1,0.002731,0.001369,0.000991,0.000156,0.166718,0.827873,0.000161
19e7f841a6b519921faaa4ae1a146e36e7f20f46027f63ce1edd19b7283691a6,mel,mel,0.656581,True,1,0.000282,0.002927,0.000114,0.000243,0.656581,0.007284,0.33257
1a07e557a5e30e6cd15c5d2372d898cfe4fb5e1feca752586dfa8d6dbc70576d,bcc,bcc,0.929642,True,1,0.037648,0.929642,0.000816,0.030563,0.000354,0.000896,8e-05
1a0940f135474676892fda9eb7a7fcb635750292cf396c5e0e1fd64aefe85763,nv,nv,0.704943,True,1,0.024532,0.166372,0.07023,0.028581,0.005252,0.704943,9e-05
1a4ad949d6013c0e88977b8cf9bdc931192ec157cd2f4cd17c1f10af5bfe5a9d,nv,nv,0.994666,True,1,0.000682,1e-06,0.001113,0.000338,0.003195,0.994666,4e-06
1a6aa5c207627fa98cc6b765153331168a8d3afabfdeec0b89eefdcd21d7be82,bcc,bcc,0.989608,True,1,2e-06,0.989608,3e-06,3e-06,0.000155,0.010222,8e-06
1a72f00a970f24a3776a7b4f1211bb1869af99a31703e9c6176d6025a2b13fca,akiec,nv,0.509129,False,1,0.010565,0.00583,0.436319,0.00986,0.018762,0.509129,0.009535
1a8059bc8c55187c6d618ccd2953632f4405a3adaac65af5c09b791908d808a2,nv,nv,0.998606,True,1,1e-06,3e-06,2e-06,5e-06,0.001346,0.998606,3.7e-05
1a8b2f4f5f10b4007f4087af30e382b49c03572e7ea9b149416be658c7020b39,bkl,vasc,0.578389,False,1,6e-06,0.001025,0.000387,1.4e-05,0.029044,0.391136,0.578389
1a98e795f13aad9bab8556d6beddb5145e7dceff66fdead1b1a7086996717f43,akiec,df,0.285426,False,1,0.21058,0.018581,0.193399,0.285426,0.062923,0.227929,0.001162
1aadfa351ee15a284b0efc0e314723267da6e48b746de806edd4cb09410f5bbe,nv,nv,0.999993,True,1,1e-06,4e-06,0.0,0.0,1e-06,0.999993,1e-06
1af5734dc3e1df277e9e4445848b239abc9e60e9dc9adac0371507c649b17dba,nv,nv,0.983512,True,1,0.000364,0.00073,0.003883,0.000405,0.010827,0.983512,0.000278
1af7c62fe2c1937d6ab9c785037f0472d49ea4c23088c91f463a603858d5de32,nv,nv,0.928026,True,1,3.4e-05,0.001485,0.002737,0.066202,0.001508,0.928026,7e-06
1b2135b27b6fc40559157fa23fed5e1c70d78f75e8f0058d424764634250569e,nv,nv,0.896914,True,1,4e-06,0.000526,0.001373,1.7e-05,0.101157,0.896914,8e-06
1b293c8226c3019b637ad7d87a772753b578e118b0ffdae82ed058fa9ab1a1fc,nv,nv,0.999362,True,1,1e-06,8.6e-05,5e-06,4e-05,0.000438,0.999362,6.8e-05
1bbf9905dac62d741318b3fc97c20507e05ed442544d53292f392ff5ffb1c89d,nv,nv,0.98896,True,1,7e-06,0.000136,0.000195,0.000258,0.010443,0.98896,1e-06
1bf23390b5a2f463bcb244c759cb634614f5e4a5b5785e455796c5eb6208ad03,nv,nv,0.872759,True,1,1.1e-05,7.8e-05,0.00196,0.000138,0.124975,0.872759,7.9e-05
1c13f259f9065dcaba3d10cd873430f8b5899995a58ca1ec42b502eebd71a14a,nv,nv,0.907713,True,1,0.00027,0.006253,0.001171,0.077344,0.006896,0.907713,0.000353
1c67feff084d1721d101023121b0be559a99a914e5196a5c0800e825ed044a6d,nv,nv,0.998907,True,1,2e-06,0.000835,4e-06,8e-06,0.000244,0.998907,1e-06
1c8be34960473f5797b759c8e867ea5b542433edcf1583294f368b8face555e2,mel,bkl,0.656302,False,1,0.076135,0.000421,0.656302,0.010078,0.028034,0.228904,0.000125
1ca1d682f189697e9b734840832f811c4a4b1202804a032d4bb995e778802619,nv,nv,0.999971,True,1,0.0,0.0,0.0,0.0,2.6e-05,0.999971,3e-06
1cec81dc026971238d22185ba87fccba4584fb3bd970f9dbf60ee12de5f645ad,nv,nv,0.984932,True,1,0.000195,8.1e-05,0.003896,0.000318,0.010565,0.984932,1.2e-05
1cfb585c9b71f062b0eaa22e8d68c810403c0563b90c380ffa251954503ecbb8,nv,nv,0.998454,True,1,0.0,3e-06,0.0,5e-06,0.001532,0.998454,5e-06
1d0a6454bd1d6f1b6fdbb6dc75c0bde0fc17d3d5646e097a63e2ea6ff4918aea,nv,nv,0.991266,True,1,2e-06,2e-06,5.3e-05,1.2e-05,0.008634,0.991266,3e-05
1d4d546c10662a3c43a338d366b27b8f71f4cf5e2c49c34412ff9fc0c5ea9e88,nv,nv,0.988274,True,1,7e-06,0.000383,0.000369,0.008954,0.001914,0.988274,9.8e-05
1d5782033dfec27fb5b2f67055d5ab85cac0efa149fa72c2f732293c7616506c,bcc,bkl,0.753148,False,1,0.016075,0.089275,0.753148,0.001861,0.053554,0.085778,0.00031
1d7a8b3d5f2c172db430034cf3db9aa90b81cbe4be91fd7f1b90c05d86c74414,bkl,bkl,0.68793,True,1,0.001063,2.7e-05,0.68793,5e-05,0.007487,0.303425,2e-05
1d947b51830645d3797cd6485367ed0c0dd28be509ab546f755d6e384fab0e65,nv,nv,0.923543,True,1,1e-06,9e-06,8e-06,2e-06,0.07627,0.923543,0.000166
1daaed483487cab87a5f89de59fcf3748de3950cd8ee9915516d7bbcd49f6cce,mel,nv,0.80959,False,1,1.3e-05,0.000352,0.000971,0.001179,0.18568,0.80959,0.002214
1dae8e276057edee1397e57f24e1542c11b261bbbfa2cb66e669bfc14cf3b650,bcc,bcc,0.989914,True,1,7e-06,0.989914,0.000395,1e-06,0.001691,0.00548,0.002513
1dbf37f076807540db436109ecb80ac0b2bd3cfb389f6b818830d1046ec1ea74,nv,nv,0.999651,True,1,4.2e-05,0.000168,3.1e-05,2.1e-05,7e-05,0.999651,1.7e-05
1dc0f822d01133f2b70a48970b46b195aea4e9f585d7efbc60df875059f3705e,bkl,bkl,0.997457,True,1,4e-06,0.0,0.997457,1e-06,0.000845,0.00169,4e-06
1de13a732869da7de63471685bb3f40ff00a4d73a34d6611ffc527488b5fc163,bcc,nv,0.97335,False,1,0.00043,0.015592,0.009799,0.000635,0.000132,0.97335,6.3e-05
1debb915283a7ffe9816064112c949460aa8c6b0ddbad92aba8e9f77d0eee383,mel,mel,0.636731,True,1,0.005163,0.027398,0.002101,0.022062,0.636731,0.305861,0.000685
1df74ad21f5a90c30eefd49f63f7f14ac5a778f031d893e89cdac306023e1774,akiec,mel,0.603892,False,1,0.000955,0.001124,0.011511,0.089015,0.603892,0.285849,0.007655
1dfc01abd1f8c15af3bb991ad77a56cadf84bc48830a64b41cebdef73d7e4036,nv,nv,0.992037,True,1,2.6e-05,0.000258,0.004802,0.001634,0.001178,0.992037,6.4e-05
1e130545db64472b1aecb853656a2251df26710b628e60c309a3d45100fc90e0,nv,nv,0.976723,True,1,2.6e-05,5.9e-05,0.020828,0.001748,0.00061,0.976723,5e-06
1e1e78d89fcfd5f1c0a0f625762ebf26a7c65a642a1454a06344d790bd0d2e6f,nv,nv,0.524521,True,1,0.002879,0.453721,0.006964,0.006441,0.005364,0.524521,0.00011
1e4053fcc7493adb70dc26bb7db3be33ae36de5ad7d62c5e00f2e29186bcb78d,mel,mel,0.831578,True,1,0.113547,0.000101,0.002384,0.001762,0.831578,0.050223,0.000405
1e44a5382e094398e4443766f9de23b04f0d576af355c3d7071e9caccb005fe0,nv,nv,0.999964,True,1,5e-06,3e-06,2.2e-05,1e-06,2e-06,0.999964,3e-06
1ec45cf89151e3280d089d2119c6d6f485ffdf5514b70be265c5f134ea7f4c82,bcc,bkl,0.798726,False,1,0.00011,0.000238,0.798726,0.00049,0.000254,0.194581,0.005601
1ec746163e8bd5fbae3c534e07e4d8f833a89a000c9274695fcf7e9ca396802c,mel,bkl,0.897734,False,1,0.004932,0.006084,0.897734,0.028116,0.001462,0.060674,0.000998
1ed06502c5bb45182175200ad797b17832bf8c5b5e2931a004f554a63abbfae6,bkl,bkl,0.710642,True,1,0.126822,0.012905,0.710642,0.006848,0.011185,0.131406,0.00019
1ed3704b31c87cd02659c8ba499252d714bb41fe35472a52e3277c38e97495ac,nv,nv,0.955399,True,1,1e-06,0.000133,4.2e-05,0.000137,0.04427,0.955399,1.8e-05
1ede68994a0851cad7ca687d4544dbf2b31d441c5d011406e2cf51648a241461,nv,nv,0.996215,True,1,4e-06,5.4e-05,0.001345,0.002163,0.000163,0.996215,5.6e-05
1ee7c736dc5db8b067bb3fc0853008921705c5453a691ff52d4b4a5b66220018,bcc,bcc,0.569611,True,1,6.2e-05,0.569611,0.001433,4.3e-05,0.004897,0.423909,4.5e-05
1eef2d7398dd9ca1d0ba452092d1bd0ae55b91ff011c68c20f98ec1dd0e87b94,vasc,vasc,0.999586,True,1,0.0,0.0,0.0,0.0,0.00036,5.4e-05,0.999586
1f07b1761166703d53c5fe369bc5b30ced9d51c259478b0a5f136ccabc5a2232,nv,nv,0.991071,True,1,3e-06,0.000103,4e-06,2.8e-05,0.008784,0.991071,7e-06
1f449de62ea5093e020db94ae0db9ad2d0405902f0a958f43babdd88321ce529,bkl,mel,0.953632,False,1,9.8e-05,0.00222,0.000215,0.00019,0.953632,0.043532,0.000113
1f51cfe86ffac867403ddc6fb43ca777d97712018fa40cbe7b4f2d70e3f7339b,bcc,nv,0.575981,False,1,0.011389,0.191079,0.01701,0.099312,0.103672,0.575981,0.001558
1f73d1fce894a94b77236eac6818a7c1cd61c5f498a3d65b50e383f32a0a4263,mel,bcc,0.506592,False,1,0.009972,0.506592,0.048306,0.001994,0.034814,0.397509,0.000814
1f7f3eac59feb653aac943234c07286b415675f14ffa8a99b784012dcfd1f67c,nv,mel,0.836654,False,1,5.4e-05,0.004325,0.089643,0.001603,0.836654,0.067629,9.1e-05
1fb97dc86a449cb95616c81956b15d9206d52f9e92ed35155c715a9d287d0282,akiec,akiec,0.97885,True,1,0.97885,0.00011,0.007644,0.000795,0.010251,0.002255,9.4e-05
1fd71cbf82e80aec2c15203eb23fa01214693450fc93a777ff7be9602009da71,bcc,bcc,0.559429,True,1,0.416601,0.559429,0.016589,0.000878,0.003639,0.002811,5.3e-05
1fd865a4d81de24d69e8f9536a5f06fffda95bcb68b2b3f5475e0ae41f779497,mel,akiec,0.788429,False,1,0.788429,0.006918,0.070403,0.003719,0.100489,0.029793,0.000249
2022df4f4b96dd72b6dab2ca972b073eb69a9686f2c3ae1b9d5177f1e6e85a97,mel,nv,0.986061,False,1,3e-06,0.002935,2e-05,0.000203,0.009553,0.986061,0.001225
203a8c2e9e7570b52ca9178873408c68a25abcb0018ac985fcf87509b0215eb0,nv,bcc,0.961463,False,1,0.001578,0.961463,0.004348,0.000481,0.000401,0.030295,0.001434
204f3a1a46a46b4404a86dd3b83500e640797fb3eab4f31c7cd3040b38f5ebdf,nv,nv,0.77168,True,1,0.000164,0.038689,0.010097,0.000189,0.178913,0.77168,0.000268
20a810bb47249fb7fe3c4319fead55288572f5af2b770b700a5ff24086f95979,nv,mel,0.690549,False,1,0.000139,0.000709,0.003366,0.001981,0.690549,0.303235,2.1e-05
20bf92db43c4f9dd51190a9372f83253220b05d0f94bc1ce3e57fa1ff348fff2,mel,mel,0.988987,True,1,1e-06,2e-06,8e-05,4.5e-05,0.988987,0.007448,0.003437
20d45df5e082d74266552ed9a13ede6a3c68e315363b1227e45368d2a72edba7,bcc,bcc,0.951112,True,1,0.000224,0.951112,0.000528,0.000297,0.014398,0.032391,0.00105
20f05ec6a8728005589c461c7d8dd3022e2d6260366d2a735ca1cb45b12832ce,bkl,mel,0.647881,False,1,0.009226,0.026224,0.086115,0.060466,0.647881,0.165875,0.004214
20fcc544c4cab94b98bcfa4e947603266a39c3268316e2319c1ad1624b421854,mel,bkl,0.615218,False,1,0.005134,0.004636,0.615218,0.010316,0.069919,0.294588,0.000189
2118f297d3032be40a5ded605bfe2742a07712c124c774472b8a9d12f8eb5c3e,mel,mel,0.629317,True,1,0.000497,0.008594,0.007656,0.00247,0.629317,0.351097,0.000369
211c049f5b62d26700de0c6f8720c493e828f6dc3e4ae8d08bb0187ca463ea92,vasc,vasc,0.999638,True,1,0.0,9e-06,4e-06,0.0,0.000121,0.000227,0.999638
213fa7082a0eb4a5af6e109a41a477d8ad5162031b30f4812bb410e353866413,nv,nv,0.967986,True,1,8e-06,5e-06,0.004918,0.002122,0.024949,0.967986,1.1e-05
21539cadcd5aa217881f0731aeef20c0ee1594015f33a7aa0391c957ba712b62,nv,nv,0.99683,True,1,1e-05,0.000514,5.9e-05,0.000855,0.001721,0.99683,1e-05
21640e613538c9b2e7c8a321e3a74acde3e42a83a6c2151299c807a61662a42e,bcc,nv,0.834178,False,1,0.001047,0.10849,0.029518,0.006196,0.019504,0.834178,0.001067
2173814727e81f085d4f26fb0b1441b0c82bed9fa64e2b0c6407e2f1419f6464,nv,nv,0.904491,True,1,0.000158,0.001875,0.00406,0.003445,0.085853,0.904491,0.000119
2178a54eb251add8ab5765cf09f68da28dfbcbe90947d7a63d3f87992d56cf26,nv,nv,0.979007,True,1,2.1e-05,5.2e-05,0.001977,0.000221,0.017397,0.979007,0.001325
217caea3495c45e6765ce36e82782c31c723672c09eaaca6f0c935dc94bcf2cd,nv,nv,0.421401,True,1,0.004426,0.342784,0.026879,0.014534,0.004822,0.421401,0.185153
21a6d841c33f5558ac1b620a17733747a52a827d043a6d1d3e11a55cfa992528,nv,nv,0.997003,True,1,2.5e-05,2.8e-05,0.000269,0.001616,0.001049,0.997003,1e-05
21abf61b6fcc57587bca0c3994d36b3adc6ea29edc530744e5fa0fe2edca64c0,mel,nv,0.892614,False,1,4.9e-05,0.001087,0.000321,8.7e-05,0.105762,0.892614,7.9e-05
21c8890cd17a5dbe3213cf443892038ace6a5549752663202f67283e6b5cd895,bcc,bcc,0.881466,True,1,0.000426,0.881466,0.000454,0.075385,0.002176,0.039868,0.000225
21c898d1b77b09a1194e3a175de2cdc1e7ff0c04482be81e7bd96e2c07d9ba24,nv,nv,0.889299,True,1,6e-06,4.6e-05,0.000405,2.7e-05,0.110061,0.889299,0.000155
21ff27182443927cf0fa90badb6be2c3b2d96a6ab1c92cd5c117a71c9b6d79c5,bcc,bcc,0.385576,True,1,0.204418,0.385576,0.175839,0.008958,0.00031,0.093129,0.131771
221b5b0bba42d1d165f688a05fecae9c41131783c3edbba10e312c9800ddc225,nv,nv,0.997213,True,1,2e-06,4e-06,3e-06,1.6e-05,0.002691,0.997213,7e-05
22362df65bc8b01f85207b32be0fe2edb7f4949a077f5e64e394281c5797824c,bkl,bkl,0.897703,True,1,5.3e-05,3e-06,0.897703,1.3e-05,0.079285,0.022894,4.8e-05
224d7b8d93319ce6cfd650361574fe2d90798c1027601857c2740da3eba6f6a6,mel,mel,0.825563,True,1,3e-06,0.000611,0.000918,0.053527,0.825563,0.114519,0.004859
224eba13472bf51500a1b79dc4f2bb9cfb215dc8983f17ef7a2b834911a472e5,nv,nv,0.588428,True,1,7.1e-05,9.5e-05,0.000532,0.000231,0.410618,0.588428,2.5e-05
2280e4c541e2db1150c1aec2b199da39196d80d56c6883bec24f091a5fa07a4c,bcc,bcc,0.947601,True,1,0.000164,0.947601,0.000388,0.000161,0.000199,0.051334,0.000152
22b8fc2ded87fea3a87f52f918bc9a415cbedee93b60cef82c54968ee303f264,nv,nv,0.991352,True,1,6e-06,0.000151,0.007832,0.000455,0.000177,0.991352,2.7e-05
22c187334bf2476a6209a427c9cccc7b9bd923fa79ed3cf3a248b201f4174cab,mel,mel,0.691614,True,1,2.1e-05,0.003804,0.005913,4.2e-05,0.691614,0.283451,0.015154
22f268157c5f757e96e7f2b4fb0e7d5c7c853f9cdbaa318412e63c89a6f0b3f6,nv,nv,0.933228,True,1,1e-06,0.00125,0.00014,0.000278,0.065065,0.933228,3.7e-05
2324f2d7f0730c66a025c77b045049a7449350cf7b095e57ac33e6f4ed8a5380,nv,nv,0.992823,True,1,2e-06,8e-06,1.5e-05,1.3e-05,0.007101,0.992823,3.9e-05
233992945a751eaddb8ec3546e1c4bff975c96780536bdca8b23655625d7c55a,mel,bkl,0.526565,False,1,0.024591,0.000698,0.526565,0.004065,0.000534,0.4432,0.000346
23752bac087b75eae4871f4cd9834f81c86001210427377fd1770ced7b37be47,bcc,nv,0.583557,False,1,0.002038,0.334648,0.03745,0.003322,0.038528,0.583557,0.000457
239b7e084b319e5d13e7d6e790e5c4de81c06b444cc5bba6b3f69ba4dd9d0eb3,nv,mel,0.602112,False,1,6e-06,0.003622,0.0,4.1e-05,0.602112,0.394217,3e-06
239ed76bc925fd0ce01dcd433733e7d930af7320a3a7964daea1d2c8409eacf0,nv,nv,0.502384,True,1,2.8e-05,7e-06,0.017158,2.7e-05,0.480123,0.502384,0.000274
23a27737d861c0db0218bd6d8a209539141c9590b862717b8216a383151bd00f,bkl,bkl,0.728933,True,1,0.02919,0.043693,0.728933,0.00314,0.033316,0.157642,0.004086
23ae6848d58cf2ec6c11f191db3bd8d6805d417c84bddf4cc8799fa1699932ec,nv,nv,0.988464,True,1,5.8e-05,0.006621,0.000379,0.000355,0.004107,0.988464,1.6e-05
23fb0a8434c68ebccab076ae38468dce078c17dc608d61ee6bae50cf2320bc93,nv,nv,0.978867,True,1,1.8e-05,0.00495,0.01462,5.2e-05,0.000519,0.978867,0.000974
242a9755aec05f3041af2875f34a0cff950c6dd51a5d479cc2d289590bf7d0b4,nv,nv,0.999995,True,1,0.0,0.0,0.0,0.0,2e-06,0.999995,1e-06
2447d9739ccd7ba41cc9d901d0d14d84bc6c36a6de9d4fbda97c28b4879cef18,bcc,bcc,0.807485,True,1,0.075362,0.807485,0.087296,0.003703,0.000609,0.025066,0.000479
24944e5915934a65aa7dc1ae6cde273211f181690aa98c6c7de7367d717937bd,nv,nv,0.997892,True,1,1e-06,0.000193,0.000143,4.8e-05,0.001101,0.997892,0.000623
2495426baaceeec2c71f0ead12696eda2ba3d08ae5a055ad9d3d8c7b83d85d80,nv,nv,0.999989,True,1,0.0,0.0,0.0,0.0,8e-06,0.999989,2e-06
249a5ce249eb71a4e05c2b75292348c9086100319f3872572dcdb8b60f4907d0,mel,mel,0.609864,True,1,1.9e-05,3e-05,0.002943,3.9e-05,0.609864,0.3847,0.002405
249a879f71c70d9b4d6d73952a39f8a542b7e7785bc16ac4263580df1ff0302f,mel,mel,0.998103,True,1,1e-06,1.4e-05,0.000104,1e-05,0.998103,0.000777,0.000991
24edb731cf65e2c9cc1ace4b1950a1c22a4d6d3592296a128502ce70f5badb5d,nv,nv,0.752252,True,1,6.1e-05,6e-06,0.177241,0.068863,0.001482,0.752252,9.5e-05
250874fd2674e4269d4794681f7813cad47a353e409fad3f3a01bc2f4b8e842a,bcc,bcc,0.997675,True,1,4e-05,0.997675,5.8e-05,1.7e-05,1.5e-05,0.002156,4e-05
2527204048ec7f4f3b83e9e48b3a9c747ee802365ebd69b6af8ffafd281e7376,nv,nv,0.903471,True,1,0.005861,8.2e-05,0.065827,0.001577,0.023112,0.903471,7e-05
253203c7b60baff09d38221208199708c500713e0e26324a8eb2a40d36648d55,bkl,nv,0.983656,False,1,0.000327,0.001176,0.001384,0.012981,0.000135,0.983656,0.000341
25705a7ecb959712138038b7aa83835ffed729a683b1dc76a68adb3b06cda4e4,mel,mel,0.673903,True,1,7.9e-05,0.000873,3e-06,8.7e-05,0.673903,0.32502,3.6e-05
25a4780f2d5896049a4a9ce5c0e6bb87cc5efc26127a7aa0ed9e0593bdc046d1,nv,nv,0.953996,True,1,0.0,0.00128,0.000638,0.000292,0.039136,0.953996,0.004659
25edca6bcd31ae5158d43aa162423c086a7cfee7d11722362ce3f0a16dc9e13e,bcc,bcc,0.981112,True,1,0.002944,0.981112,0.000966,0.001143,0.001058,0.012586,0.000191
26098b0a30844b9cc4ab455b8cf47bbd21f5d7a04917325685b908b9e6f67d93,mel,mel,0.929366,True,1,0.002107,0.0113,0.000267,0.003097,0.929366,0.048768,0.005096
26268cd1eb4ce0a9226ccb57cdefa9a9f0dd062cb3010e72c04f22677d6ffa87,df,df,0.980965,True,1,0.002471,0.001489,0.000616,0.980965,0.000285,0.014158,1.6e-05
2651c6f75afd556d43d94f175745f03166629673c9757c15ab8a337f3020c4b0,bkl,bkl,0.935006,True,1,0.000584,0.001302,0.935006,0.003359,0.003697,0.056015,3.7e-05
26607a2d0a5dc7d4d571910d8ef65f6ba3000968525508130c099f3a6ab08c8d,bcc,nv,0.837947,False,1,0.001623,0.084615,0.009237,0.048746,0.015455,0.837947,0.002378
266dc4266844b6ae82a6aabab6ea57ca3838fa78f59f112c59d1ad8fc82918dc,mel,mel,0.991467,True,1,1.6e-05,5.4e-05,0.001088,5e-06,0.991467,0.007066,0.000304
267d6e6c1a9df95437e11b46201a98bca9475ef0e4dc28cfe06835be1526852e,nv,nv,0.980085,True,1,0.000147,0.001494,0.008438,0.003533,0.006242,0.980085,6.2e-05
26ad1f4c2ecb50418992b4f25d7ec213b6162237c42a611508162eb68362db75,nv,nv,0.999993,True,1,0.0,1e-06,0.0,1e-06,2e-06,0.999993,3e-06
26b8a22282548a3c6f83b21ca86831f50163ded5e56d3e23e1e64b1fa6829356,nv,nv,0.976287,True,1,0.000245,8e-06,0.021155,1.6e-05,0.002277,0.976287,1.2e-05
26d783b60b3428e3cebb61496e8f31c69b2a38b3d21158fd7260627390f2e3cb,nv,nv,0.910451,True,1,0.0,4e-06,1.5e-05,0.000139,0.089368,0.910451,2.3e-05
26defba8827064aa20d77cb8e1999db3a45d662878160f50071b15224c35cfcd,akiec,df,0.990621,False,1,0.000641,1.4e-05,4.8e-05,0.990621,0.008413,0.00026,2e-06
27086cd65e866d8c4c3e7cf3dc4fc45551048be3ef5342efd4ffe41d216ced7e,nv,nv,0.998692,True,1,0.0,2e-05,7.9e-05,0.000222,0.000492,0.998692,0.000495
272062ee5633ee7106e0d99ac7c3a3221232ee43b0d763eb0d49b54d90d32c6f,bcc,bcc,0.991314,True,1,2.1e-05,0.991314,4.4e-05,0.001209,0.004409,0.002918,8.4e-05
2734c46a1abd59e99eb2d0d1cde155b04ad312acec280ffcf7ad4c8d1f38ea74,nv,nv,0.998906,True,1,4e-06,1.8e-05,0.000115,0.000487,0.000464,0.998906,6e-06
273f59501f60cd7fd1e4701851baeef0ad4c03d923a562768f528fca9068b294,nv,nv,0.999943,True,1,5e-06,2e-06,4e-06,1e-06,3.9e-05,0.999943,6e-06
2745a49919fca2ee72ce46e56e78d1eaf62273cff8c718812d187eccc596c5d9,bcc,nv,0.563597,False,1,0.030673,0.043366,0.327444,0.027349,0.007134,0.563597,0.000437
274855b07da0a3a2c75c6da98443de2d00b990283fa5ec3815bb81567580c37e,nv,nv,0.730658,True,1,5.6e-05,0.000707,0.001309,0.000534,0.266677,0.730658,5.8e-05
2751971ec00f629be432c8df252997956657b0d63b30d4c70248cd0402a54c28,nv,nv,0.98852,True,1,0.0,1.1e-05,1.1e-05,0.000155,0.011303,0.98852,0.0
2780ffd22d2cca7725eaa9503b79df43ba9635795d40e3a67c490db26e771916,nv,nv,0.990054,True,1,0.000731,0.002014,0.001605,0.001215,0.00339,0.990054,0.000991
27c1c98b8e58a61b52ebc1bf22c5a214dd37e4eb1f60a30e84b55cc5d5e28523,mel,mel,0.554867,True,1,0.000402,1.5e-05,0.001723,0.209299,0.554867,0.232878,0.000816
27cf44bc5af082fb88b940c0aba0302c306c1ea1f30c9258e0aa8683b38575ef,bkl,nv,0.894177,False,1,0.000513,3.1e-05,0.103969,6.6e-05,0.001229,0.894177,1.5e-05
27e4b04bb41f6b295000ff622f51b61676c7973f95e0cc19361b9d71ff35d76e,nv,nv,0.989487,True,1,0.000354,0.000154,0.003219,0.001319,0.004911,0.989487,0.000556
27f5d66ac50fa12b4913ebb319020daec7a116c1136c4d04b89fe028fa17aee5,nv,nv,0.860579,True,1,9e-05,0.008051,0.001389,0.000347,0.128423,0.860579,0.001121
27fd9847ab6bccefb4b18c0596c78cd285e4169fd7dfae3fa32a3c7a74edfff4,bkl,bkl,0.550604,True,1,0.009931,0.026138,0.550604,0.018333,0.011138,0.2557,0.128157
28161e01e2e76b8507d57baf1301305ef7189143b419e4abaf32e94895f650f1,nv,nv,0.997402,True,1,0.000439,0.0002,0.001646,0.000147,0.000162,0.997402,3e-06
284a8c9e885ddbdcc575bb346f9e78aa1954f5b9a5f76752aa2e3876951d5eaa,bkl,bkl,0.969749,True,1,0.004975,0.003377,0.969749,0.000594,0.000657,0.020543,0.000105
285d0652a7d879e9e37b6fb72f4b3df99ae0e30572a486fbad803d3a3df4d0ab,akiec,bkl,0.696506,False,1,0.049339,0.130784,0.696506,0.010181,0.009904,0.099279,0.004008
2888645f8c735cf7a595b171ea832ef6c4b2e4d1339abff52ffde7b1a2480b25,nv,nv,0.988461,True,1,0.000117,0.000498,0.006023,0.00093,0.003771,0.988461,0.000199
289dd179ab2bc66c203b573a800d8666effca2fd3003c20371618f35c4ef621e,mel,nv,0.883567,False,1,0.000135,2.9e-05,0.050261,6.6e-05,0.065836,0.883567,0.000106
28e49090d9760eeba58078de086d7e4620f49bd59dd7315f2860d02efb8b882d,nv,nv,0.969783,True,1,1.7e-05,3.7e-05,0.000438,0.000226,0.029473,0.969783,2.5e-05
28fdab6989c3210556fdf1600301f37349486e917f97d16ba31c1eb6c92d8311,nv,nv,0.999212,True,1,0.0,1e-06,0.0,0.0,2.5e-05,0.999212,0.000762
2905478ad119b458c238d63061e7c748b2756421dbda52e646cc16a03042ddee,mel,mel,0.548837,True,1,0.0,2e-06,1e-05,2e-06,0.548837,0.451132,1.7e-05
29134a69fad693de74738a87d92b9e061f46d1e5988fe5c05d504f81245950a1,akiec,bkl,0.937208,False,1,0.005261,0.000524,0.937208,0.002729,0.025471,0.028768,3.9e-05
292d0f9a3b825c65bd92d1e32a5ba0433de40bc26c2f8f70ea6a84c3dd349329,nv,nv,0.999976,True,1,1e-06,0.0,1e-06,1e-06,4e-06,0.999976,1.7e-05
293942237496f150d87a40259079d137b4dab8a28b4822d0cb63ad52e328c517,mel,nv,0.909411,False,1,5e-05,0.017422,0.010212,0.0003,0.061599,0.909411,0.001006
294303795240269cc91994c1b8fc5b2929a389ce29c83a50f1819c951178696e,nv,nv,0.505617,True,1,0.00076,5e-06,0.488755,0.003267,0.001586,0.505617,1.2e-05
2949ce525443ed96ec68cc91d7e7117928568573ed76b9b229a37ce933399266,bkl,bkl,0.437964,True,1,0.000432,0.001385,0.437964,0.001236,0.176942,0.381314,0.000726
2959468765025eb4fdeec3e05126c1455823d52d2a1db0b92e541bc30fb1df3e,nv,nv,0.988024,True,1,0.000103,0.009345,0.00124,0.000123,6.1e-05,0.988024,0.001103
2989547a8c507dcfa4e9363bb46e9eee992c78a26bf2c2d286ed05cb8dcc5f1f,bcc,bkl,0.6286,False,1,0.005678,0.007891,0.6286,0.002973,0.000575,0.349313,0.00497
29a715a0a6c4aefa2b82dc751712d9175187892280944d37f8b623ae2b66b42b,nv,nv,0.983712,True,1,2e-06,0.000479,8e-06,0.000485,0.015271,0.983712,4.4e-05
29c2e5d9b36874a113015b5c92d1f354c0553321e446993041acfadd628ac4c6,mel,mel,0.87904,True,1,0.0,0.000268,3e-06,0.000524,0.87904,0.002403,0.117762
29d40ad604bdcc89781b8e7597037ab0cdc072730027437db644229dd69ef1a4,nv,nv,0.999606,True,1,0.0,1e-06,1.5e-05,0.000108,7.9e-05,0.999606,0.00019
29daafe6847cd1f43fd83e1f7ac1a310451636c34b1e97f7870d1019b249d81c,nv,nv,0.980766,True,1,4.2e-05,0.000956,0.004075,0.000332,0.013802,0.980766,2.6e-05
29e813850a764c51e9dc53dfb890a7127cce5b60c375e3c96968a44de0cb8437,mel,nv,0.657028,False,1,0.005721,0.004466,0.329892,0.001822,0.000536,0.657028,0.000535
29ea566d5baaa56b97ec97bc4ec2a438df2da5b15d2feb2ff8f2bd418d28af27,mel,mel,0.988509,True,1,6e-06,2.4e-05,9.8e-05,1.3e-05,0.988509,0.010738,0.000611
29f0dba1b8431718f523676f5cd294f4e86c3311bacb899bc63e5c82af5ed3cc,nv,nv,0.913152,True,1,1.3e-05,6.1e-05,0.000979,4.1e-05,0.085724,0.913152,3.1e-05
2a0bd57345ef5ab7138d5c673c443743bb778363744e58b21dc139d319b467b5,nv,nv,0.989152,True,1,9.3e-05,0.000569,3.7e-05,0.000617,0.009513,0.989152,1.9e-05
2a0d30d6f6cf318224129ded7dd2ef4469c8f45d42462675bf5426aaf269c433,bcc,bcc,0.981719,True,1,3.6e-05,0.981719,5.1e-05,0.000625,0.009039,0.008399,0.000131
2a10d81c2fab84d5d352b46472581aff66cc54fc40c1ddbefb4b25c15fbd81dd,nv,nv,0.972856,True,1,0.000166,0.024983,0.000334,0.001493,7.7e-05,0.972856,9.1e-05
2a8b955f6042b0f348d626baeb3b2fb4b2246691fe6f0b146eb0412099565da4,nv,nv,0.999494,True,1,2e-06,1e-06,0.000157,1.9e-05,0.00013,0.999494,0.000197
2a957f9ff5abe456231af97ae0a5e71c7ba3413376f95e394c18019f893d288e,bkl,vasc,0.593346,False,1,0.00012,0.000939,0.003899,0.00926,0.196628,0.195807,0.593346
2aaecc9e78e41cbf5cccbfe9099fcfaad4ee3d993bbcef6d05c9c881f8228b0f,vasc,vasc,0.999832,True,1,0.0,4e-06,0.0,0.0,1.1e-05,0.000153,0.999832
2ab3ad73a7f74fffd649d74bae6f6493c7ae340e2767587c2522354501ef5bca,bkl,bkl,0.994996,True,1,1.8e-05,1e-05,0.994996,0.000601,5.3e-05,0.003956,0.000366
2ac6a8873a308ca794accace52a1c7b3e0ca43f12b9690477be340bf0473afd2,nv,nv,0.997639,True,1,2e-06,0.0,0.001022,0.001234,1e-05,0.997639,9.3e-05
2ae8b0d93510d0f2d46cc598e08295469162fdbdfcbc5a2cc7800ee91892ff38,mel,nv,0.861179,False,1,0.001861,0.000867,0.001802,0.000865,0.133388,0.861179,3.8e-05
2b0f37f3d7a4167f9b436b4c0b4ea7b576007d0d5f7a6057285351fbd6892162,bkl,bkl,0.419812,True,1,0.099034,0.097537,0.419812,0.0264,0.004308,0.351084,0.001825
2b1f64fbd9bd82c20e6ca59745bbbfd0623e22b83b219c92534d15e9ab375e49,vasc,vasc,0.999416,True,1,0.0,2e-06,1e-06,0.0,0.00036,0.000221,0.999416
2b353911011e6aa3b0060c7d1cf6c00d7549fcbd08f1f997fbd24f5bf6735a2d,nv,nv,0.97983,True,1,1e-06,0.000314,7e-06,9e-06,0.019811,0.97983,2.9e-05
2b40865b59869f0d3e8e0e06081e90d518521e8aba7adde3658d75b85ddc2aa9,bcc,bcc,0.761998,True,1,0.003421,0.761998,0.010646,0.159754,0.010086,0.052438,0.001656
2b6478e9c80bcf9b65e46b32c9800a7a114e3a9fdefb11b27839c0c4c3402234,bkl,bkl,0.986997,True,1,1.1e-05,3e-06,0.986997,4.7e-05,0.00567,0.007265,8e-06
2b8b5bd32b4b65d5605484b8da0a1cca8918396cc61bf0825ea99f397f26f666,mel,mel,0.972627,True,1,0.000117,1.4e-05,0.000935,0.000176,0.972627,0.022794,0.003337
2b991a277dbb58f1560cadf006998f941d0693ff56085c72fa20805cf891b59b,nv,nv,0.938579,True,1,8.9e-05,0.000105,0.004834,0.000115,0.055827,0.938579,0.00045
2ba0c2158e2022c18a5fe073f87c629a9cec90755cfccecc8cab4e845e88c8de,nv,df,0.410173,False,1,2e-06,0.000138,0.000169,0.410173,0.110316,0.393125,0.086077
2bc0a92c1ff645916356640aebcf5084328ab83ac89af336b1c1987b9abcf80f,bcc,bcc,0.994804,True,1,0.002192,0.994804,0.002245,0.000169,3e-05,0.000547,1.3e-05
2bc275f48461a9362742cacd1bf3400641fd18856c22d8aa49ee3dcf1cff3c5a,nv,nv,0.62352,True,1,0.000305,0.304663,0.03438,0.002151,0.034582,0.62352,0.000399
2bfdf5844122b8c8cf0e6730ba6d3276c025543bb2c04c9af4181d5b765697dd,nv,nv,0.999514,True,1,7e-06,9.7e-05,7.7e-05,3e-06,6.6e-05,0.999514,0.000236
2c51f50efd7c65a9b4973d82405fb288c61f7bc731efb246c6700642dcd9fa2d,nv,nv,0.992605,True,1,6e-06,0.005669,0.0,8e-06,0.001668,0.992605,4.4e-05
2ca0ca702f46cf01d1cde2955d19bbf1c779c96c2dd4aed27063916b5fbbfe1b,nv,nv,0.999888,True,1,0.0,0.0,0.0,1e-06,0.000107,0.999888,3e-06
2cb7dfb960643439e9f054e3fd589e846672db9d5927bd6df357e63696ef1921,mel,nv,0.932453,False,1,0.004554,0.001744,0.019087,0.02195,0.019756,0.932453,0.000457
2cf4d6cf0b879d3a0ba937ca7cbcfc505eaae29708f9c2cf74a4010eb87a1a40,nv,mel,0.617573,False,1,9.4e-05,0.000279,0.002237,0.01735,0.617573,0.36201,0.000457
2d3569104d2b0f5c87f99c75d61ab7681c96673dcef005276bbdfa308f24dd61,bcc,bcc,0.988151,True,1,0.000491,0.988151,0.001945,0.001748,0.0002,0.007344,0.000121
2d762b7c1945b912d70e90d71e0dd50e71f755699fb111515218131d06571a4f,bkl,nv,0.904631,False,1,0.031507,0.051524,0.011462,0.000502,0.000209,0.904631,0.000165
2d7a0d6e1e7d5e11763004b060c2cbc154351c1c613eb3168f6181533f51a23c,nv,nv,0.907013,True,1,0.005969,0.000606,0.074184,0.010509,0.001696,0.907013,2.3e-05
2d8d85e340ccb30d5df25becaf09ffd7a2c1b7bdf580e409f8f1711aaa3433c5,nv,nv,0.97828,True,1,0.002471,5.8e-05,0.016649,0.000212,0.002309,0.97828,2.1e-05
2da1605ce65b2d4bffae20dd33acac91d1c9e360bf414ad4ca5278c804855c79,mel,nv,0.778919,False,1,0.0,0.000792,3.6e-05,6e-05,0.220139,0.778919,5.4e-05
2db5b3d82d06e922435ce5dbb164f9a258eaac3578a78e56b04b6a604a35ba88,mel,nv,0.557453,False,1,0.016529,0.000502,0.347635,0.001223,0.076223,0.557453,0.000435
2ddd44f65c3fc4493068c4eb1b6fec04961d8e38c9eef92fd9a3e445abdec5de,bkl,bkl,0.550207,True,1,0.014751,0.014866,0.550207,0.000551,0.017984,0.400826,0.000816
2def722e51333d072be092691223a25e4b8a2f25f06f45b343079570391add85,nv,nv,0.943417,True,1,9e-06,0.055497,0.000449,0.000248,0.00026,0.943417,0.000121
2e0d02486dc6ad0f7d990705b647cb72a63bca62cc32828d9d3e54b0debdc0da,nv,mel,0.97434,False,1,1e-06,1.3e-05,3.9e-05,6e-05,0.97434,0.025494,5.3e-05
2e10070da7de0c9a8ec0bb265e1f0e8097fe844c2109238ef3760434cbc7ea89,nv,nv,0.996585,True,1,0.0,0.0,0.000122,1e-06,0.003283,0.996585,8e-06
2e2b4d3374e27b36b0401a5141317263996ee39759a719ab4d96f471f802391e,df,df,0.999723,True,1,2e-06,2e-06,1e-06,0.999723,7.7e-05,0.000195,1e-06
2e36272fa4900a6bf315a4dbf19741cc31b9a48ab28dab86080d75d945c23754,nv,nv,0.625235,True,1,0.033992,0.012647,0.10132,0.003598,0.221918,0.625235,0.001291
2e47547133b85dcd110faee239ff305ece2a149cf044a908f5f61a10348649da,bkl,bkl,0.996154,True,1,0.000929,7.6e-05,0.996154,0.000105,0.000515,0.00217,5e-05
2e4ce16b0e485679c17e79a77b05d61a5e4860b4aa378dfc245e822fb681aef5,bkl,df,0.953957,False,1,0.004987,0.000876,0.020343,0.953957,0.001387,0.018187,0.000263
2e538cc4f248e4e60b6cef4f2c5f198d369979432d676d9c282e227829e9a043,nv,nv,0.9466,True,1,3.1e-05,0.000925,0.009866,0.00016,0.042056,0.9466,0.000362
2e7cc87c78dd298da7b8a7091021bede406b9022145a0cee2a35939ed8a9beba,mel,mel,0.620393,True,1,0.0,9.3e-05,1e-06,1.9e-05,0.620393,0.379137,0.000357
2e8ce0c4b01eb42fb6b2eb7fd0b7c16687e9e7590afbd33e0ca6bccb1077a876,bcc,bcc,0.77503,True,1,0.003329,0.77503,0.068437,0.000273,0.001563,0.150662,0.000705
2ea0e721c5319fe658360c594b1dba0e67914bffb4af15035b62a26009e1cf73,nv,nv,0.417207,True,1,8.4e-05,6e-06,4.9e-05,0.225774,0.356575,0.417207,0.000304
2ea69ad10934e5bd458e2075b2a134eaafd69d8b25bc65d58afaef5ba9f82c23,nv,nv,0.999947,True,1,7e-06,2e-06,3.9e-05,3e-06,2e-06,0.999947,1e-06
2eae52eebcf19ecb48efea667b61ff0af3d7968ad71b3ce8ba83fba0e3e02538,bkl,nv,0.993063,False,1,2e-06,0.003385,0.001307,0.000145,0.001906,0.993063,0.000192
2eb21e472d251ee31a97e34da2cd03a413217afc3a304b727a8916b3dedc1b53,nv,nv,0.999973,True,1,2e-06,0.0,5e-06,0.0,2e-06,0.999973,1.8e-05
2eec08d305bdb8e3316542bb111de9086b1c43c62f14ec78b58726d653ea7cae,nv,bcc,0.999374,False,1,1e-06,0.999374,1.2e-05,0.0,0.000146,0.000212,0.000254
2f23693be601211573b74cdfc957b8deb7ba381d35bbbcaeccffe24712df0155,bkl,mel,0.5716,False,1,0.001914,0.000511,0.04923,0.000816,0.5716,0.374265,0.001664
2f35e24fea841c063117d6a60bc1df33bc44e7b9e96b3e68e318d17889f76feb,mel,mel,0.505185,True,1,0.000196,0.016755,0.009026,0.00519,0.505185,0.462838,0.000809
2f5bfe3475fad1b0a5c1c55c586fd49d6e1be1002313b2e06fb036c3f1d7b9f2,bkl,bkl,0.998018,True,1,7e-06,1e-05,0.998018,1.4e-05,4e-06,0.001894,5.2e-05
2f73fec77800246ab78d586386798325fcbe34f98cd33aeee42adc51097e1b77,nv,nv,0.955861,True,1,3e-06,0.001255,0.000603,5.4e-05,2e-05,0.955861,0.042203
2fa1b75da1a55d900c704773db74477352b3ba8a2fd220a6fdfd1fc47c59a05b,bkl,nv,0.987154,False,1,4.2e-05,0.000663,0.002712,0.00028,0.009111,0.987154,3.7e-05
2fe10af4d49c0e9c8bb418456af923c4237d678b42d92ab626175ecbdab91d11,nv,nv,0.999891,True,1,7e-05,2e-06,1.1e-05,2e-06,1.5e-05,0.999891,1e-05
2fe95c5a985f1cc9d728621ee2098b6f3265444c37d5bd99dda304250341067e,akiec,bcc,0.988663,False,1,0.000123,0.988663,0.002143,1.9e-05,3.5e-05,0.007053,0.001964
2ffa83e0209a5a283152a29f6df36f315bca4f0ebda6755d7b5eb696945dc0c1,bcc,bcc,0.707865,True,1,1.3e-05,0.707865,0.000407,2.2e-05,0.020883,0.270403,0.000406
3016361bc3f97d7a2164c2123b114ca88dde30ee898deb2edfbb400fa8f4e7f8,bkl,nv,0.839816,False,1,0.000154,0.000687,0.145904,0.001317,0.011475,0.839816,0.000647
306a2d8c06d995d67a9b34d0793fbe7256c6f4021d7f8ad2a75b3fff859ad295,nv,nv,0.999994,True,1,0.0,0.0,0.0,1e-06,3e-06,0.999994,1e-06
306b0e14f381d5d5dbee2517b303794c091c51b845f1da431e38bc4fef1bfe13,bcc,bcc,0.834194,True,1,0.010145,0.834194,0.010911,0.00959,0.000132,0.1343,0.000728
30972ad3f444b04fd193871e099687c33fcfc237a74e95c46cbc21b303559785,nv,nv,0.998796,True,1,0.000106,6e-06,0.001065,5e-06,7e-06,0.998796,1.5e-05
30a6fb447e99e71bd058c82681483fde0083a6b3514315571e37feba7b007aa3,nv,nv,0.944591,True,1,0.000455,6.1e-05,0.002049,3e-05,0.032939,0.944591,0.019874
30c28f7993235a952927bbea375005b6259e0c2081857fdd3b1ab722ae7b8221,nv,nv,0.755477,True,1,0.015671,0.057557,0.001892,0.015144,0.154064,0.755477,0.000195
30c802db545ed3d0bc62a9a4ee8376268d917e8ba9404c975e781fabc45d2ee0,nv,mel,0.609229,False,1,1.7e-05,0.00094,0.000462,0.001395,0.609229,0.236148,0.15181
30cdfd5afa977c030c27d9cf858128e2ef5e3f5661267d7fdcc6aca28ebc7414,nv,nv,0.996782,True,1,0.0,1e-06,3.6e-05,1.1e-05,0.003169,0.996782,1e-06
30e3c0e829f500fe14dc5e9da0aba4d621f1632a188bffbc1a492090151bc4e0,nv,nv,0.977089,True,1,2.7e-05,6.6e-05,0.000271,0.000243,0.022228,0.977089,7.6e-05
311aeeee77bc161eb872e77b0100e40a0782c24591425632fdd3c98adb8fd4b7,nv,nv,0.997977,True,1,6e-06,0.000348,3.6e-05,4.1e-05,0.001573,0.997977,2e-05
312f256f190be68f4c9791daa6a46deb79dd564ef2a6c7efed7d536a444da533,bcc,vasc,0.540872,False,1,2.4e-05,0.264593,0.001464,0.000341,0.002084,0.190623,0.540872
314a863193ef8aa56a5b98785f701558612ac0c2b8a8cb52e853085f120f2512,bcc,bcc,0.436476,True,1,0.008581,0.436476,0.018498,0.059575,0.421729,0.052695,0.002447
318c89abf298bfb4674780b9ebe212962293caf111e1c919746f0b2f46c53ae5,akiec,bkl,0.585989,False,1,0.218707,0.0204,0.585989,0.017447,0.070814,0.083701,0.002941
318f5f3996a4c7adff5bc67d64a4082243b6c0e90f4f140d58d3df0d114b84d1,nv,nv,0.999982,True,1,2e-06,0.0,1e-05,3e-06,2e-06,0.999982,0.0
31a18c364049738219f7b1a5985c1d64f4530ceb31d2d4ed2fe20b8c7278166a,bcc,bcc,0.981547,True,1,4.9e-05,0.981547,0.000144,0.000142,8e-06,0.018038,7.3e-05
31d0c0de69fa26353c4b6d4b4a10d05cab554d13c0ecb23b2142707ebb73653f,mel,bcc,0.626724,False,1,0.015907,0.626724,0.023577,0.05965,0.190355,0.071938,0.011848
31f63a734493f25cb70ed6e47e7e0ca36417409cb3a7e257da866ada30aedf2c,nv,nv,0.99992,True,1,1e-06,1e-06,8e-06,9e-06,8e-06,0.99992,5.4e-05
321b0c6448ed722d8ce904d6bb560e429f5db1eb4ac0aa35127eed5ba8bf60be,bcc,bcc,0.932056,True,1,0.003097,0.932056,0.000394,0.000215,0.000425,0.063684,0.000129
321f06a6def2577b8144f35b4478bf1f1261d630186932323529d4b0be4c68e4,nv,nv,0.879315,True,1,0.014333,0.005185,0.053002,0.031429,0.016341,0.879315,0.000394
3230df67f5d887fd6a3e248b1400e4c688c3a59fe7ea6a8a4e73e0cbb56c5eef,nv,nv,0.732324,True,1,0.00166,0.00039,0.019732,0.053217,0.19242,0.732324,0.000255
3242409a4d15b54f01c602b499d5446c8c320f8c9256a320f5caf685041b557a,nv,nv,0.847676,True,1,0.000886,0.00031,0.074439,0.068294,0.008281,0.847676,0.000114
325852cf006e5568a1242f4a98d4918979685556d850ad4440c00f4b2a2dbd13,nv,nv,0.997809,True,1,0.0,3e-06,0.000458,8.8e-05,0.00164,0.997809,2e-06
326ac29e0f10c992c57daa2da34767f2ee8a2e057f3663c2038d3ebc6d33b338,nv,nv,0.858894,True,1,0.000383,0.000483,0.00013,4e-05,0.139824,0.858894,0.000245
32748294a5e36132e4a76977c8dd4c493dbc16112582385d42be4eb8079969c8,nv,nv,0.995673,True,1,3e-06,3.9e-05,0.000283,0.000113,0.003862,0.995673,2.7e-05
327c7edf0bbd3b4fbf086e54b8fe817724b6f4093a1c0aa42c26e70c21822517,bcc,bcc,0.988445,True,1,7.8e-05,0.988445,8.8e-05,0.000271,0.000107,0.010989,2.2e-05
328162cc9f0b5bc9c487c8c36c4bdf83153699e423551b9b93feb7dcd1469069,nv,nv,0.983815,True,1,3e-06,3.5e-05,0.002677,3.4e-05,0.013323,0.983815,0.000113
32b7d25c394e7e234945bae116af3fcdf5fa518c9baab89e5110651a58e0d877,nv,nv,0.980549,True,1,0.001263,0.007869,0.00446,0.004295,0.000841,0.980549,0.000724
32d04ce489140089066a298b033ad61d79970d6439c01b13aef61063ef0ac0cd,nv,nv,0.999682,True,1,4e-06,1e-06,5.3e-05,5e-06,0.000205,0.999682,5e-05
33070c9cdc83865a0bdd505ad94621f9eb1d468b0cc7da31261d6934decfe39c,nv,nv,0.999158,True,1,0.0,0.0,5e-06,4.6e-05,3.2e-05,0.999158,0.00076
3320430807a5f7a7746eec468dac374dec1878eddb53c97c48ba6088f65e63a0,bkl,bkl,0.55869,True,1,0.050837,0.004842,0.55869,0.002434,0.298973,0.082977,0.001247
3327f7c89a1dae66b2eef69d6b5229602efd2d97e14a7a4209a1c667df1f49a2,nv,nv,0.843674,True,1,0.000534,0.139519,0.002076,0.013191,0.000754,0.843674,0.000252
333df650c4a46deae57b6fbf44b51a7a01425f2246631071b67e2677ee4f0785,nv,nv,0.849444,True,1,0.004671,0.000331,0.111511,0.003055,0.03078,0.849444,0.000209
33654b70de2b254493fdebce65d307ec7d867857af006003155ff9fb3c1a2584,nv,nv,0.928184,True,1,1.4e-05,3.4e-05,0.033743,6.5e-05,0.037787,0.928184,0.000173
336cd111aa770ac08ada79c558edfcdd503df92a9dd904ac247bf7678782ed75,nv,nv,0.636894,True,1,0.001188,0.036067,0.11248,0.02876,0.181786,0.636894,0.002824
337297d78933709e4bea8362889e872f652259259ee10029cd6c48aa6cfe0b1c,nv,nv,0.940437,True,1,0.0,1.6e-05,0.001532,9e-06,0.057976,0.940437,2.9e-05
338220e3dbf554cd9e3c2904a88b11d0894a7e378eec7e6911dd0dee834d604b,mel,nv,0.491137,False,1,0.000627,0.001281,0.005135,0.018875,0.48244,0.491137,0.000506
3393a65563b4654d52e32b999a305afc20cf01f15e8be705334cc79687870120,nv,nv,0.995992,True,1,6e-06,1.9e-05,7.8e-05,1.6e-05,0.003879,0.995992,1e-05
33a4dfa0ca130f6114cbbb5c2633ddfd2dedfc764221c9403d4ac1a492d4923c,bcc,bcc,0.655475,True,1,7.7e-05,0.655475,0.010216,4.1e-05,0.01405,0.300788,0.019353
33c307c98f6c27a67ebf1c4a518ada1ff22452cfe19dbc0f9d42bfd97d256271,nv,nv,0.984198,True,1,0.0,5e-06,0.000273,1.5e-05,0.015507,0.984198,2e-06
33e1b05b683fd629b16977497c3884d112c26098c8308a95b00d9971d74a3808,bcc,bcc,0.974467,True,1,2e-05,0.974467,3.9e-05,0.000177,0.000104,0.025164,2.9e-05
33e91aa34cf1ce9ffb18c5d3ed3c4e96c2663e714a9207e10a1056c02f39bc50,nv,nv,0.985218,True,1,3.1e-05,2.2e-05,0.003541,4.9e-05,0.011133,0.985218,6e-06
33f736852b9c0ed320c725f96be096e82d4ebdb866a884eb9bccd54474013585,mel,nv,0.53235,False,1,0.000394,0.000375,0.032107,0.394292,0.039905,0.53235,0.000578
340aad56922a5b1a6dc43d48991bb8f85fd168b1eba6731aaf3dc8a2e2711027,mel,nv,0.967185,False,1,0.00038,0.000221,0.006832,0.000272,0.022512,0.967185,0.002599
348326a65c59bcdb36564af07a37836fbbe1471dea0a01daac36a061c336fe73,nv,nv,0.989595,True,1,0.000532,2.8e-05,0.006245,0.000525,0.003068,0.989595,7e-06
34839af5bfb5fd56c7542263afde83ffbccee3364dbea6c941019f0fbf4bb5d0,nv,nv,0.999555,True,1,0.0,1.7e-05,1.6e-05,0.000304,0.000105,0.999555,4e-06
3493e1a03a8a4081d89fda806ed7f0307266b19f4ae35d91d7d02f76d57d85d2,nv,nv,0.624221,True,1,0.000329,0.000481,0.063906,2.1e-05,0.310908,0.624221,0.000134
349d7bd93d65048cec68fa0e175ede86b6215cae7e940aa165e8f69aa84a9345,bkl,nv,0.909602,False,1,0.002654,0.014106,0.068987,0.004292,0.00016,0.909602,0.000199
34d816072fe2ceeb5d0b93db52eab496930fab543d8918b6c661bfec47eb0a2f,nv,nv,0.998626,True,1,5e-06,0.000697,0.000276,2.6e-05,0.000349,0.998626,2.1e-05
34dd6edd21f007cd25429771acfd1f1e7984574a93b4bf68f496b5320669827e,mel,nv,0.884085,False,1,0.0002,0.00455,0.004911,0.009271,0.096716,0.884085,0.000266
35033f97c55509cc906ff5d47ee89dad4eaf7229f1c453dfcdf506c2e844ed7f,mel,mel,0.792045,True,1,0.001605,0.000201,0.081917,0.000734,0.792045,0.12298,0.000519
35491c01d450958b84dd236f9d0c7cb32db8046e4c3f5508c06320e0174527fe,nv,nv,0.999078,True,1,1e-06,1.6e-05,4.7e-05,0.000114,0.000329,0.999078,0.000416
35536ece864088b5dfdd0f6195c6f0261c94c181617bdebaf8fb893ae874232b,mel,mel,0.805746,True,1,0.000192,0.000187,0.000848,0.000254,0.805746,0.19243,0.000344
356d48e7452e0ec34b0aede7f7c0b52683876692c5d86b3d45f3ca292da4a190,mel,bkl,0.827557,False,1,0.052409,0.000235,0.827557,0.004494,0.107171,0.008074,6e-05
357586544616fefd4a5e41237ef4a37f5955699770fff6936c14b2336884a173,nv,nv,0.994068,True,1,1e-06,3.8e-05,9.5e-05,8.7e-05,0.005709,0.994068,2e-06
357e57ed1a2ad4ee90206a67c2e2a1ffad9b896409c75252cd933f42095492e7,nv,nv,0.999947,True,1,3e-06,4.2e-05,1e-06,3e-06,0.0,0.999947,4e-06
35a1d945b6bf7bf91912481edbea18d4253109a39223c920346784fc4036dfac,nv,nv,0.999441,True,1,1e-06,0.0,1.5e-05,0.000107,1.7e-05,0.999441,0.000419
35eba321b7f1004dd9fe962298a44d462bc5eb85f3cb563c3b5eb3c78926a4a7,nv,nv,0.884405,True,1,0.000125,0.000689,0.00044,0.000563,0.113711,0.884405,6.6e-05
35f374b22ed0d869b29e401226766bc1274ef20352a4af9d506e0d1e22242554,nv,nv,0.995529,True,1,5e-06,6e-06,5.5e-05,2.5e-05,0.004325,0.995529,5.4e-05
35fe81dd38cdafa426d4fd14ba9f156098b484fa8a113898e798d2a08b83d1ca,bcc,nv,0.936009,False,1,0.0,0.063834,2.3e-05,8e-06,0.000124,0.936009,2e-06
36513e223abfbe5b354febbd21f9ecf5f59fa5211aac4e72d61af7b0bc00d410,nv,nv,0.999985,True,1,0.0,0.0,0.0,0.0,1e-05,0.999985,5e-06
368cee89430d59c01bcdf7e735335a351d7aa3fb5bfd763beccbc676c4f272b4,bcc,df,0.842452,False,1,0.023112,0.023113,0.006987,0.842452,0.022382,0.081634,0.00032
36a224cce62cdccafa98e98e101783d1f081adcf9e00da8b93054b0a6a6a9840,nv,nv,1.0,True,1,0.0,0.0,0.0,0.0,0.0,1.0,0.0
36bb5419d91ee854675a648db309da58320b098d7a175275ae164f7fafd41eb3,bkl,nv,0.916555,False,1,0.000163,0.000406,0.081865,8.7e-05,7.2e-05,0.916555,0.000852
36c301d86455360463d714f271b188c1f759c1282f824d8426f1d8f23824ac64,mel,mel,0.609411,True,1,0.002336,0.228225,0.021414,0.00127,0.609411,0.028026,0.109318
36dea32a1a05b25e426bc148bbcd21c94cbc4680149601098719485f3485e09a,df,df,0.999991,True,1,0.0,0.0,1e-06,0.999991,0.0,6e-06,1e-06
36fc7539ad6c037367f17abae6f98e6699dce80639139019b8401060fd75f7e7,nv,nv,0.968437,True,1,0.00324,9e-05,0.024903,9.7e-05,0.003221,0.968437,1.1e-05
378cbfcaf83dbe87061e98de5f1a686dce54a8dad66b87871276b296c5791c90,mel,nv,0.974369,False,1,1.5e-05,0.002013,0.00081,0.000572,0.022205,0.974369,1.6e-05
37927cc43646fd7f71e181b585513332fef5460d80f2efe09eae863d61d950c3,nv,nv,0.996726,True,1,1e-06,0.002893,3.8e-05,0.00011,0.000227,0.996726,4e-06
37c1d1b55629033664da98ed8a08f0d9a3d22df8625c9863c76f1db0b31a9233,bcc,bcc,0.806411,True,1,0.044845,0.806411,0.017539,0.007393,0.007621,0.115224,0.000966
37d47f78e69c8a99860ad1eb79c97578f832fff788db1fc0c99ff2a9d042fca6,nv,nv,0.973624,True,1,0.0,2.8e-05,3e-06,1.8e-05,0.026291,0.973624,3.5e-05
38037e525342a7dc2d0d4665343bb25ee5549d894799f1a9363bc079e7c63bb0,nv,nv,0.99968,True,1,2e-06,2e-06,7e-06,5.7e-05,0.000206,0.99968,4.7e-05
384a46aca12a4f994aaf0480d163880d8f3441a4ce4e25921c6f7b0b399ca0d6,bcc,bcc,0.995149,True,1,0.00036,0.995149,0.001774,0.000368,5.2e-05,0.002263,3.4e-05
3873e30a4145eeccf94d1531baeefe0c4ba8e13d16ee51e1783b577e60006d20,mel,mel,0.631115,True,1,0.00046,0.05222,0.000975,0.001084,0.631115,0.313992,0.000153
387e11d2af9de15b2b4948f99d849620a7c1a0cffa027af8d2e7e8fc21678a5c,nv,nv,0.999584,True,1,0.0,2e-06,4e-06,0.000376,1.7e-05,0.999584,1.5e-05
388254421475cbe1f2946dcc390e964451f825b92e02c28b68dee189893f48e0,mel,mel,0.525912,True,1,0.001886,0.013554,0.004126,0.001282,0.525912,0.45257,0.00067
389bcc0bd247ac908bcecc009259b24eee4418985447b1c203424564870122f0,mel,bkl,0.978953,False,1,0.001641,0.000174,0.978953,0.000114,0.014734,0.004351,3.4e-05
38bb2c9c55855db7a2021ff15416d27523f8ae22fbf7b0af14a5ee08e0e068ec,mel,mel,0.665248,True,1,0.00154,0.002533,0.180084,0.000245,0.665248,0.148971,0.00138
38eb09978eb714d69490f49c431237c0d967c2f2da4eea6d0abbc405079bac24,mel,nv,0.818741,False,1,0.007419,0.029013,0.014682,0.028391,0.09731,0.818741,0.004444
39001ff758bec378a516147146512198958a8351b67142bdeb3a6b4530b00488,nv,nv,0.999989,True,1,0.0,0.0,5e-06,0.0,0.0,0.999989,5e-06
3910985ca8413bf8e582aa3ebeea730a5468140fc6689ccf41c7d1006f9431a5,nv,nv,0.999069,True,1,5.4e-05,3e-06,9.4e-05,6e-06,0.00076,0.999069,1.6e-05
391ac2d20b5d07dd84b40e3236b9e13dcd62fdaf3c2e5fe4588502b9ca1c0591,bkl,bkl,0.996795,True,1,1.6e-05,6.4e-05,0.996795,4e-06,0.001576,0.001378,0.000167
394945169a92809f71bf13448dc36bf540df2916ef76a1346247d986fc3871f1,nv,nv,0.991514,True,1,9e-06,0.000707,0.00025,0.001208,0.006297,0.991514,1.4e-05
394b4ac9ab94549cc8ef8eaa6e549cc00648e4db5519e8bd079eb9955574d518,bkl,bkl,0.980847,True,1,3.4e-05,0.000188,0.980847,7.3e-05,0.004206,0.014597,5.4e-05
3952d5bc6b646e5dee1574bed5d2c271718101bd13b3965978402e08ffd9603b,bcc,bcc,0.758663,True,1,0.001081,0.758663,0.009352,0.000428,0.000412,0.229098,0.000966
396118cf00884821673ea22cd411c33c6a8ebd4780e5c98e4dd3cc302477603a,df,df,0.996993,True,1,0.000342,0.000531,0.000116,0.996993,0.000137,0.001864,1.7e-05
3962967054493eb34cfa191cd400dadb6a5e794e83d7435176cbd854720b0f30,nv,nv,0.999843,True,1,5e-06,2.7e-05,2e-06,3e-06,0.00011,0.999843,1e-05
3980907d82651b8b461c1d23917e3ed1350a4e352a8a596e9ff315fecdc09593,bkl,nv,0.935528,False,1,0.00052,0.000943,0.031774,0.001528,0.028959,0.935528,0.000747
39a95032338d020e6057d508f61d7783a21bdd5751903a9894078fcbfc07e8f5,nv,mel,0.57912,False,1,1.8e-05,0.000128,3.5e-05,0.000111,0.57912,0.4194,0.001189
39d5719b8342aa75db0fd95e515c3c2e8e278e34158a10ab6e098897706a09e6,nv,nv,0.841142,True,1,8e-06,0.000713,0.127363,0.000336,0.029494,0.841142,0.000944
39e7aff53b6b221c35ef5bf707b69aa301235599816c483ba0dfcdb14a4054d1,bcc,df,0.465777,False,1,0.04929,0.06435,0.007373,0.465777,0.106455,0.304562,0.002194
39e902a67bf611a50f5a7703a56f00725565ff0573d421cf0ccdf409af87cfb4,nv,nv,0.992703,True,1,0.0,0.0,2e-06,5.3e-05,0.006552,0.992703,0.00069
3a2f1f145cf9f1f304db03dd879c4d0f91c68b10df903d5a0cdc18d8256f42ab,nv,nv,0.941735,True,1,1e-06,0.000116,0.001034,0.000135,0.056964,0.941735,1.6e-05
3a5d9c5a237f07a0f4a2f2d9bf93c22d98de30a8b74e7a62681422467c8481e0,nv,mel,0.673317,False,1,0.001006,8.3e-05,0.038571,0.000123,0.673317,0.28605,0.000849
3a72fe64d4742548e277b320bd274335981cb9c52a2e635121c62d356e4b8e21,mel,mel,0.761191,True,1,3e-05,7.5e-05,0.003218,0.000126,0.761191,0.235249,0.00011
3a7326b5d7c795b27590e8f9cf62648229b11c385d2922c75a5dd201531ae064,nv,nv,0.999989,True,1,0.0,0.0,0.0,1e-06,5e-06,0.999989,5e-06
3a884b3c383def0603ddd61495f50a187a3f4a1ec6fe3e364552f8aefb56221f,bcc,df,0.865428,False,1,0.059038,0.052777,0.01272,0.865428,0.002209,0.007714,0.000115
3aaffe82d6eaf64041310c074c85c1efd56ddb2c13edf4b02cceb60f001cf398,nv,nv,0.92302,True,1,0.000182,0.038833,0.000314,0.011028,0.000508,0.92302,0.026114
3ae6b24f4c43eb0b061bd99078249ea27ecf4de5b308cd35bb48abb209bfe0aa,mel,bkl,0.67207,False,1,0.001181,0.000271,0.67207,0.021963,0.000544,0.303956,1.6e-05
3b08d159ca4e15384a4374c5866ca03e9b5949abe4a92a7703d805481f069fad,mel,nv,0.562611,False,1,0.000309,0.414069,0.000353,0.001872,0.020297,0.562611,0.000489
3b37caecfb19f8578226f691f4ee853a0bfadac242af119e8fbe9a564a836fd5,bcc,akiec,0.603233,False,1,0.603233,0.018727,0.22223,0.019282,0.016597,0.107444,0.012488
3b6f00fac065b32d164384d24acd6de91726696c9a1c6881b422de544ba79c87,akiec,nv,0.660268,False,1,0.000487,0.000844,0.335035,0.002534,5.3e-05,0.660268,0.000779
3b73d4e8e722ce8dd848915a28914cccfd68922e086a04b3ff41346040ea9570,bcc,bcc,0.734868,True,1,0.08325,0.734868,0.150182,0.005533,0.001056,0.021135,0.003976
3b8dcece6ccf0536277513462b520f17e4e5cff5909868d46ec4df7ed71b6e71,nv,nv,0.999957,True,1,0.0,1e-06,1e-06,1e-06,2.3e-05,0.999957,1.7e-05
3b9cfec74b1a92477d2609e10c9b9dd3286e3a56f3a47b27b060575f5da26cf5,bcc,bcc,0.606698,True,1,0.006469,0.606698,0.001904,0.177012,0.12637,0.077984,0.003563
3ba18eb814333657e6c184788210f0c68fb34a87784d1773aab6363625a21898,nv,bcc,0.683767,False,1,2.8e-05,0.683767,1e-05,0.000223,0.174157,0.121095,0.020718
3bb5f397e9b79b6be2521eb20dec9414b47b5f05fb213fc5a5ff11c97ce54dc0,akiec,akiec,0.740385,True,1,0.740385,0.000215,0.245619,0.000414,0.000262,0.009928,0.003178
3bd86efbefd6f759c48a174acd54489e0883efc3a6752c941dd7140e66c708a8,bkl,nv,0.748441,False,1,0.000249,0.000597,0.075522,0.001374,5.5e-05,0.748441,0.173762
3bdbac30e3b74b701a05e786897478d5deb49ca4a8a4a8ea1e4e5685151e612b,nv,nv,0.978475,True,1,0.0,1e-06,0.001279,0.019973,7e-06,0.978475,0.000264
3c2470f74df56997fd1b496dc30b29e0e8c1cbd22a37c2d490ca88cd6b15b7d5,nv,nv,1.0,True,1,0.0,0.0,0.0,0.0,0.0,1.0,0.0
3cdde579426d1933293d8908b4390a868c613518bbdf123923901e26f07af893,bcc,bcc,0.312408,True,1,0.1204,0.312408,0.300107,0.018268,0.225597,0.018807,0.004413
3d0a6cb1ecbb60f42511a6fb10ff243425f9ed70fda3f12894e69613437a5e08,nv,nv,0.996137,True,1,1e-06,7.1e-05,0.000211,0.000253,0.003319,0.996137,8e-06
3d1332f240c3d930896d138c68dcc7fde0bf3658e492db2f09c9b23c206a568e,nv,nv,0.967483,True,1,9.5e-05,0.000212,0.00808,0.000312,0.023498,0.967483,0.000319
3d2823bc9211a2988c58751d21818666a95296d3b89471b82215105b319f4584,bcc,nv,0.794023,False,1,0.007987,0.064983,0.035927,0.000401,0.051616,0.794023,0.045063
3d2c10927052b3a977cffd08d23118e726115a69661a09663239e494f84de568,nv,nv,0.999994,True,1,0.0,0.0,1e-06,1e-06,1e-06,0.999994,3e-06
3d3bb06c16fe5bb477cc4f921a157822e78098c9449af4a1bbade653aedc7b94,nv,nv,0.86542,True,1,1.1e-05,0.000478,0.025014,9.2e-05,0.108649,0.86542,0.000335
3d496781624c9af206c8274d10033cdb10269d3007a932ff53d1678e3ddc2794,mel,df,0.63984,False,1,0.001014,0.002488,0.082324,0.63984,0.022507,0.251659,0.000168
3d4ab5f11f665e4187e76cd3c9d8fb979afafa3243e3ba3c4ee0e18b134555c6,mel,nv,0.69614,False,1,0.00605,5.6e-05,0.173855,0.000217,0.123589,0.69614,9.3e-05
3d4fedd27ef4e8bc99ba80e43d7a2fff1376eac31e654d2bc4ce9737f172dbdd,nv,nv,0.995504,True,1,1.2e-05,4.6e-05,4.2e-05,0.000433,0.00396,0.995504,3e-06
3d8435a3f933a10246e9b7a9819851c3a1a6374dc0e51ce2a11ffbc5f5324ee4,bkl,bkl,0.447435,True,1,0.01002,0.08664,0.447435,0.025338,0.002354,0.426984,0.001229
3da8977b9c319a7280bf73f27458a2e70855845f607af4d56541f76e0f3a6b85,bcc,akiec,0.569965,False,1,0.569965,0.136934,0.222513,0.001053,0.003204,0.064184,0.002147
3dbeb1bbf682c55ab26cd658bc779243b00f2576e4400ad75e2124369b728bae,nv,nv,0.960135,True,1,3e-06,9.3e-05,1.5e-05,4.5e-05,0.039668,0.960135,4.2e-05
3e51d799e569b771fec9bfa51780702f9599d8c44fc5d6f8f51a698d398ad8b1,akiec,nv,0.603114,False,1,0.001277,0.003191,0.38743,0.003012,0.001115,0.603114,0.00086
3e5f1a17276493647054e465571d3473224573b9bbd215fa4e4a2cf92aad7d74,nv,nv,0.91776,True,1,0.000868,0.005865,0.060919,0.003022,0.011504,0.91776,6.1e-05
3eb5dfb29ed7dd59e479e7b95688158ff16f27fc42271a59b20fa414af98eab4,akiec,bkl,0.938667,False,1,0.027166,0.006233,0.938667,0.003037,0.010176,0.014117,0.000605
3ebfdd89374d5e92d9a34a4d0759b122381e732064b5a6cf790957ab335e4c18,nv,nv,0.995499,True,1,0.002415,0.000452,0.00134,8.8e-05,0.000131,0.995499,7.5e-05
3ecd533b719f4472319ca599b3fe391681a484055cb7b0ed9e22f1bdfddc7c92,bcc,bcc,0.746333,True,1,0.044428,0.746333,0.04062,0.034676,0.073094,0.060364,0.000485
3ef212494bea98265712e459ff02d738517e36ca958e454ae690a22a431ca81c,nv,nv,0.926998,True,1,7.6e-05,0.000207,0.004362,0.000455,0.067759,0.926998,0.000143
3f09a74e176f122b0ea4b6ce39b94334f97c127a84782faaad6cdb98cc9b6e4b,bkl,bkl,0.956917,True,1,2.8e-05,1.6e-05,0.956917,6.6e-05,0.001109,0.04186,5e-06
3f2bb7bf78f774ab41e5ebda928c452fb1e30b81a5ee83636ff21a364b7d1396,nv,nv,0.972128,True,1,3.9e-05,0.002339,0.024845,3.9e-05,0.000473,0.972128,0.000136
3f358b83dcde07c7185875398a0fe1d6d3473797296364541c41ed2acbe88e1d,nv,nv,0.99694,True,1,0.0,6.4e-05,3.4e-05,6e-06,0.002951,0.99694,4e-06
3f44cb11f989a7ffe24888508bfc5a07f4b39406ade91f93d25869779189622b,nv,nv,0.991493,True,1,1e-06,5e-06,2e-06,2.8e-05,0.008379,0.991493,9.3e-05
3f83b3b71ed203c7c172937ff176bd25145a3527e51ad434b2f705d250fc090d,nv,nv,0.992875,True,1,2.4e-05,0.002156,0.000434,7.6e-05,0.004386,0.992875,5e-05
3f99ec43bb2f1bba6b7fb8cfade617731e37dcda5cb1c57f5c6f846a41d5f9a3,mel,nv,0.974417,False,1,7.1e-05,0.01204,0.001331,0.008839,0.003193,0.974417,0.000108
3fc23b9054f0e1edde74cb06e0f3e1e552ed3e37f968f88941757616c7f8d1e7,nv,nv,0.98952,True,1,0.0,3.7e-05,0.010013,1.9e-05,0.000384,0.98952,2.6e-05
3fe2042657f4423f2b7065f4ec74e6e86496e7d51eccba160f490aaecf3e07e0,df,df,0.941032,True,1,1.2e-05,0.000196,9.4e-05,0.941032,0.000237,0.057955,0.000473
3fe525920e25aa599fa2dc19c3a36fcb968d4b1390072d05789852b4f05e6655,nv,nv,0.999999,True,1,0.0,0.0,0.0,0.0,0.0,0.999999,1e-06
3fecf5ef9f243c0a7b660a16ee763f57c940e02cbe6b02194d3f71c5c754530c,bcc,bcc,0.999147,True,1,1.2e-05,0.999147,1.2e-05,2.7e-05,3.2e-05,0.000662,0.000108
3ffbbd69f831487936b3eed657bc6eb9c6da66984dcf1f49a66e74d85d8eacc0,bcc,bcc,0.920143,True,1,0.004935,0.920143,0.008068,0.003783,0.000247,0.06203,0.000794
402929c0d981cc5994a190648a25bfbca82028d2f5914d06d6a04a94d5ac79ba,nv,nv,0.471472,True,1,0.043691,0.002339,0.467613,0.002474,0.012331,0.471472,7.9e-05
40326d4bbef49e09d1c62af7bed602acc58dcdd749452038bea418f77e3e201f,bkl,df,0.876756,False,1,0.035433,0.016337,0.001329,0.876756,0.05039,0.019258,0.000496
40738c5d6af8de51ec107cc4b4b899630e45b20fdfd746f447cb681db660a042,nv,nv,0.99999,True,1,0.0,0.0,1e-06,0.0,1e-06,0.99999,8e-06
407f40c530405b64ab6e2624b5cede5301b3c87045abbb33f553d16b5a6526fe,bcc,bcc,0.89385,True,1,0.020636,0.89385,0.001339,0.028255,0.005098,0.050601,0.000221
40a1b4b04e52eea87a178600ff936a0673bc62b5999b0ed8965b6aecadd73bf5,nv,nv,0.973362,True,1,0.002132,0.002721,0.020933,0.000274,0.000547,0.973362,3.1e-05
40c9cee9734bb55b9ac7a921da15b310c60ddf3da6be42735d9e197c7bcd2003,bcc,nv,0.672034,False,1,0.042482,0.163726,0.069226,0.049496,0.002892,0.672034,0.000144
40ce78973d959fd1ee0f012c7d99e63d16c4c4fb97dd903f149decbf873ad896,mel,nv,0.963798,False,1,8.5e-05,0.018267,0.002755,0.000112,0.014746,0.963798,0.000237
4130b6b1eb948971839000c1e3286ba70910c03950ad6d60d20cd393c0b2de71,mel,mel,0.953725,True,1,2.8e-05,0.000814,0.000428,2.9e-05,0.953725,0.044294,0.000682
4134baacea97685f871c853d80062f512200d7c782b4bd338eedf0252440d453,mel,akiec,0.709341,False,1,0.709341,0.136538,0.096618,0.003624,0.021553,0.024672,0.007654
4143248dae4240e23cfb434ce6f9ddae23b5549713bbcfdf7a1b4677cfe00c70,nv,mel,0.73758,False,1,0.001043,0.000162,0.054261,0.003534,0.73758,0.203111,0.000309
416bca3f0d95ec0a03af2f0f315751b2d86cba6756d5d96eef3f6295000d10b8,nv,nv,0.999955,True,1,1e-06,1.4e-05,0.0,1e-06,1.1e-05,0.999955,1.8e-05
41ac1f6bc1fd19e63a7ee6eaa05d55a68ff391c4580928d70c33d9a4d84a2fae,nv,nv,0.999885,True,1,6e-06,3e-06,7e-05,1.2e-05,1e-05,0.999885,1.2e-05
41bf81ce957b6d0ce87ba10fa9fde72570b64c090896372183c92d76089681b2,mel,nv,0.84256,False,1,0.001081,6.1e-05,0.003298,0.035335,0.117164,0.84256,0.000501
41cb14c1c0f04bfb5a976d022fd66c332ef4839823834bf896995f1b26103b15,nv,nv,0.973436,True,1,1.3e-05,6e-05,0.016777,0.001213,0.008496,0.973436,4e-06
41d02069bf17b8f00f8de4c6a355e144a4d927ffa4b79f46a3b26d79de247cdb,bcc,bcc,0.42045,True,1,0.000566,0.42045,0.000916,0.002705,0.358578,0.20916,0.007624
41fc8e558ff41812413c6f6490d523b633594eb7ea83bcc4316f55f6aa73e806,nv,nv,0.99438,True,1,0.0,0.0,2e-06,1e-06,0.005566,0.99438,5e-05
4233847e49d045907011e6b6b9e15555a9b7d8b6b1bd31988fcef116eb8c0ed3,nv,nv,0.999996,True,1,0.0,0.0,1e-06,0.0,0.0,0.999996,3e-06
424c7ab92cb522f064600b711f73563a74265c6a60a8b1eeaa3f6d889df5020b,nv,bkl,0.80691,False,1,0.115809,0.00073,0.80691,0.001616,0.050234,0.024506,0.000195
4257f06a14ffd8ecdf0bd5174f106a0545fdae07b4977cf217d61d91a86ebc2e,nv,nv,0.999996,True,1,0.0,0.0,1e-06,0.0,3e-06,0.999996,0.0
427b8e749c97e503535c6917a1daf92f1ce65bc426ac55775c0ea483045e7fe0,nv,nv,0.914207,True,1,0.00024,0.074624,0.009686,0.000952,6.1e-05,0.914207,0.000229
427d7ca02e39ef03f625840a2bbf9f7af1839de06f8f5c3df83dcbbf77938cb2,nv,nv,0.669607,True,1,4e-05,5.5e-05,0.00157,6e-05,0.328476,0.669607,0.000193
42836c748e7b72006bcee522a52d3a169cf1b8940df86bbed2d46c64a802b1f7,nv,nv,0.993579,True,1,6e-05,0.001714,0.000727,0.000966,0.002508,0.993579,0.000446
42872bd754def5d9f4247378aaaa8fb0748b6b7d8e1a0abfb0ab683709e1f648,nv,nv,0.948276,True,1,0.00036,0.001018,0.027937,0.00069,0.021656,0.948276,6.2e-05
42d7d209ab9166556c7f173033c601417d6502f6f63deb59b434858f67ff4a65,nv,nv,0.508977,True,1,0.001441,0.487686,0.000199,0.000431,0.001218,0.508977,4.8e-05
433a24426d7aacac844ef79223e59ea779d43a0e28e7880009ac0490f5d64915,nv,bkl,0.683841,False,1,0.00666,0.00443,0.683841,0.003822,0.000419,0.299858,0.00097
43487eb7d8cc891e16487669a065f088ca8e0a8d76378d6956febaef87d59da2,nv,nv,0.773411,True,1,6.6e-05,0.002591,0.001075,6e-05,0.22262,0.773411,0.000178
43505fe49870437e1333cb3403d69583bf87d668e286acce82bf9b6714e1d1ff,nv,bcc,0.773527,False,1,0.000659,0.773527,0.001862,0.002896,0.000381,0.220629,4.6e-05
43c60d2b6bb0cbb1569579d3da3172c833669d5bfe3e3ccdda2f16a328249115,bkl,bkl,0.997926,True,1,3e-06,0.000169,0.997926,1.4e-05,0.00152,0.000233,0.000135
43d74d466e660ecce6ed3a7daf4eb6c59037d1f8cc22b9546e41e7938a7b6ce9,nv,nv,0.999974,True,1,0.0,0.0,2e-06,0.0,2.3e-05,0.999974,1e-06
43defbf7df4d02990004bc54d04cef3437b74c85dccb7fb653b11052ba450346,mel,mel,0.620186,True,1,0.010582,0.000765,0.001466,0.000795,0.620186,0.366133,7.2e-05
43ebbc76002428ff41f85371987423586e94603cbdc90bebfab82c136e4b24d9,nv,nv,0.98342,True,1,1.1e-05,0.00203,0.002383,5.1e-05,0.012079,0.98342,2.5e-05
43f568f3042740bca225eef5d56fbd8934fca073a30617e90f121f5c016352da,mel,mel,0.912711,True,1,2.1e-05,5e-06,0.004441,3.6e-05,0.912711,0.08185,0.000935
4417f3c447d090034da2325d81b6eec7f0c860ee90789e86a62093891639b28a,nv,nv,0.492733,True,1,0.012485,0.311084,0.064125,0.057455,0.060229,0.492733,0.001889
443d15dfe500b38dfe3a5b681bc8733b60652b4f1bab9c698ce207bcf5ec4edb,bcc,bkl,0.97755,False,1,0.002794,0.002471,0.97755,0.004421,0.001604,0.010987,0.000173
444029eb27fcb88406902c5d7bd6f2d2413a1a200bd12775c9241a04058c3bc7,bcc,bcc,0.989504,True,1,0.000337,0.989504,0.002167,3.3e-05,0.000799,0.007091,7e-05
4452a212ae3d97624038a9f79fde84204a10668736cbd1bdfc688c430bbc4208,nv,nv,0.984892,True,1,0.000195,0.000203,0.000882,0.005153,0.008612,0.984892,6.2e-05
4461724df739ce25c4e11ae61ee08d104a558834f2d597e19f2a75dfd59580e0,bkl,bkl,0.909727,True,1,0.000766,0.0001,0.909727,0.03111,0.001389,0.056819,8.9e-05
4480f52ee5a55b538cd857aa2edc3f84e02a86163fae8c709d5be5776203187f,akiec,bkl,0.848223,False,1,0.006153,0.00106,0.848223,0.000818,0.114274,0.029394,7.8e-05
44892fa49263f000167622bd3df92edf12d35b9bd0d3c36855ec848ecc68924d,bcc,bcc,0.943556,True,1,0.0015,0.943556,0.009375,0.004976,0.014783,0.025356,0.000454
4489ea3ca1f330058f26d91b0138c5fb7934ca1a0bb5aa2e359191bfeaa2534d,nv,nv,0.999983,True,1,0.0,0.0,1e-06,5e-06,6e-06,0.999983,5e-06
44ad10f58568f209b7891a3b34dfcd291e321ad5d51a13cc4143864701b380c9,nv,bkl,0.482402,False,1,0.436192,6e-06,0.482402,0.000327,0.000642,0.080427,4e-06
44ae021e584b5ef1cba95897502a2eeee2beaf764759b848e2bb353be069e14e,nv,nv,0.976828,True,1,0.000173,8.8e-05,0.016509,0.00069,0.00565,0.976828,6.2e-05
44c5669904cbbf87e786c70afdc2b9dde5f46eec4fe4f89d540ccbfcdd83fd3e,nv,nv,0.683135,True,1,0.00044,1e-06,0.000194,0.003835,0.312378,0.683135,1.7e-05
44d3d9a6ea6b0f250f983058d37dfad3e55d40223778fc1bebae33f765b4fe8d,nv,nv,1.0,True,1,0.0,0.0,0.0,0.0,0.0,1.0,0.0
44f25cdf4ab5064023b3019bcf1df1b34ae4866bd7ec25748fa4db5e2d3b444b,mel,mel,0.857676,True,1,0.012909,0.001141,0.000495,0.077311,0.857676,0.044264,0.006205
44f72c8301a914d9e8a440dcf6bdbece14f31b3b685598a1be712508e8a76075,nv,nv,0.440648,True,1,0.001009,0.002507,0.093652,0.051492,0.395123,0.440648,0.015569
4512499b76021c03bbee0eedc743684c848abc85c4ad347886f51706acfb2b35,bkl,nv,0.958501,False,1,0.001166,0.006755,0.01007,0.013576,0.008258,0.958501,0.001674
451c06799bc89f1c67a96b8d844fddd640283a6d0ef6d19af011eebfc3bc46c6,mel,mel,0.958794,True,1,0.000542,0.029266,0.009138,0.000148,0.958794,0.000379,0.001733
45223ff68898d40f429bff8c1d6b3f538c20034c045c6d13e554a07d19cd87cc,nv,nv,0.883454,True,1,0.000504,0.00043,0.007867,0.000449,0.106388,0.883454,0.000908
45423e1ab7027aa596354de94a74e7e9fb4d1ef11a769909144d82e2fdd679a8,bkl,bkl,0.936713,True,1,0.00061,2e-05,0.936713,3.5e-05,0.033799,0.028738,8.5e-05
4552aaa06ba83f3b6e2642f9d5765ad2281d2e376de8126f0ef9fcee74856294,nv,nv,0.720807,True,1,0.160017,0.002658,0.02114,0.012149,0.082667,0.720807,0.000562
4560dc41c6c177bac40928bd95efc10305e96ee07f89b55e76b63374d9255b60,bcc,bcc,0.967893,True,1,2.6e-05,0.967893,0.000136,0.000172,0.001762,0.029539,0.000473
45aa0120c902feaf7b8e9f4a6679f6d5e30395cf061471d9a4267e7f0dd4995a,nv,nv,0.96783,True,1,0.000932,0.000566,0.000866,0.001123,0.028632,0.96783,5.1e-05
45c0b3e3711c77abc561f617f8c7a1f59aee65543da1d493b7cef2f0504f8602,nv,nv,0.989695,True,1,3.8e-05,0.000534,0.006932,0.00151,0.001182,0.989695,0.000108
45db820538a127eaa1592e70084f0618b7f5cd9926dac21ff17159197e2050af,mel,bcc,0.958358,False,1,0.000246,0.958358,0.001902,0.003511,0.021691,0.013964,0.000328
45ef86286c660430eebdda2f03c77ee54b4a1c3e51c204228c44500dd3b0c826,nv,nv,0.504631,True,1,4e-06,0.000531,1e-06,3e-05,0.494791,0.504631,1.2e-05
46170e6d0734b0177d9829225d37614b62a4f0c2622396ea638186a229dd284d,akiec,bkl,0.374491,False,1,0.019373,0.24308,0.374491,0.011669,0.001822,0.348836,0.00073
462285734b0a600084be270a7ea3a07ed64a96401346e1eeff07490c68aecad1,nv,nv,0.974495,True,1,0.003116,0.0007,0.01939,0.000784,0.00147,0.974495,4.5e-05
4642b514c197c726d6a5daf86b8250c99920c6b2dd0df61a2492926b651da2fc,mel,mel,0.994307,True,1,6e-06,0.000116,3.4e-05,8e-06,0.994307,0.004802,0.000728
4646cbbe63f1d0eaf1b32a19d0c24f3b50b506af8920c38f51ea05cdfb5925ff,mel,mel,0.894213,True,1,0.000809,2.3e-05,0.001695,0.000369,0.894213,0.102834,5.5e-05
46593b3d9af7a9cdfa30224ad0106afc9aabe35477d8eadb09cb68a729b46da3,nv,nv,0.954239,True,1,0.000379,0.00036,0.016844,0.000257,0.027688,0.954239,0.000232
46a0a734fcf0ad65bfc4f428c9b6a574b1009653d85cf3c5e35796ea176bd8fa,bcc,bcc,0.770649,True,1,0.010486,0.770649,0.050469,0.037558,0.042601,0.057963,0.030275
46c1cc03da249080f63327820c6221d4d8cbbb258b28705545c3292dbff982c6,mel,bcc,0.488644,False,1,0.00044,0.488644,0.001914,0.003146,0.273298,0.231774,0.000783
46c7967904f45d37e5a7d20b0cf0cdf2137ca5b9af2dc8af7ba2ac3d3ebb4932,nv,nv,0.995073,True,1,1e-06,0.000468,4e-06,2.2e-05,0.004367,0.995073,6.5e-05
46d2fa7be625291109a100729616c5a333fc2990741f8256913d38c490336f8f,nv,nv,0.999009,True,1,6.3e-05,0.000153,0.000342,9.8e-05,1e-06,0.999009,0.000335
46e9814bdb787873f8fee09e8dde218765ebf67bab41e296f7448c13b148b52a,nv,nv,1.0,True,1,0.0,0.0,0.0,0.0,0.0,1.0,0.0
4712fefe567a472f351b2791c09e76071570a7b69c57fe281b202dc5f0067786,bcc,bkl,0.777888,False,1,0.015916,0.038989,0.777888,0.008332,0.00131,0.154264,0.003301
4740b1254c5bb653cd149db72e6dbad42fdf6e0269584e075cf650f6bcb49c57,nv,nv,0.998368,True,1,4e-06,3.9e-05,0.000125,0.000152,0.000851,0.998368,0.000461
474520bb2fbb22c4ecd17ef98758f8b590230eaced5f9c0e89e07658aeb46915,nv,nv,0.821084,True,1,0.001878,4e-06,0.000788,0.001799,0.173538,0.821084,0.000909
475c9e87deacef4073e1f50347a9b2129d115822f90ddc1b57b8ecdde8f64566,nv,nv,0.979628,True,1,0.000127,0.017229,0.00053,0.000806,0.001669,0.979628,1e-05
47629421d0b02fa4e4f04d0110cf1f0cb78f5ecbb0053395b082c941f7d25672,nv,nv,0.906765,True,1,0.000119,0.000129,0.091625,0.000612,0.000358,0.906765,0.000391
477412a2cdde14ebf59d5444e2755b9457b63b98110b2645a57b781a9f08fc1c,nv,nv,0.986736,True,1,2.3e-05,0.000281,2.8e-05,2.7e-05,0.012832,0.986736,7.3e-05
479040d43cc23e29d4aed2628ea41406c373890d7c9f7ef9024c9c81e7277281,nv,nv,0.866692,True,1,1.8e-05,0.00036,0.00032,0.000152,0.132446,0.866692,1.2e-05
479ff30719f9ed3de2ddab8139b58d819f4753cac8f417edf6cedcafdef9a494,nv,nv,0.997061,True,1,0.000248,2.9e-05,0.000586,0.001271,0.000798,0.997061,8e-06
47aa7dd36c4390745f3c9ba39f9270dc6d5fe9d38bab1ef791b8f15151bda456,bkl,bkl,0.663107,True,2,0.005439,0.00402,0.663107,0.000843,0.005106,0.313322,0.008163
47b536cc6458458c64a1625629caabdd99c6b2e7f7e27c2ab2e7a53b31a41a21,bkl,akiec,0.365615,False,1,0.365615,0.002214,0.269117,0.030165,0.052272,0.279659,0.000958
47c8ef52ecbc9f49031707a0d8eb4548742605796dca6ccf49be0acb659239c6,nv,nv,0.999024,True,1,0.0,2e-06,0.0,9e-06,0.000964,0.999024,0.0
47ee7f2d15cb1eb6e08ed477220ba3b6943fc48c276e1ed93b99439ddb57914e,vasc,nv,0.995751,False,1,0.0,4.1e-05,0.002964,8.8e-05,3.5e-05,0.995751,0.001121
47f0c1bfffb06d4eb5739cee469476c61c0e9386c53b546b3dc0a1d3fc18e4d1,nv,mel,0.621769,False,1,3.5e-05,0.000377,0.046069,0.007276,0.621769,0.323582,0.000891
480804ab38f6cd787dbdfdddb7a3fa9331b3f0a818c79b9ccb5cd62c49b7a0d8,bkl,nv,0.968079,False,1,6.9e-05,0.008798,0.015132,0.000321,0.006135,0.968079,0.001466
483e6a84ef679f1945cc509b27015aa7feed4deae8eba20278e9129bc3f93d31,nv,nv,0.768131,True,1,0.000669,0.017754,0.002589,0.199927,0.010591,0.768131,0.00034
48907cc94ca13100e543c8c66c6ad94a25725dd110b00c7abebaaf2cd18dc422,bkl,bkl,0.588037,True,1,0.002299,0.233588,0.588037,0.016431,0.049509,0.087305,0.02283
48cc0c72b601343b6facc74aca129905a8bfe90b9e2360daa913895dbebb2b97,mel,mel,0.813223,True,1,8e-06,0.000146,0.003587,0.004612,0.813223,0.178255,0.00017
4921ca1a60a578683abfcbf34e76f2da703df02ba85c80238981a88fa9ca7cbf,bkl,bkl,0.887104,True,1,0.016123,0.001092,0.887104,0.000174,0.011167,0.084276,6.3e-05
492e2a534f68c5898cfb8eacb064c45c9d291c22b81538f9b4bd79fd6f7daacf,mel,df,0.811174,False,1,0.006824,0.004049,0.075537,0.811174,0.014472,0.08789,5.4e-05
493c183c33e3edde780ab078db471c8462c24bbd4d59ac4982cc6ebfb6d94c2d,nv,nv,0.999992,True,1,0.0,0.0,0.0,0.0,0.0,0.999992,7e-06
494498616917380dad2a4874a86c50252fcc1e6109bbe6d6f26351eaf9c76fb6,nv,nv,0.999985,True,1,0.0,0.0,0.0,0.0,1.4e-05,0.999985,0.0
4962906b56879fd01eb159b85c7849442c4d0ec157b3a06c9c7ff54a44a579ba,mel,bkl,0.632934,False,1,0.024059,0.001549,0.632934,0.00351,0.022588,0.314887,0.000473
496cfa6cbcad3461f31d20e7924c1d4b071244463cb0a93927b38150c7ff6250,df,df,0.999219,True,1,0.000307,0.000261,2.2e-05,0.999219,5.3e-05,0.000135,3e-06
496e30a1d945101c24e10498785f75e20ddcdc7ebca39776ba8bd72f419a8e17,nv,nv,0.960563,True,1,6e-06,0.036203,1.8e-05,2.9e-05,0.003102,0.960563,7.9e-05
497364fe550f4e838a7689f1feb4ddf96f4b8d974b292c083dd39be6bf3b0915,bcc,bcc,0.941404,True,1,0.00913,0.941404,0.009758,0.002129,0.000738,0.036616,0.000224
49895702b651cf75df271e83e157cd444e986d9cadb12622a5be8da86a2f1fb6,nv,nv,0.834308,True,1,6e-05,0.000238,0.018178,0.00349,0.143673,0.834308,5.1e-05
498cd39906dbf20fbe57916cb095c719e3ddf4ed9060cacd3b165ddabed0c0c8,nv,nv,0.999821,True,1,2e-06,7e-06,1.5e-05,2e-06,5e-06,0.999821,0.000149
4992cbe02dd156ccd797dae5b554ef0bba788f852a8fac2d425f5c22a4415790,nv,nv,0.999973,True,1,0.0,0.0,1e-06,2e-06,2e-06,0.999973,2.1e-05
499c7da79fd5f2b7a41c6a021b139cffb0fef9266fec0b16e4d1087071340b6f,bkl,bkl,0.94165,True,1,0.001688,0.000361,0.94165,0.000622,0.000388,0.055128,0.000162
49cd116f68c821ec09af6bcc291c16c3d169129eee9ca3d4248b985756c15621,nv,nv,0.988342,True,1,1e-06,4.6e-05,2.6e-05,0.0004,0.011169,0.988342,1.7e-05
49d782d48458e2eb92591267ef69cf7788ce9299b1754f2b9acc704ef10f1918,nv,nv,0.970658,True,1,0.000155,9e-06,0.006697,0.017904,0.004546,0.970658,3.1e-05
4a01fdece676b023080557454113ac7a835f10905e17a7c3fbf78034acf7b039,mel,mel,0.872176,True,1,1e-06,0.00012,8.9e-05,5.6e-05,0.872176,0.127333,0.000226
4a25036d08e2c9f69b435190de48bca25872bfed669432f3ef5075d23b728ecf,mel,nv,0.428487,False,1,0.045055,0.117161,0.118882,0.016101,0.272566,0.428487,0.001748
4a34674cc04c55349c706f73513a047613fd082a04d60051b4a7c15d03968d5a,akiec,df,0.526998,False,1,0.009951,0.013007,0.086162,0.526998,0.068992,0.29422,0.00067
4a43df348ba0b8c3a19c9d15757dad89821807c9645b95c3777e7150f60698a7,nv,nv,0.964461,True,1,5.8e-05,0.000565,0.012283,0.000105,0.022508,0.964461,2.1e-05
4a473ec75d2cabd5a3d652d825d2a1ba65d45e6ccb60ba753fd508069ea6ec30,mel,mel,0.918301,True,1,0.00406,0.00396,0.017412,0.001066,0.918301,0.025067,0.030134
4a4d2b21832c7f39d164ea4bb6052420647077f4977b38417342f720b175a7b9,akiec,bkl,0.855965,False,1,0.001085,0.001079,0.855965,0.000867,0.000223,0.140559,0.000223
4a4df93d18716be386704a83d0f8ab2b168042cd020089a02bb077ba94df5baa,nv,nv,0.996367,True,1,3e-06,9.8e-05,0.000587,0.000559,0.002369,0.996367,1.7e-05
4a59bdd58611928034fcb0fc811b07489a96acf01a4aced924b1c9fea33d28b3,nv,nv,0.962217,True,1,0.000932,0.004047,0.011849,0.002564,0.018262,0.962217,0.00013
4a7dd637cf17f7717dcb5e6898474758c966ef32c6684b5805c1fbc86fafcca1,nv,nv,0.999937,True,1,0.0,5.1e-05,0.0,0.0,5e-06,0.999937,6e-06
4a879714d5e463047415325df1df4711c58a36a0286778954af4df821a53c474,bkl,bkl,0.768182,True,1,0.001973,0.004712,0.768182,6.6e-05,0.023411,0.20157,8.6e-05
4a9975867b4303322b21c40bfb330b8ec6ca1182f5159adc7004dba8e7763ab3,bkl,bkl,0.966046,True,1,4e-06,1.2e-05,0.966046,3e-05,0.00031,0.033598,2e-06
4aaaf1b7e860100d0d90f5791738220b63ff9a037fadee9453ec72d59b551ba3,nv,nv,0.999996,True,1,0.0,1e-06,0.0,0.0,2e-06,0.999996,0.0
4ab08ddcd847e30188d14c6953a924658bc1fd0f17effe1fed8456e615f152a1,bkl,nv,0.72144,False,1,0.035933,0.229973,0.005941,0.006101,0.000419,0.72144,0.000194
4b29cee9498f023239ce3618faebd5a04c185a4fcabff5a0dda9aa8d3bd33c34,nv,nv,0.759364,True,1,0.000364,0.001764,0.016418,0.000658,0.217209,0.759364,0.004223
4b2d7d82fe33dcd63c3c438b3c4426f2aefc611844c5ef400bfb9c4f7f18c73d,nv,nv,0.991151,True,1,1.6e-05,0.000196,0.007807,4.9e-05,0.000602,0.991151,0.000179
4b306f09358203ffdf5f97440d06f446eb835d5d14e0423aef9d52484d6b0c57,bcc,nv,0.366261,False,1,0.068081,0.110254,0.028358,0.135899,0.282546,0.366261,0.008601
4b317653ce4e1338a7b983f84f8c3f7cdb4024494a6cc6f90b6671e3bcab3fa6,bcc,bcc,0.997998,True,1,3.3e-05,0.997998,2.2e-05,1.2e-05,2.6e-05,0.001897,1.2e-05
4b4aa5d7e9446e2015db4bcef263d088d1c449d301d3d74ade469dcbf506f491,bcc,nv,0.70409,False,1,0.000264,0.166733,0.015953,0.028406,0.082306,0.70409,0.002248
4b6b22626e8e454b044a927c386a5ebcc2ce63fb75402343a4ef582d59a65fcb,mel,mel,0.994314,True,1,1e-06,1.9e-05,3e-06,4e-06,0.994314,3.3e-05,0.005626
4b70c435e3c947a450d1bf273c9f1a8465243f577faab0bd04cd1514c5bc9459,nv,nv,0.996487,True,1,3e-06,0.00113,4.2e-05,3.2e-05,0.002208,0.996487,9.8e-05
4b7e479328ef2f96849ff4891ef16ae7e876e321bf57936f0bb6f40b5cd94d6c,mel,nv,0.4925,False,1,0.003362,0.009996,0.010057,0.003925,0.443774,0.4925,0.036386
4ba0007a184d80047b3a80d62f5c27275d407ea1342b7b41f64716be80c81eb3,bkl,bkl,0.727778,True,1,0.011327,0.006224,0.727778,0.007736,0.116999,0.128938,0.000997
4bb2f2f1e44190852d0203b5894d655851aef6c6aba05b8eee901da4bf8062ba,mel,nv,0.597275,False,1,8.7e-05,0.000388,0.396215,0.000866,0.004869,0.597275,0.000299
4bc555f22eb01de31367a04ce545031b026256624d7cdc6a4656dcb4ce0b1283,akiec,df,0.649345,False,1,0.021259,0.038457,0.179976,0.649345,0.001377,0.108649,0.000937
4befffc41da822bbc71ab5a2d0a43532381041a5a7cda0abd2bcb6edd209dadf,bcc,bkl,0.336252,False,1,0.317894,0.043994,0.336252,0.017987,0.007662,0.275822,0.000391
4bf2f535e7c23240f3d7bb3f736f45cc755f744f60f647361ff4b4a9274b4564,bkl,bkl,0.971124,True,1,5e-05,5.8e-05,0.971124,0.000939,0.001665,0.025827,0.000336
4c0cb540079710b435b8c28bcb64a0751d650e769810ff8126f93863b95cb06d,bkl,bkl,0.601396,True,1,0.072719,0.010551,0.601396,0.000977,0.007185,0.306832,0.00034
4c1202d1ea52c94908c738ea649c57f0a58af49fec794a0df58195fe6ef27e5b,nv,vasc,0.716678,False,1,0.000199,0.002545,0.000841,0.000225,0.000506,0.279007,0.716678
4c1ad685cd3cd48932ecab8f774cbe9fda8afa8aefa19c0877baacc6d4add5cb,nv,mel,0.626186,False,1,0.003991,0.001521,0.022715,0.023129,0.626186,0.320954,0.001504
4c30db1483a043d999f66140125c5538f1721b34572604b42b4f32cf03f5904f,bkl,nv,0.663635,False,1,0.081675,0.149748,0.079799,0.023203,0.000885,0.663635,0.001055
4c31f2d6aa74e7ba8435852f2fe960c99e22b5af9c95329f81492b036d78a9f3,bkl,bkl,0.997544,True,1,2e-06,0.0,0.997544,4e-06,0.000118,0.002331,0.0
4c3b537dd7cc244de136b4df78da392c01f01847f7e3d04f9ceeab6bf05251ea,nv,nv,0.794414,True,1,2e-06,1e-06,0.048707,6.3e-05,0.156682,0.794414,0.000131
4c62d9548e9463f97b3fd29a04ecfcd0d8d9786c578e49207285f25a3129c6a5,df,bkl,0.471437,False,1,0.009782,0.061564,0.471437,0.044535,0.017664,0.394038,0.000981
4c7891b70d3ea1b603723bff861bebaaf2a5615103b25592ebb55119c7344304,nv,nv,0.979702,True,1,4.4e-05,0.000181,0.005959,0.001436,0.012661,0.979702,1.6e-05
4cf22547ff0b769376c7247315146e3031068f716b737b81a10e730c5025848c,nv,nv,0.999948,True,1,5e-06,2.3e-05,7e-06,2e-06,2e-06,0.999948,1.2e-05
4d06201f4111b2c90ead39789ffb8f8e44c162a4673eaa0da641047547fa88b0,bkl,nv,0.749212,False,1,0.003721,0.215186,0.02563,0.000823,0.005092,0.749212,0.000336
4d3faa2fb3e5885df8b1541f14409d5c19054439928a45e10e3b8a52c958970b,mel,mel,0.989824,True,1,5.1e-05,0.003236,6.1e-05,0.000129,0.989824,0.005813,0.000886
4d50f90c058b7886831a493d1643ad591bce764be14a16c86c14569c8c40ac90,bcc,bkl,0.360427,False,1,0.234375,0.000945,0.360427,0.003447,0.061422,0.337067,0.002317
4d65cf51eab563bd5ec1448f1ce343192be5b9b6b34fba2bd936bfd1a65dca8a,mel,mel,0.893233,True,1,0.00014,0.00014,0.015223,0.001612,0.893233,0.089397,0.000255
4d6ecddd996f3b618a3936b5ef91f387f23e6ddb77dbd9c1ee727212ca8eefae,bkl,bkl,0.934175,True,1,0.040796,0.005645,0.934175,3.5e-05,0.002331,0.016967,5.2e-05
4d82e527550c8618867290c4b94fd812021ef987249b376639e09bebdc8b32a1,nv,nv,0.967564,True,1,3e-06,1e-05,1.5e-05,2.5e-05,0.031784,0.967564,0.000599
4d8b1a9f3c4d8b33280527433d080ad1ee61dabd3cf6f5744ac94f3fde6a60b1,nv,nv,0.998375,True,1,1.4e-05,2.6e-05,2.9e-05,1.2e-05,0.001465,0.998375,7.8e-05
4df566f8223c8a03d0e911b89df2479583bb90146fa188f842ee90abeb5cad96,mel,nv,0.999931,False,1,0.0,0.0,1.2e-05,2e-05,1.5e-05,0.999931,2.2e-05
4dff50217f57c7ca22067163c80a59a3fda1606b03773db67504f8e489853e84,nv,vasc,0.998019,False,1,0.0,0.0,0.0,0.0,2.1e-05,0.00196,0.998019
4e1c939908d8c89c6afdbf527f134cbe7ee87353ad0af2882b5a986d0dc6831a,mel,mel,0.387948,True,1,0.02863,0.014428,0.019644,0.360613,0.387948,0.187336,0.001401
4e2006d0dc64b69185457b6c1467622617294b522a67d64dedda4fead562b652,bcc,nv,0.439672,False,1,0.00301,0.153977,0.039404,0.297452,0.065584,0.439672,0.000901
4e24925c0d2187b5849e1a1929f95435a926edec290df7c714283933e4e30a30,nv,nv,0.960953,True,1,1e-06,6.7e-05,8e-06,7e-06,0.038957,0.960953,7e-06
4e47a7ebd111007c5e8bf7a8e94d160215bfca6344ba390e87ceb2585200036b,nv,nv,0.99311,True,1,0.000405,0.000794,6.6e-05,0.001571,0.004017,0.99311,3.7e-05
4e5b01d36ceb1d24fb98356bd2ab7853b3ce508c148905d6ff8435fcc10b144e,mel,nv,0.969313,False,1,2.5e-05,7e-06,0.023379,0.000274,0.006992,0.969313,1e-05
4e6728d7719126325090993702ee1ad598aa1d8fe49c4be12f5193a70970d67c,nv,nv,0.895957,True,1,0.000594,4.7e-05,0.01978,0.034231,0.049349,0.895957,4.1e-05
4e8fa9d4f91a504caa2e2908baffd51af185b3a3c484339f30e0b7e1757d01c9,mel,mel,0.574655,True,1,0.0,2.2e-05,4e-06,1.1e-05,0.574655,0.425278,3.1e-05
4eb42f1c7f6c23554c01dea00f600ad0fd7d3f03619d486d4c7914be8cb228c7,mel,mel,0.923812,True,1,0.0,2.4e-05,1.5e-05,1.3e-05,0.923812,0.076133,4e-06
4ec1ed2cd63100cad0ebf03ebcfc202df827146a6934eee9b9aa0af59eb4ea45,bkl,bkl,0.799245,True,1,0.142454,0.006663,0.799245,0.016648,0.000985,0.033837,0.000168
4ed05e9602e28038e91df1ed35176a615ad533228d2e50980548b37c7352c0bf,nv,nv,0.673615,True,1,0.003536,0.30111,0.004231,0.004064,0.01312,0.673615,0.000325
4ed8a5295994a5018a36311a8a06fe79bf34411959a933fb62b619e42110ac49,bkl,nv,0.754954,False,1,0.002346,0.025228,0.193901,0.009092,0.013434,0.754954,0.001045
4efc36aa2f258883eccff8b01d115a21a1ba40daa948c73ec5e7e6a47c7c9667,mel,nv,0.844452,False,1,0.000174,0.012323,0.003125,0.004167,0.135554,0.844452,0.000206
4f2769c1a83b2034cb2fa0c5590cf0bcc456c852e190c37ec8b32f4282f03f37,nv,nv,0.999992,True,1,0.0,0.0,0.0,2e-06,2e-06,0.999992,5e-06
4f40afa49dee9a311fab08c4bef2a3154a622d395c0de24fa4eb5338a33eccbb,nv,nv,0.969082,True,1,2.8e-05,0.006861,0.000819,0.001064,0.005076,0.969082,0.01707
4f4a20a5ce8065831bf183cfc3e3345a0478371899530c491a6c07165549c39e,nv,nv,0.99997,True,1,5e-06,1e-06,4e-06,1.4e-05,0.0,0.99997,5e-06
4f61b906826dbf086912733a93110c88cfb77dc4cfb748d83a7a41311032b1f8,mel,mel,0.408898,True,1,0.000234,7.6e-05,0.197516,0.000653,0.408898,0.39259,3.2e-05
4f6f3e6361af1e4a48a247e7738422666840165da70abdef5bc3464b3551296b,nv,mel,0.478108,False,1,0.035237,0.019442,0.067973,0.25455,0.478108,0.143129,0.001561
4fbb7931661501a1814461d3ec45cd5e72e1ac62cecf4ec617c57de2df341183,mel,mel,0.979949,True,1,2.2e-05,0.000843,4.8e-05,4.2e-05,0.979949,0.016998,0.002097
4fe67eaccbf167b3780cdb0f7162d9bfdc61515c75c58d8df33a913d92bd1cbf,bcc,bkl,0.664313,False,1,0.130081,0.071173,0.664313,0.017618,0.091773,0.023149,0.001894
4fe91582928467db2ee41b2dbd0edff510eb0471acb5cc810857703773543915,bcc,nv,0.391317,False,1,0.267543,0.070089,0.244226,0.01137,0.01049,0.391317,0.004965
5009565d89aaf172f53eb837ac37424af88a951344836dda88ddd3d1c33a971b,nv,nv,0.99967,True,1,0.0,1.5e-05,0.000151,8.6e-05,4.3e-05,0.99967,3.5e-05
50227e02f8dbfd095ce7ddc6fa1b32eb6996635986379505c508bcb05700f0c2,nv,nv,0.893738,True,1,0.00042,0.011433,0.002239,0.000924,0.090661,0.893738,0.000584
5025c0d480911279eb53eb26bba6a77d126d270141c73f7e5cbfebda8df27420,nv,nv,0.942529,True,1,0.001206,0.005334,0.007903,0.011573,0.02869,0.942529,0.002764
505f05ba7c7c39efa2aff950e202bbf9890b3ae1c35147ccfd4e118dc38f8c67,nv,nv,0.99603,True,1,0.0,1.6e-05,8.9e-05,2.1e-05,0.000635,0.99603,0.003209
50757d06ab42a72863489d5f92739fe5a5781bf9e9f5c9f9d62be9217e791577,mel,bcc,0.90086,False,1,0.000327,0.90086,0.003591,0.002697,0.055079,0.036127,0.001318
50783fca77d9fbc5e2510dd74ee5e48eaffcfbd656937b82a7bb735c9b1d3a0d,nv,nv,0.986997,True,1,1.1e-05,0.001149,3.9e-05,0.011545,0.000222,0.986997,3.7e-05
508643e31e5cfbbb9178014f3ce1cb9e783bca53ac83ee99d27ed03e8859aa19,nv,nv,0.999992,True,1,0.0,0.0,1e-06,0.0,1e-06,0.999992,6e-06
509401ba8931e2eb6aba5bdbbcc18f600128c1c710b0d35509ccb5bba95fc9c9,nv,nv,0.861526,True,1,2e-05,2.5e-05,0.126673,4e-06,0.011747,0.861526,5e-06
50c8fbda29e4732d422fdec1bd609f19c7e8371c751e39e3bbca54dc94ce51cd,nv,nv,0.960819,True,1,4.2e-05,1.1e-05,0.000885,1.1e-05,0.037991,0.960819,0.00024
50cf8ce906376835e0662bb2dc04c2fad14002308c97fa2b130e2e4b703b8c32,bkl,nv,0.92345,False,1,1e-06,0.000644,0.000377,3.7e-05,0.075364,0.92345,0.000128
5135ad0faade5004af1811aa0631aad045f142faa77b0be1245ca993f7fac187,bcc,bcc,0.915301,True,1,0.00042,0.915301,0.004133,0.001279,0.000775,0.07757,0.000522
51570af66f2cf82f4a1960366b7754e6d4bdc912a1a4162877250b6600a7f724,nv,nv,0.999498,True,1,1.5e-05,1e-06,2.9e-05,3e-06,0.0,0.999498,0.000453
518c79597adae1ab6ba49f2bd7ea08696d3e3a1d34edf70e9aed2eea8508027c,bcc,bcc,0.75451,True,1,0.127544,0.75451,0.054364,0.006123,0.011719,0.045232,0.000509
5192002fe5a909dbfa68826d0e6f670f85c7223b160cfa9644a1a7c1adcab5bb,bcc,bcc,0.90345,True,1,0.000234,0.90345,0.005812,0.001623,0.000197,0.08855,0.000134
51967cd0a33935a830fd834139763d4631786d618e321688e28290d60513f10e,nv,nv,0.998741,True,1,0.000105,1.2e-05,0.000607,3.7e-05,0.000453,0.998741,4.6e-05
51a32644ac537d95afe33e57248f8c1ca6ecee6c2b1cadf57b34d975d3730623,nv,mel,0.739051,False,1,0.00667,0.000996,0.002782,0.000529,0.739051,0.242098,0.007874
51c797985cd00ece7e454e51c0981d304c197ced909c704628cd3b3f0381c820,nv,nv,0.873218,True,1,0.00386,0.065191,0.016438,0.034868,0.00626,0.873218,0.000165
51eb3aeb31c409c2d08fc10ea69e4fcda0541514d1950200a81feb0c0c5230d0,nv,nv,0.840469,True,1,0.000174,0.000177,0.000156,0.00016,0.158453,0.840469,0.000412
5210741c263e08f0f1e7ee347a706486b0c35e32fb7e5c890e895c56c8c3437a,mel,nv,0.984443,False,1,2e-05,0.001094,0.000778,0.00072,0.012656,0.984443,0.000289
52b054a7489ccee8a69456e62ae4c6416c820d48da87d6042f0ba159e7583d06,mel,mel,0.995514,True,1,1e-05,3.5e-05,0.001077,0.00054,0.995514,0.002092,0.000733
52b9e490b3fb3da3f71728a0a3f64a8708636ddade61be5db5bd54c45efd63bc,nv,nv,0.800314,True,1,0.002554,0.000241,0.151765,0.001226,0.043734,0.800314,0.000166
52cecf89bc2cd9b700a3fa43b64d825134b9c56a5d858f2211455faa952c9320,bcc,df,0.788388,False,1,0.004945,0.034237,0.037198,0.788388,0.0036,0.130847,0.000785
52d539a14071ba749c5172561608ff8ae2d8a24b43315c7e1fa027833d752cef,df,bcc,0.988653,False,1,0.005868,0.988653,0.000305,0.001661,0.000574,0.002528,0.000411
52e6bc60448532a3e46dba406ecbb7e806f7e67da66d1267587dc39ecb7d7326,mel,mel,0.942964,True,1,0.015434,0.001579,0.001685,0.000509,0.942964,0.037779,5e-05
5320a1e42833443cfe4552df0f7b768c3717578d9cdcd717a353643ed5c4f218,mel,mel,0.955041,True,1,2.2e-05,0.000266,0.000445,0.000104,0.955041,0.04317,0.000953
535dd6dc2a0e2e1915e33bc2e15a1b0704259cd937908301b2399fa73fb77a88,nv,nv,0.91367,True,1,0.01087,0.000434,0.059981,0.000772,0.014202,0.91367,7.2e-05
53797b4490b7b4bf4c657642af678098d7a865e946fe1cf29a97546e801965ef,nv,nv,0.856157,True,1,0.000389,3.4e-05,0.00529,3e-05,0.138086,0.856157,1.5e-05
538d8274d079bab8788f1958ae6bb773ca95908febee4b4d5a6be665cd75bb7b,nv,nv,0.948167,True,1,0.000782,0.004369,0.000128,0.000362,0.046184,0.948167,8e-06
53c24004fb8ffd9194394976249814f99ee9c09692238d705fe094c081e42dbf,bcc,bcc,0.73423,True,1,0.000968,0.73423,0.189856,0.000388,0.003288,0.070521,0.000749
53e0fd96df27cb596e080b446cdb98baaf7bcf1d11a3e53a296fed3bb4fc69f2,akiec,bkl,0.877237,False,1,7.7e-05,0.000465,0.877237,0.00128,0.000239,0.120078,0.000624
53ea8b86bf8daa15d3ea4e1a77c7c5781cb1fbe956e8c618e1ea37bc00c639dd,mel,mel,0.98851,True,1,5e-06,2.5e-05,1.2e-05,7e-06,0.98851,0.005793,0.005648
53ef7a22e6aeba04490fdb92ce5b53df97a1e09df06121cf68676de7b5851e2e,bcc,bkl,0.656966,False,1,0.017325,0.303257,0.656966,0.000275,0.008057,0.013335,0.000786
541656468d3878c84e096efbe16eb86202a1b3b73308a4e6076ed9a2376ff69c,nv,nv,0.999903,True,1,0.0,1e-06,0.0,1.9e-05,6.8e-05,0.999903,9e-06
543e08727b8f1c5e8a8c38a88ba128cb9140961215aec6cd2d04a681e6608961,nv,nv,0.855545,True,1,0.00071,0.010467,0.025134,0.003293,0.104337,0.855545,0.000514
5440858b129999b05ed70254c01744ded5e0edce89d5b69e4fabb78e8cf3b69b,nv,nv,0.992574,True,1,0.000301,6e-06,0.00305,6e-05,0.003995,0.992574,1.4e-05
544e3d59d1c2782fbe2e2623b544fd8baad0d860993a6a1985fc8225ed2da57c,bkl,nv,0.988212,False,1,0.0,5e-05,1.9e-05,0.000248,0.010401,0.988212,0.00107
54535e4dd74e08b4c3c118b4647a8a03ee8cc9e2848ea3ec7b0ed973f43ece03,bkl,bkl,0.997217,True,1,0.000108,2e-06,0.997217,0.001779,3.2e-05,0.00086,2e-06
5462f46302d71d6749a4a5a6500d9a75bb10a71eb2e0b3955d0c7f2ec0c2578a,bkl,bkl,0.56115,True,1,0.005918,0.003443,0.56115,0.004557,0.001773,0.42251,0.000648
5495bd589f8712434a921c09a800bd1073c8e577c1207b6ca2107c4f052e9ab2,akiec,bkl,0.599979,False,1,0.01768,0.130592,0.599979,0.031501,0.007765,0.201354,0.011129
54a3b7ced2bb058adbf51a207b05777dbc31d0840d6927a87f6df4a363498c74,nv,nv,0.999993,True,1,1e-06,0.0,5e-06,1e-06,0.0,0.999993,0.0
55064dd87408727d775601d5a0817560f9baefbe9d4415ca50db091e5eb46064,mel,nv,0.964805,False,1,6e-06,5e-06,2.9e-05,2.6e-05,0.035128,0.964805,2e-06
5514f8e41e305499c6fcbc133ab3b995c003ffc953dfd9e5449db6f89bf32cc3,nv,mel,0.606448,False,1,0.005905,0.000427,0.017695,0.107087,0.606448,0.218302,0.044136
5566ea61deff859b72f09ec86ebdff87ed7f505b2140862d1884e1f2b89c5ecf,nv,nv,0.999936,True,1,0.0,0.0,0.0,1e-06,6e-05,0.999936,3e-06
55cf9ff21a29e319cc4a57cf7c7cd9ffee88f33e4633e8170bc16728a294a37b,nv,nv,0.801571,True,1,5.7e-05,0.00064,0.000144,0.000165,0.197414,0.801571,1e-05
55e82352d218c03cfdeeb65be4efab05072ece1155387b8765436af5836e7b95,mel,nv,0.984158,False,1,2.1e-05,0.000807,0.000107,0.000204,0.014262,0.984158,0.000442
55eb2daa500e7aa10057225cb5864d973ab34654eb4f401d2fc5df935e542bc6,nv,vasc,0.940568,False,1,0.0,0.000268,0.000488,3e-06,0.005096,0.053575,0.940568
55eb6e77df2012071fadbc60e5eb939d54d651c17763f4cd91bc1f29a9d7cfea,nv,mel,0.860556,False,1,0.000363,0.000339,0.008686,0.000116,0.860556,0.128763,0.001177
562df8d72737bbe45ef2fe71417242f64f50a166ec3816a8c0f99d338c1cc233,nv,nv,0.999791,True,1,1e-06,6.2e-05,2.8e-05,2.4e-05,2.9e-05,0.999791,6.6e-05
563144137d9117ee1ea06fd1e1964f2b3d9f0a9f2df5b1e205ca7cc67609ca74,nv,nv,0.999909,True,1,5e-06,2e-06,8e-06,1e-06,4e-06,0.999909,7e-05
56522db8786f2f2e4f42aa51557490b7225a624557e3d0da51b780c19e313412,nv,nv,0.9999,True,1,0.0,1e-06,0.0,0.0,9.7e-05,0.9999,3e-06
565568b3a13169a261263fbbeba15bedb03e233473dc80e790241a133ba73e85,nv,nv,0.948137,True,1,5e-06,0.000117,0.012619,1.4e-05,0.03795,0.948137,0.001158
565a72d52128559b952f447e5467e22bb30480e4caae5fe6a3cdfc92b247aa5f,bcc,bcc,0.999161,True,1,2.1e-05,0.999161,7.4e-05,8.5e-05,8.8e-05,0.000528,4.2e-05
566a7f3bba2b4256bb31f2948e90e0ed4d0e51e8903189544751fce59f413e16,mel,bcc,0.988065,False,1,1.7e-05,0.988065,6.6e-05,0.000847,0.002181,0.008569,0.000254
567c80da670370935693d8974f59067bc26810a8d0e3b31f9352b8d4a4db6197,bcc,bcc,0.534792,True,1,2.5e-05,0.534792,0.000183,0.000356,0.004252,0.460342,4.9e-05
56c68ad2c7ee0f83fdfd739dfca3dd5551718b6672de71679a62d426a5c4a8d9,df,nv,0.629987,False,1,0.00041,0.000325,0.086387,0.282477,0.000295,0.629987,0.00012
56c8cfe0bd7f8abb02cf3fc8df48bc67cec26f195fbf299f99e3f10adca4e9f2,bkl,bkl,0.682842,True,1,0.225418,0.006584,0.682842,0.004392,0.001654,0.078451,0.000658
56fea76e698f4f8a29ade28e5047b1adbe26dd41e4e20ac9451506ee67ec8f11,bkl,nv,0.476484,False,1,0.003777,0.013579,0.449427,0.003327,0.053222,0.476484,0.000185
570a083392d0e1a993027ec7ae376ab2c66ba19c8f77898015a90cbd20907aee,nv,nv,0.961273,True,1,0.004149,1e-05,0.033816,7.8e-05,0.000638,0.961273,3.7e-05
573d603b02f01588f231f96a0f0e1ce835859f131bad96f3673adbccf0b02c3d,nv,nv,0.953404,True,1,1.1e-05,4.1e-05,0.005061,0.000106,0.04135,0.953404,2.8e-05
576a1a921cbae447ab0ae9eace6df46d81a4fa06eb39e5f7a525f7834a443ebe,akiec,akiec,0.514825,True,1,0.514825,0.000672,0.387937,0.006644,0.035394,0.054451,7.8e-05
57c6046bbe304771bb5d6703ff406905ff6b3c8b29a9d1898c6d2d9ba1210bc1,nv,nv,0.999937,True,1,1e-06,4.1e-05,2e-06,0.0,7e-06,0.999937,1.2e-05
57cacf48d27473e03c5cc914067ce0a5e67a840302ed874b096315bb28b44e79,nv,nv,0.999842,True,1,1e-06,0.0,9e-06,1e-06,1.1e-05,0.999842,0.000136
582f538c3d2c537f96594ae5f86b0a9f9f47e422032f782a68338d27df186df0,nv,nv,0.999156,True,1,0.0,1.1e-05,4.4e-05,1.1e-05,0.000778,0.999156,1e-06
5834fb8a68751bb3e478a6e4bef42b8d8b606ccc2c9cf952c01e128b9cede9cd,nv,nv,0.9985,True,1,2.1e-05,0.000117,0.000843,0.000198,0.000272,0.9985,4.9e-05
584c8352708e7a5059a829aa756f413a54860debafb4b7b8725fdbfae487807e,mel,nv,0.607577,False,1,0.009121,0.000144,0.260273,9.3e-05,0.122697,0.607577,9.5e-05
584d220e8624b55c7fa8c74f1684e58bc79f3a15a1cb37496ea5b5da4e39a858,nv,nv,0.984623,True,1,2.8e-05,2.1e-05,0.004705,0.000369,0.010246,0.984623,7e-06
586ac6cee8f12b42c0a2be41c9fae0624ed4558142291ace8a63a111050524ad,bcc,bcc,0.939248,True,1,2e-06,0.939248,7.5e-05,0.000225,0.00022,0.060156,7.5e-05
586c0459fa2e382780faa3340f9dfdf0d21ea8a7be249be1de9ae4f22ce83e94,nv,nv,0.998396,True,1,2e-06,8.1e-05,0.000519,0.000108,0.000877,0.998396,1.8e-05
5880fc57a5f68fab606b9e9cf1271d4855ecab878082d3afcbd9f466ff10e5df,nv,nv,0.999954,True,1,0.0,1e-06,2e-06,1.1e-05,2.9e-05,0.999954,3e-06
589d052f0e1d1d10df0f9b344d856ac2b44af5ccb4c2af74b80948b50010a4bb,bkl,bkl,0.990678,True,1,3.2e-05,0.000183,0.990678,1e-05,0.0058,0.003243,5.5e-05
58ba29c35d813871e30cb0bee2689a7d04c37c97c62b2cdaed0d0df278b968bc,nv,nv,0.781714,True,1,5e-06,0.000156,7e-06,6.1e-05,0.21772,0.781714,0.000336
58f999f8161aba5bdffc74ec02e1d962bc96493311a128d3554fabdf6a2c1dae,nv,nv,0.732547,True,1,0.000128,0.265789,0.000109,0.000858,0.000174,0.732547,0.000394
590242c6becc6f030cacff211690076c2eed4424ecd9ef9e1f19d03d609162ab,bcc,nv,0.328846,False,1,0.089898,0.19043,0.084317,0.172601,0.128226,0.328846,0.005682
5919e78d9c9358bd5fdf1412f13b0039b0866028128639b7e113cf1f0838988b,bkl,bkl,0.949716,True,1,0.001762,8.7e-05,0.949716,6e-05,0.039902,0.008442,3.1e-05
591b78e40ca7bd7a4629d08d809b03aa2866caa8bcbf4050a84dfac4cdc8b3ee,nv,nv,0.999942,True,1,0.0,1e-06,7e-06,3e-06,1e-06,0.999942,4.7e-05
5932aa54ce4fe7b16a2a5814612700ea8cb470bfd02d3fc637af44c02f9b0906,bkl,bkl,0.568292,True,1,0.017913,0.019758,0.568292,0.007447,0.013305,0.345052,0.028232
59386333042f91ecb58eb2a78a8eca1cf51eca1373e64bf1193061ef0f2f2555,nv,nv,0.911695,True,1,0.0,1.1e-05,1.3e-05,5e-06,0.086752,0.911695,0.001524
594f6391d405e4f6d27983ba55d011df7f948404c651c4ff5090ac1d9c444703,nv,nv,0.993037,True,1,1e-06,3.9e-05,0.003157,0.000113,0.003611,0.993037,4.1e-05
5987ed72f8cdc05da8650a71778d17ab5a4d09e5ac9701501d509bf74c45564c,nv,nv,0.99999,True,1,0.0,0.0,1e-06,0.0,6e-06,0.99999,2e-06
59d7d6dd7b19627d7e60212266b45cce1d9a74c92b5997d0fe1f17745ae494ce,nv,nv,0.992914,True,1,0.0,2e-05,0.005254,1e-05,0.001769,0.992914,3.3e-05
59de8c651baf30bcc6f874e38bfa83d86fea7c22d3e82cbc3279a482f6d34e1f,nv,nv,0.942853,True,1,2e-06,4.3e-05,0.001966,0.001885,0.053248,0.942853,3e-06
59e4764293e756f0f4f3342b54fc83cb9bee6c8031619eabd4c9dab94c63d3be,bcc,nv,0.758815,False,1,0.000286,0.229353,0.008806,0.000728,0.001522,0.758815,0.000492
59f160ceff1b6c5ce9d69a97a82f97dadb2eeb84cc908e763db2fbda091b684d,nv,nv,0.99999,True,1,0.0,0.0,0.0,0.0,8e-06,0.99999,2e-06
5a145839f2b90c6654c070cf3600890b08974718447a159fd67e6a3b0430bd15,nv,nv,0.996023,True,1,1.5e-05,0.000153,0.002712,0.000719,0.000275,0.996023,0.000104
5a287808367396db4370bbbfbd0f439cd51dc761ba837aaa52a8673c2d06843c,nv,nv,0.999966,True,1,0.0,0.0,0.0,1e-06,1.6e-05,0.999966,1.7e-05
5a4f3d347a26a356de63ae01e524a8e5b2680a4486ec06259312167eaa31d6b9,nv,nv,0.736648,True,1,0.002983,0.254602,0.000977,0.001467,0.003179,0.736648,0.000145
5a7d12220c582c6bae4ff1ae760652016c2f9757b3d690d487e91514c45a9f63,nv,mel,0.746195,False,1,0.000391,0.000272,0.01332,0.009832,0.746195,0.157569,0.072421
5a8a9b459f83fa31f0c60a765c64bfff855fe2f1d250f007a2dda6ffd3eb4dee,bcc,bcc,0.977921,True,1,3.1e-05,0.977921,0.000202,0.000639,0.000121,0.021026,5.8e-05
5aac229b270af3f0b9b5a60b8ffb6fa0bc017fef4e85c2bbdcd75ff11c7e40c0,nv,nv,0.965085,True,1,8.5e-05,9e-06,0.001655,6.1e-05,0.032983,0.965085,0.000123
5ad84fe83a1d3769060c0989d6f307c1e7e32d53e27345adc80c39a8fddd6dae,bcc,bcc,0.571936,True,1,0.004338,0.571936,0.003518,0.000326,0.000386,0.418476,0.00102
5ae2fa7a6ffb096a5ed54473bd908b5a11878a861087f0f9cd0e015df703d151,mel,nv,0.680167,False,1,0.002608,0.000643,0.02544,0.001939,0.288903,0.680167,0.0003
5aea2f4d7f92ed3239c2e355a1750d43a0f60a4833f1d544a476b284f4adc147,nv,nv,0.999867,True,1,1.4e-05,1.3e-05,4.5e-05,2.4e-05,2.7e-05,0.999867,1e-05
5aecbcd04669bd9e1782b9aa70500895d8c141cd8dfc91a45496feac793d760b,mel,bkl,0.362163,False,1,0.206138,0.001229,0.362163,0.001141,0.276253,0.152249,0.000827
5b111cb2eadedcb6b3891f5cdac8d0034a2a9aa36c13619133ccd31c877ea619,bkl,bkl,0.995072,True,1,0.000813,0.000446,0.995072,2.4e-05,0.000417,0.002703,0.000525
5b53e2418fc3cc5c42abb6390b48d7f6a2c559eb514d9fb1e0e50c54e2566c69,nv,nv,0.996272,True,1,0.000144,0.0,0.000702,3e-06,0.000367,0.996272,0.002512
5ba194e64f708ce7290571ce2b3755eb8beb92201cc5d3ca0d0dac4104e66826,bcc,bcc,0.774765,True,1,0.127236,0.774765,0.017796,0.000705,0.000812,0.073776,0.00491
5bd777cd488964fcc13dbd6ccfdfbe85963bac4a3fa8d9a8108e9e18fe0c0066,nv,nv,0.995044,True,1,4.5e-05,0.001028,0.000487,7.2e-05,0.003306,0.995044,1.8e-05
5bff7f601ce219c422a7aaf10e073830acd3a38edd5465c53a797a62ec8a296d,nv,mel,0.697874,False,1,0.001285,0.041433,0.005328,0.000149,0.697874,0.249663,0.004268
5c4663f8175e8a50632f273347a813b4c27808117937d3259d812833b145987f,mel,bcc,0.944746,False,1,0.002229,0.944746,0.003837,0.000405,0.003153,0.045583,4.7e-05
5c707572970086e16ec57b896cfbe019d4e9044758b31a1f1e687a8a9591645a,bcc,bcc,0.943102,True,1,3e-06,0.943102,1.9e-05,0.001276,7.4e-05,0.055454,7.1e-05
5d1cda3eddb6e67fb1c98540592ad86067f37d56c064ac867f3e66fa47777a07,bkl,nv,0.629302,False,1,0.000243,0.017949,0.340141,0.000525,0.009284,0.629302,0.002557
5d4472f0203ad93ef0d2ccf87b570a862e55008a7ab3f2456e82dcf6355ba4cd,mel,mel,0.979054,True,1,8.9e-05,4e-06,0.001279,6.1e-05,0.979054,0.018781,0.000732
5d52116cfc26add9bd3a7fd8201b0001f2544924b8b37412d1e350d2a186cbd1,nv,nv,0.894428,True,1,0.001078,0.000509,0.004301,0.046336,0.053304,0.894428,4.4e-05
5dde95a855a900568712de1e30508a962bc2b72a91342f8727a4a4b544349bbc,nv,nv,0.990295,True,1,4.7e-05,0.000571,0.004164,0.001591,0.003311,0.990295,2.1e-05
5e117d3c83dbd9da87b8e14c6c7190fd2b30b000faaf5f1ccc491eceb57e39cb,bcc,bkl,0.349187,False,1,0.101194,0.262924,0.349187,0.003257,0.002422,0.274685,0.006331
5e20e1f570cb162cfd757f021070168f7d343732238bf4239c27f67c29d8faff,akiec,nv,0.778254,False,1,0.001255,0.045596,0.168992,0.002245,0.003523,0.778254,0.000135
5e32b294e996cc85cc988896f65fc59410c355767aee2185eaaa2c59b830395e,bcc,bcc,0.537337,True,1,0.099491,0.537337,0.11642,0.052346,0.019193,0.165641,0.009571
5e68d09df91594eb82499f998d4847cd70cc467bfd936aa37168580b708dbae4,bcc,bcc,0.998078,True,1,0.000286,0.998078,0.000124,0.00043,4.2e-05,0.001034,6e-06
5e72117190f2f03ccc366630d9ba72fd159f5077496d972179561b27f1ce5baf,nv,bkl,0.734174,False,1,0.008192,0.008329,0.734174,0.001014,0.065201,0.182803,0.000288
5e9178d622bf76258b05d423a6086c2855e878bbe43c7c50ce154806cece5cd0,nv,nv,0.999998,True,1,0.0,0.0,0.0,0.0,2e-06,0.999998,0.0
5ec2209e87f1cb1ca396c495fcce35ac47caf979032877748692b7e35cf00950,nv,nv,0.54152,True,1,0.008299,0.002133,0.001398,0.02221,0.422806,0.54152,0.001633
5ee7cd17f80bd70fa1567066a33cfb13cce0c0b20df1e9444e8188af72e962b8,nv,bcc,0.894542,False,1,0.000959,0.894542,0.02253,0.001804,0.015476,0.063286,0.001403
5f313bad986597f51e7f39d49831d9b3ddb28b1615e9f1a90dc415ad0b5b5e69,nv,nv,0.873506,True,1,1.2e-05,1.6e-05,0.000235,3.3e-05,0.126064,0.873506,0.000134
5f7070b7b49a4864de935ee3da60bde10e1bee5ae1b6e09eddd995fec4a6c39f,nv,nv,0.998674,True,1,0.0,2.8e-05,2.7e-05,2e-06,1.7e-05,0.998674,0.001252
5f81002e412d8c6781591c51991d3a2ba2a0fcc938cc4103df7a27245515d24c,bcc,nv,0.875794,False,1,0.000233,0.108665,0.006598,0.000331,0.008096,0.875794,0.000282
5fba756aebf289688e885cdbf7a3f3e674636ef968ffa4175e825310341d14e7,bkl,vasc,0.338544,False,1,0.042566,0.003861,0.076429,0.005764,0.298457,0.234378,0.338544
5fdb19a53143c0a19b46f1deaf53ba74fcdd4c5f7fdc401fbca90d5a01fb574a,mel,df,0.78232,False,1,0.002071,0.01885,0.000387,0.78232,0.025829,0.169845,0.000698
601189bb0af21dc60bf0df58e10d98d9368d494c5b92fb8c63f751e97802f153,nv,bkl,0.783253,False,1,0.048616,0.022115,0.783253,0.007187,0.004539,0.133727,0.000561
60406de92e0d7e3d48774e6fa0114107fe3fd5e71c3830be71e8b29f08f3e039,nv,nv,0.999992,True,1,0.0,0.0,0.0,2e-06,2e-06,0.999992,3e-06
604625f04616c93f5577b486a0aa317f7068a65a716d5613ced26351e2d67c48,nv,nv,0.999486,True,1,0.0,1e-06,1e-06,1.1e-05,0.000487,0.999486,1.2e-05
604b97034d130026e96aa7fd96fb93c541e632e334b244a226fd71c72c9d2b05,nv,nv,0.9937,True,1,2e-06,0.001112,2.8e-05,7e-06,0.005028,0.9937,0.000124
6053636431dbbb79ef6e15808de8a5a3465ff756c2b7b86d989f5b5558e19ff6,nv,nv,0.943277,True,1,0.0,1.5e-05,1.5e-05,6e-06,0.00373,0.943277,0.052956
60608662237326b3899b10c1f04b7de80e5ee173593c3df39c5b28eb08874b1b,bkl,bkl,0.956457,True,1,0.000747,0.000251,0.956457,0.000175,0.036775,0.005502,9.3e-05
6087047c251fb54bab26629b95a8a40d82294b85479806cccc6e82b1ba2a07cb,bcc,bcc,0.726872,True,1,0.002467,0.726872,0.02367,0.029277,0.001073,0.215802,0.000839
609e49c31a99bf2c2b69ac03f7d266c2e5494a39169adfa61e4b4034c396cc3f,nv,nv,0.956925,True,1,0.001324,0.004053,0.003119,0.023704,0.010594,0.956925,0.000281
60aa7f729db02f9c9f24b9ca0448a762f1fb11d7d677f93f6aeb3ef0160bee05,nv,nv,0.999912,True,1,3.3e-05,2e-05,4e-06,1e-05,1.7e-05,0.999912,3e-06
60b06d9a04536e8a9fd31c9b16747dbcdcbb4ec51cc87a99676e9ed907e1a668,nv,nv,0.999995,True,1,0.0,0.0,0.0,0.0,0.0,0.999995,4e-06
60baf824cdae95cb2bb1c5ee7ecce37924d424f79567bd139d5e2f2cf35b249e,bcc,df,0.648586,False,1,0.031426,0.201092,0.015397,0.648586,0.060401,0.040571,0.002527
60c45e7a590590537a6d2796188c68de464ff633d81b2bbdce8d1878460585cd,nv,df,0.598089,False,1,0.071484,0.054659,0.029289,0.598089,0.090239,0.153442,0.0028
60d31ba52b43d4a3a1ad07009c7c0e933d145082201abc5f12a75cd2e6ccb7c5,nv,nv,0.996886,True,1,0.0,1e-06,0.0,6e-06,0.003097,0.996886,1.1e-05
60f9f44a1e7defcee65124f173d63f11d78be96b930bdcf98ca2da33076d323f,bcc,bkl,0.709798,False,1,0.02324,0.006161,0.709798,0.000387,0.005106,0.255182,0.000126
60fbc024d9ea6b1ac31750fe828d25483234953071e37e6004accfa7468201b4,bkl,nv,0.457339,False,1,0.069598,0.150386,0.04076,0.002029,0.278943,0.457339,0.000945
6128cee3d4f5870545cdf9c35d52da18985b4827e5d24797f597002bd23099cf,nv,mel,0.499158,False,1,0.000123,0.000681,0.000121,0.00271,0.499158,0.496344,0.000864
613ab808c8f439aabdde097779b169969ae46c039495189e721baa3e554470a5,mel,mel,0.996975,True,1,0.0,2e-06,8.6e-05,3e-06,0.996975,0.002464,0.00047
613f4ae50d869c45ec664ec76e7c2b7a6db9262ecb48c55e8305499c886e0a1f,nv,nv,0.999465,True,1,6.3e-05,0.000196,0.000166,4.3e-05,3.5e-05,0.999465,3.1e-05
613f8d2dcba783aff765e44410c15b25d1f733ac05394e59f8283c66a4965dca,nv,nv,0.998895,True,1,1.2e-05,0.000291,4.2e-05,5.6e-05,0.000208,0.998895,0.000496
6145c011fec88f3906492af964caed8ce544365079538e6d9accac711a32f601,bcc,bkl,0.801624,False,1,0.001357,0.012081,0.801624,0.004518,0.000282,0.176973,0.003165
614ab0314ec7fa0bd55d988b0aca2d89c0ee680e56c18dea8a649075073e501c,bkl,nv,0.596662,False,1,0.005652,0.002232,0.145152,0.087409,0.161784,0.596662,0.001108
6180745ca3044c6267b58dd77ae821fca7df549c64bb65d0591e088f67b84547,nv,nv,0.989724,True,1,0.0,3.2e-05,9e-06,1.5e-05,0.010216,0.989724,4e-06
61dc3a76d54458fcdaa50400a1890f6648c1eaebbc8e2f05f1e612a60c50e366,nv,nv,0.999991,True,1,0.0,0.0,0.0,0.0,2e-06,0.999991,7e-06
621ef6744adb06fe66261892a690446a634e9426e9f1e645a364f19b79be373f,bkl,bkl,0.696274,True,1,0.000995,1.7e-05,0.696274,4e-05,0.006921,0.295736,1.7e-05
6227afa53ebe04cfedb6721928652147e823ff9560deb4493eed6ec96a515a5a,nv,nv,0.890916,True,1,0.000103,0.107631,0.000267,0.000485,1.2e-05,0.890916,0.000585
62487c35d3108ee2b26c86e20a64788b95a91e578f6c7517b222fb0dd8e49ba6,nv,nv,0.956189,True,1,4.2e-05,7.3e-05,0.000194,0.001499,0.041969,0.956189,3.4e-05
6250f787665568cbba0f5059b8a83d8e0087b81c49fc60096241a2d6ed2a0690,nv,nv,0.999995,True,1,0.0,0.0,0.0,0.0,4e-06,0.999995,0.0
62660c674af6ced0657b90645135c2ad8ff87f69ed4aec63eb0444502c3449a3,bkl,bcc,0.949574,False,1,0.000338,0.949574,0.000499,0.002298,0.00038,0.042874,0.004038
62876c007372bc99d6f80b2fa4f20237545c667bed62ea9770c4a58fc1f12e36,mel,mel,0.64152,True,1,0.003589,7.2e-05,0.103554,0.000125,0.64152,0.251045,9.5e-05
62a184647af42152a934272b205716e3e2c7c64421a1b91cf8586b1f879014da,mel,nv,0.637263,False,1,0.00146,0.005009,0.273096,0.001602,0.08002,0.637263,0.001549
62d65ae5b46b81bf3b5571f93e945609e184e7b99d9e42c968b5901277eb966b,bcc,bcc,0.95927,True,1,0.025515,0.95927,0.004666,0.002589,0.000729,0.006492,0.000738
62da5f1700ddaeb092152d9c85758c15bb50bad45769f5d7c708f77d05a2a538,bcc,bcc,0.976714,True,1,0.00281,0.976714,0.007013,0.002949,0.002255,0.007686,0.000572
62e2d71a48274f3dfa02fceaf004d55ad3b4e82702119ecbf61c0573848951a1,mel,bcc,0.468439,False,1,0.000243,0.468439,0.000565,0.013163,0.087452,0.429662,0.000475
63013f06ec77b9081e00ebb99b65e09203329d010a60c4f1b0d98565742ea1e4,bkl,bkl,0.749749,True,1,0.031756,0.00036,0.749749,0.000979,0.000844,0.216204,0.000108
630908a3c4d5bfb88669be20e622ed472560e3b7638abe85d5150aae855f6813,nv,nv,0.982619,True,1,3e-06,6.5e-05,5.9e-05,0.00054,0.016683,0.982619,3.1e-05
631a2df01b2d412b48ab367df46d626e6da5b80a842501d081a5f272e6f6c21f,vasc,vasc,0.795552,True,1,0.000223,0.050743,0.001919,0.000728,0.012138,0.138697,0.795552
633724fbb648168977dc6cd2417d3b893e9a4f3b93a3ebb38ebb3cc7a18443ec,nv,mel,0.633239,False,1,2.5e-05,0.00053,0.001032,0.000457,0.633239,0.364658,5.9e-05
634b9d5dfcb68ea819e0c06604457194481da537661a2814040fdf997207a4cf,akiec,bkl,0.947096,False,1,0.033683,0.000318,0.947096,0.001739,0.000836,0.016226,0.000101
6354757807e9d0d8fab344493f0eb4100a7dc5a78d0fad758cad3c3596b8b9b3,nv,nv,0.999558,True,1,0.0,0.00037,0.0,4.2e-05,6e-06,0.999558,2.4e-05
6364ed008295c7a03d2ab2382075bc5d60cb5f4120ec50d60f9413fc9a3591fc,akiec,bkl,0.723198,False,1,0.000198,0.000422,0.723198,0.011536,0.022832,0.240611,0.001203
636af63e6930c3abec2b89103bcb73b913546c30f8e14191374a3d220fba47c7,nv,nv,0.987127,True,1,0.0,5e-06,5e-06,3.7e-05,0.0128,0.987127,2.5e-05
636cef077da80d9d5b48aaaf045310249052eb99d49f6ea7682a6ce5ba69a603,mel,mel,0.924395,True,1,1.6e-05,0.000326,0.000486,2e-06,0.924395,0.003085,0.07169
637e6c7f9fcb616698876b53d563cc1389df2ea0f4d8947da49cfebae045d685,mel,nv,0.720021,False,1,0.000889,0.001086,0.092144,0.001929,0.178019,0.720021,0.005912
63ce121843fa501b0612888709556028258214a87fe498c867694ff86a3fc271,bcc,bcc,0.997681,True,1,2e-06,0.997681,2e-06,2e-06,6e-05,0.002241,1.2e-05
63e3621a180e2a46b4b75a3f2965bc4c29ed4fb5a8d12441476eac10478a00a0,mel,nv,0.881479,False,1,0.005214,0.038706,0.038022,0.001415,0.034076,0.881479,0.001088
63e843377f1e997d08c278264e516f332eec62ef2056befac1e203dd8732781e,nv,nv,0.962627,True,1,0.000113,0.03571,0.000377,0.000163,0.000983,0.962627,2.7e-05
6403a90536cb14074e0ca8a509af1b4f7023f005b61670a3e43de2cc3f3c75ef,nv,nv,0.78621,True,1,0.052425,0.00129,0.00926,0.005265,0.145393,0.78621,0.000158
64063801e5c4622d729ff1f624ed3575fd6e4fcfc1926198eb960d17391162fa,nv,nv,0.99984,True,1,7.1e-05,4e-06,2.6e-05,3e-06,5.3e-05,0.99984,4e-06
642582e4965d490357dd1333261567b7b79fbca8931e0fe18d7503d66475bb02,bcc,nv,0.554703,False,1,0.011977,0.320159,0.014982,0.086562,0.00581,0.554703,0.005807
64325158f08ae63a06d2bb532535fe1c11dee71192d62d22669626f406bf621a,nv,nv,0.999673,True,1,0.0,5e-06,0.0,0.0,0.000309,0.999673,1.2e-05
6446836b17c1fdc3d7800b974c8814079b1ca985c5c145fe3a8cd4f66485b9a7,bkl,bkl,0.895608,True,1,0.016194,0.000351,0.895608,0.058855,5.6e-05,0.026396,0.00254
647a9a7fda1631dc58b382ab7663d7bd482e7be302b29ebea1532c08b359de55,bkl,nv,0.752942,False,1,0.000195,0.011308,0.22801,0.001994,0.001576,0.752942,0.003975
64ab47c71ec8d7a14ae47b8a7c990b640787492f2ca79465c5d681e880bf1bef,nv,nv,0.991199,True,1,1e-06,0.000717,0.000389,3.4e-05,0.007649,0.991199,1e-05
64d71ce4974f4bbc14736d701acc0e8eb26b2937d5a6570449a89cd435b1ecb4,nv,nv,0.971812,True,1,0.000171,7e-06,0.005578,3.4e-05,0.022384,0.971812,1.4e-05
64da45a2ad025a48aef380d4be89bd3fcd7d5b7ffe2baaf36c9272b0a127e6fc,nv,nv,0.592252,True,1,0.000883,0.35531,0.004607,0.007761,0.03779,0.592252,0.001397
64f2ed065bdd6421eb8175bf8bf2522f331b9ad016a012996b0177b4b966d813,nv,nv,0.972536,True,1,1e-06,7e-06,5e-06,1e-06,0.027443,0.972536,6e-06
6502b3060f1833007b954f59822b1bba225265c9cd647fa94b40b22e6d1a44de,nv,nv,0.999707,True,1,3e-06,2e-06,1.9e-05,4e-06,0.000253,0.999707,1.2e-05
6552be6c149567b5d6ad01af0f7f0da0cf35f6ac7822750a6379f6d8f21dce9e,nv,nv,0.994943,True,1,1.6e-05,0.002386,0.000788,0.000173,0.001669,0.994943,2.6e-05
655896142cabf729ce530cfb03678fccdc04fdab70d5fa9daeed4fa73eb42305,bkl,nv,0.613922,False,1,0.002936,0.006043,0.353811,0.00182,0.021349,0.613922,0.000118
655ca6a8abb8b3c9d9d99d9f57dc699b4646e9e48a5ea43232a9932551086d67,bcc,bcc,0.715936,True,2,0.237972,0.715936,0.032888,0.002931,0.001105,0.008436,0.000732
655e1b81d97b1adff7a1db29ca36e908d665192d0bc52d1d1f5843453dd368c7,nv,nv,0.976128,True,1,6e-06,2e-06,0.001901,0.000362,0.001032,0.976128,0.020569
65a4d389e1317d814a4935811665d94a7c89c949494db4fc4f20118358bf7132,bkl,akiec,0.481715,False,1,0.481715,0.00787,0.003263,0.074426,0.18158,0.250147,0.000999
65b1aded6d1a94a854a49a5620473089d88f428ffb6ee73342e8f57d7e31be04,nv,nv,0.992488,True,1,0.000125,0.003601,0.001671,0.000291,3.6e-05,0.992488,0.001788
65b3f998224e46cf4ee6911873f786632d791e76441935c4cc4d8dc6d3715b9e,nv,nv,0.979802,True,1,1e-06,3e-06,0.004524,0.000251,0.001722,0.979802,0.013698
661ba3234e118d4c558447fd2b26b08a8fb6b8f306bf4d70030791807f25a549,nv,nv,0.975619,True,1,1.3e-05,0.000225,2.9e-05,3.4e-05,0.024067,0.975619,1.3e-05
66510675eb597a395643f47d25d2392791fe25c6bf2f60035330cabe353a325e,nv,nv,0.915566,True,1,0.000322,0.000544,0.055267,0.000745,0.024615,0.915566,0.00294
6686a38b9b15b6c9a79269c12709856b23cc208e6c4564b41615e104272ab829,nv,nv,0.998467,True,1,5e-05,0.000248,9.8e-05,0.000208,0.000921,0.998467,8e-06
669a18c16ed7ad105da3bc82b0d51668401c8d5e2d46c5907d2d7e621e31326a,nv,nv,0.998037,True,1,1e-06,0.000129,2e-05,4e-05,0.001769,0.998037,4e-06
66a66a7c390ffaa3c540d2d960f005a619e539624f957b4459d31166e49618bf,nv,nv,0.981234,True,1,2.7e-05,0.000862,0.000246,0.000592,0.017031,0.981234,9e-06
66c6874b09cb43121f3e4bc5fe218a83f4f2f704426faefb6da3246768c6455a,nv,nv,0.996969,True,1,0.0,5e-06,0.000987,3e-06,0.002034,0.996969,3e-06
66e631c295be69a122a0058d8466dbc72f3153db6be7ba8f26f4bf0a2da9e3e0,bcc,bcc,0.998824,True,1,1.6e-05,0.998824,6.3e-05,3e-06,1.1e-05,0.001062,2.1e-05
6722ddb3e79c20e9a1970562403ec12a83771d8a343a0563781d97d739daf7e6,df,df,0.99984,True,1,0.0,0.0,2e-06,0.99984,2.1e-05,0.000128,9e-06
672b0806b27a48ffa620913755c68095db7db9689cb17401cd0bb0acfd73fad8,mel,mel,0.409677,True,1,0.001349,0.161047,0.003141,0.002024,0.409677,0.078834,0.343928
6733c0eacd04a84a71427d260ef237120c3e668446bd9e86a7712f5f988d6e55,nv,df,0.987109,False,1,3.7e-05,1e-06,8e-06,0.987109,0.001162,0.011683,1e-06
673562124a406745522a4250b3e07aea8a3bc25ffc38507be08cbb11c1fbced4,nv,nv,0.998872,True,1,4e-06,5.8e-05,7e-06,2.4e-05,0.001032,0.998872,2e-06
673a669b95bfe903a62133357411d2486091002ed6b4a54fc1e86bb15851b998,bkl,nv,0.735799,False,1,0.015117,0.003529,0.195023,0.03293,0.017057,0.735799,0.000545
6768b67d08b040ec727e62f17a5667b08621e29a7047ecc51d41af401dd60e08,bcc,akiec,0.803438,False,1,0.803438,0.043255,0.109601,0.005623,0.001133,0.034112,0.002838
6794bc4c2d8c908cb528a2abe4fceb773c2a240406f2fbc5495f09c623b6e34c,nv,nv,0.991638,True,1,4.9e-05,0.001213,0.000188,0.000322,0.006559,0.991638,3e-05
6796003cb0b3bdd9028578a6dec884be107eb41ad2b060c1071deca36b1592a5,bcc,bcc,0.948137,True,1,0.001992,0.948137,0.023449,0.003044,0.000747,0.02245,0.000182
679fb49e2d4bc5f81f92d80eaf22197bae0000adc4083b6ddfae782885173b1e,nv,nv,0.996505,True,1,0.0,0.00085,0.0,0.001264,0.00133,0.996505,5.1e-05
67a836cd6f2051fb6fb27220e0f3d958074eeafa9d967fcc1507a0bc38c3e896,mel,df,0.393006,False,1,0.034559,0.063764,0.06383,0.393006,0.100876,0.337435,0.00653
67c908fb5dc43167ca0a4fed4345b4f10090811b6a7e248dc797dc4148cb8f03,nv,nv,0.982585,True,1,0.0,5e-06,8.6e-05,8e-06,0.017312,0.982585,4e-06
67f0114213e2dbe2a4c789d9c151e3e8ec65aa32cb6d9976f1984da6eca32031,mel,mel,0.97453,True,1,2e-06,1e-05,0.009213,2e-05,0.97453,0.016032,0.000193
681200c3e03e26928895d27a420987df0aec71399dc4b58acc4c6c41817637c8,nv,nv,0.501872,True,1,0.378898,0.000131,0.055566,0.040492,0.022588,0.501872,0.000453
682fbf6b11861a6bc422eecd7921158db2ec7e49b89e33691f7b5be70f30d47d,bcc,df,0.773265,False,1,0.041212,0.008438,0.007687,0.773265,0.110368,0.057841,0.001188
683fc57c86159648c2fdcc243f20473dd94e6d5374ce4bba641a6b4222293f24,nv,nv,0.919508,True,1,0.000393,0.014481,0.048086,0.010135,0.006156,0.919508,0.00124
68543431e8328b061d54308ae8d7ffa0103b594f410f7a6e8501b9290719e0a4,nv,nv,0.504579,True,1,0.000383,0.002538,0.007667,0.000571,0.484125,0.504579,0.000136
6859542532af5b110fa13b16daa416e17a855b755f255d594b4a38accf1b8d64,bcc,akiec,0.507681,False,1,0.507681,0.483399,0.00044,0.007768,0.00012,0.000585,8e-06
686908297e87d914b4874f51c389d42f963460835efb09c720530b22f49b03bb,df,df,0.614095,True,1,0.004157,0.031476,0.035642,0.614095,0.001959,0.312186,0.000484
686b6f66d0d3f30249da88586c5f53a69882c940746a75e714b6e2fb88071ed8,bcc,bcc,0.8257,True,1,0.067381,0.8257,0.023124,0.032724,0.00097,0.049844,0.000258
6877f556e70db81395283805ce82b6c030926cbb14eda3e758b980b576f7c5a3,mel,nv,0.7406,False,1,0.000708,8.2e-05,0.242073,0.015135,0.001296,0.7406,0.000107
6887dd2c4901f952548b0016fd6076765ed94b8fdb3acd22825ded9e7db7e3f3,bkl,bkl,0.889542,True,1,0.001051,0.000304,0.889542,0.000243,0.015057,0.093625,0.000179
6888ec83471495dbc5e356391c949c0bda9203c7ba6285475d73ee49e6b186b9,nv,nv,0.713058,True,1,0.058935,0.037711,0.176518,0.01242,3.5e-05,0.713058,0.001323
689c84f6e50cb1db8e849b798e87c4e52505cce9d9457ae1a240f3a2cdeaa324,akiec,nv,0.397883,False,1,0.124735,0.256245,0.060485,0.023761,0.030016,0.397883,0.106876
68bdcbd361a420d2c20d3f2ff033c00b06a50d1c0a5b10832c954235cc4ebde9,bcc,akiec,0.542167,False,1,0.542167,0.441369,0.010318,0.004887,0.00033,0.000901,2.9e-05
68db3e25e5cbb69395ba318b16a6d4ce62f98cca2cbc3ea88cd3b56e5c01de59,mel,bkl,0.759178,False,1,0.000518,0.00461,0.759178,0.003553,0.077475,0.136459,0.018206
68dc27a3f1d4d1ad1801da514866c70393b49b5ae4f3514ee4094e7d0e2b68a5,nv,nv,0.918602,True,1,1.2e-05,0.079743,0.000358,0.00059,0.000264,0.918602,0.000431
68dfba457fc706a2c27e7ac78cc1da6f7f2565da3346b0ecab03a69c36970375,bcc,bkl,0.855072,False,1,0.054196,0.001077,0.855072,0.004835,0.001418,0.058144,0.025258
690dabead2774b64e0beba2c6ed1537d7b1abd03fbbb5027374e13d7e020e892,mel,nv,0.567805,False,1,2.3e-05,1.3e-05,0.001042,0.000445,0.423503,0.567805,0.007169
6980cc7a910f6574ce8c978a019ac36f2b36680eff7f49c5aa8242262311a11a,mel,akiec,0.477936,False,1,0.477936,0.002694,0.330821,0.000744,0.174198,0.013017,0.00059
698a6f3b1633e69606768ecbd7d0fb52ffeb232de3b1070fb827ccc5a11598af,df,df,1.0,True,1,0.0,0.0,0.0,1.0,0.0,0.0,0.0
6995cdd89de05e0955653c7547bd2fd0141192c954622238f0670e8b3aa7d708,nv,nv,0.503623,True,1,0.002276,0.00493,0.014885,0.32987,0.140956,0.503623,0.003461
69b49e7ad770397ef2f5355a1b7291f835a5bfd7c78de97988b0a25d76504a12,bkl,bkl,0.758989,True,1,0.000339,8.5e-05,0.758989,0.000152,0.110594,0.129591,0.00025
69c0c728678084545da9a9189729bf3a2bb4d185c0f49edf16f99ca7e6a13436,mel,df,0.471801,False,1,0.02302,0.011878,0.009901,0.471801,0.319152,0.16276,0.001487
69d59b92bf2490fbf8bd57e93b5373fe65dc0c6f9a4fced038a33ea385796d79,mel,nv,0.793152,False,1,0.000367,0.124405,0.000686,0.001891,0.076941,0.793152,0.002558
69eea0f7064d866077654eda1917fa237b287004e3d0a98c65ab0b8bb9ef11cd,mel,mel,0.790625,True,1,1e-06,2.7e-05,2e-06,6e-06,0.790625,0.209317,2.3e-05
69f045d20dbe8b52fd1b2eef006bac838b9085ca3f02ffc209bd688c8e7ecc34,akiec,df,0.790242,False,1,0.023359,0.003304,0.100417,0.790242,0.008302,0.074302,7.2e-05
6a0b7475cca8d8f3870303713cb27a100556048a92be29110f9a89895c3502d7,bkl,bkl,0.950478,True,1,0.000852,0.000505,0.950478,0.005838,0.02528,0.016277,0.00077
6a276d786a3b17fa06a6e749ef5f4b31ea838531bb29538033a9dd0873956754,nv,nv,0.933273,True,1,5.7e-05,0.000173,8.7e-05,0.000229,0.066173,0.933273,9e-06
6a3ebf5950515992fe0611274ced924a1fd0ac55d2675bc0aca03f4b71eb8b54,nv,nv,0.999584,True,1,1e-06,4e-06,2.7e-05,0.000208,0.000168,0.999584,9e-06
6a4c659e20cf7a80a4efc698f9bb0c602d713720c71cc6f326c959b3ed2015f7,mel,nv,0.880758,False,1,0.0,5.4e-05,0.017052,2.5e-05,0.101983,0.880758,0.000127
6acbce2294d267635f4b39d12fd129e95f820a4b11a5edb01c94537f5b06e136,nv,nv,0.71944,True,1,2.3e-05,0.000355,0.000644,0.00517,0.274058,0.71944,0.000309
6acfdbb0ea3234026d990a1d3a382a83642c158ddbeaac8b75fef47852c5e892,mel,nv,0.988793,False,1,5e-06,0.000115,0.001293,0.000693,0.009048,0.988793,5.3e-05
6b550b0caaa6238f6bfd8f34496e57cd8fef36ffd7939d43725ce4f624abe852,bcc,bcc,0.838956,True,1,8e-06,0.838956,0.001354,0.000235,0.00101,0.15799,0.000448
6b693784228c891e25997837eecc62c6f681c57a580d2c7a07c954398b50b1f4,bkl,bkl,0.996843,True,1,0.000443,0.000345,0.996843,4e-06,0.001122,0.001016,0.000227
6b79d7252883b4c4e397430a5c437658e7739dd515288af9096d58aa7ad417e2,nv,nv,0.763437,True,1,0.032002,0.001893,0.088428,0.001225,0.112598,0.763437,0.000417
6b92e009e354f2c4a05b7b4401bc74b2cfd87071b412641fa40dec9748a0ef2c,mel,mel,0.977353,True,1,0.000321,0.000842,8.7e-05,0.014053,0.977353,0.003066,0.004278
6bd0a6b68f5c60c7aa7c532fa8902f0c191ddae07656ca845eb1da7c882cfe6c,nv,nv,0.995404,True,1,0.0,0.000102,4e-06,4e-06,0.000682,0.995404,0.003803
6bd4f23cc34330a1ae686dcf3840fc36c117d2588a895acb1a965436dccdc362,bcc,df,0.461095,False,1,0.230976,0.104098,0.011464,0.461095,0.114339,0.076352,0.001675
6be2a086bc06cab7f8e36f13ec964f769be03abc99d20106e9128b3cbc0db3ca,nv,nv,0.990892,True,1,4.5e-05,0.000422,0.000116,0.000155,0.00822,0.990892,0.00015
6be9b54ab984a28d525897bbb705ebc46c2438433a1bbcd8b973e6c3af893f54,nv,nv,0.933637,True,1,3.1e-05,0.000243,0.000744,0.063096,0.001046,0.933637,0.001204
6c209cefe6db4b5c2dac8ac0184496f88b87e16752b147bdc1c2a956964a42f3,nv,nv,0.981117,True,1,1e-05,0.014975,0.000133,0.000598,0.001516,0.981117,0.001653
6c5c039763f436db676f7ab6f9c4492c1ce69b676e07b21e1314560d3e3d5e7d,bkl,bkl,0.700588,True,1,0.005411,0.122234,0.700588,0.011815,0.003037,0.156209,0.000707
6c61dd65e98f9cce030fc4be5781609ea413a59cc5a366a9de8811cc7318ebc4,mel,mel,0.995623,True,1,1.6e-05,6e-06,1.1e-05,6.6e-05,0.995623,0.002336,0.001942
6c6ca2b34ca26124d597c45d5874509a18e7eba46b2102636340c5be2b5ffd2a,bkl,bkl,0.914122,True,1,0.000236,2.3e-05,0.914122,0.005025,0.003605,0.076957,3.2e-05
6c8e1aef5e050d34d3a54949162f11b8267faecba8fe33c1e75e8121c001dcf9,mel,mel,0.933507,True,1,0.000409,0.000633,0.000189,0.001839,0.933507,0.061721,0.001703
6c9665dd101c13fc95705305fc8067aa77d32998de7a02377b141a1203b071fa,nv,bcc,0.743272,False,1,0.083996,0.743272,0.088376,0.001176,0.003018,0.079975,0.000185
6cae7929863eaf74dbc3776eeec8eb87ec6977598b58ffe54a4924301646f562,nv,nv,0.998357,True,1,8e-06,0.000695,0.000256,7.1e-05,0.000606,0.998357,6e-06
6cfc9a063b62d52483494639426213eda8562169ee2bf8cc5f69b7b965ea6143,bcc,bkl,0.385234,False,1,0.001122,0.247807,0.385234,0.002454,0.005832,0.357046,0.000504
6cfe8be1d6d32c43d15147554da98f7929d060ca87ad67f93bc676d18a3c5abf,nv,nv,0.936459,True,1,0.0026,0.04127,0.001811,0.017769,2.6e-05,0.936459,6.5e-05
6d090af83c4d4a50dfaa2744dba0da85f07bbc847dd41327c98ea3950e098ed1,mel,bcc,0.60878,False,1,0.000112,0.60878,0.110848,0.002093,0.064704,0.202662,0.010801
6d21e6a1a9a27d8a730aaa8c6ac26ef1e2acc46a712666b7cdcacbc39927ea2b,bcc,bkl,0.884306,False,1,0.072142,0.003518,0.884306,0.000878,0.021707,0.016899,0.00055
6d2899b4a32d645b18fb2f9a55b732dca776839d19815e296eeb1d1b09006ec2,nv,nv,0.985489,True,1,7e-06,0.013266,1e-05,0.000293,0.000932,0.985489,3e-06
6d3d7442a994de10a26a946de9f342a6b3c8840252c069180976cdcf2b38b479,mel,mel,0.769798,True,1,0.003527,0.000581,0.020475,0.001159,0.769798,0.202869,0.001592
6d8b095cada8fe3ba82fd82efc49a60ba2ab6d737a8581242db6059c70c8750e,bcc,nv,0.555496,False,1,0.000767,0.002009,0.401209,0.0028,0.027587,0.555496,0.010131
6d95bcf4a36d5d0cd8812bc71541edcb8d87b8c299d3af97788eb7fad5330f63,bkl,nv,0.575673,False,1,0.000888,0.214377,0.006467,0.156733,0.043676,0.575673,0.002186
6d99ff166eb4a6919047500fdc9d73812f2d5244e9f99d237af512ca651216cb,nv,nv,0.990442,True,1,7e-06,0.000268,0.000509,0.000126,0.008645,0.990442,3e-06
6db6dab851c989128b5fb2ccff92ea0c0269fe4d7b328ddf25fc99e55a32510a,nv,nv,0.989143,True,1,4e-06,0.000958,0.00453,1.6e-05,0.005316,0.989143,3.3e-05
6dbdc82b7979271ff3560fb5afbafb58842f3df1b7fbea1e84e3c8abfa953fe8,bcc,bcc,0.969051,True,1,0.00024,0.969051,0.000459,0.004265,0.001234,0.024535,0.000217
6dcfd368a302c7df06962b712302d06df4e9374eddd5b7922375269100fbae1d,mel,nv,0.827596,False,1,0.000491,0.130189,0.020877,0.002211,0.018561,0.827596,7.5e-05
6df2a4fa5387251654313f6c19db337b929ffb44adcdcc9f2146ab445f18eaed,nv,nv,0.916925,True,1,1.8e-05,7.7e-05,0.000227,0.000461,0.082276,0.916925,1.6e-05
6df6e2c86cda874bcc537c3c09f92d23e5f911e0969167b776e4b5aabc22d3b5,nv,nv,0.526393,True,1,1e-05,0.000194,0.006802,4.4e-05,0.466499,0.526393,5.8e-05
6e096be5343c116995e4e3ff3f9684d7a49e45dba52ad90c5690856a93ef081f,nv,nv,0.924638,True,1,0.000633,0.000669,0.055168,0.000175,0.018698,0.924638,1.9e-05
6e1533acd5d88f7369c1e76b65c783a4d7b7d05fa257c3eed7dd01c332cfb915,nv,bkl,0.995539,False,1,0.000273,5.3e-05,0.995539,1.6e-05,2e-05,0.003992,0.000108
6e16aa91b42b53a42dedf96a27eef21597c5b0171f230f6ff7c1e4347f657bfb,nv,nv,0.966147,True,1,9.3e-05,4.5e-05,0.004321,0.000409,0.02891,0.966147,7.6e-05
6e25045680756f6c9dd4427be8980e0bc815bc5b5b0c3560dcbdb6f11c44d01f,mel,mel,0.968072,True,1,1.1e-05,1.6e-05,5e-06,5.5e-05,0.968072,0.031799,4.2e-05
6e2e6257431d94b4f112659ad2f6859a8bbfeba3258acacd0f44e6ce196ec15d,bkl,bkl,0.809632,True,1,0.000243,3.5e-05,0.809632,0.001072,0.005523,0.183412,8.3e-05
6e347dc16464a493815eb00cd9a86ef9e8464c1c3df94cd88bb7f7d61b623c5e,nv,df,0.711949,False,1,0.013013,0.00378,0.004596,0.711949,0.190505,0.072679,0.003478
6e371260fd9a7aed6cb5f41e573082dc3ba6b8ead80a1ba9464f41589588cd89,mel,mel,0.617213,True,1,0.00018,0.001421,0.000292,0.0024,0.617213,0.378287,0.000207
6e3b09c213888c6c5eed9e561009b7ca50b621349d7bb5860f89dcfd9925e673,bcc,bcc,0.480863,True,1,0.000262,0.480863,0.00029,0.000209,0.00182,0.261218,0.255338
6e6f4da724ceb787dccbb546a84cd9f2b1503778ade708c17236322bc45ab58e,nv,nv,0.999689,True,1,0.0,3e-06,3e-06,3e-06,0.000289,0.999689,1.3e-05
6e94a890f9a989428c2e5e3a356883686663296b7ad355001a9d99b0856e99cb,nv,nv,0.988377,True,1,0.000146,0.002915,0.000308,0.007132,0.000934,0.988377,0.000188
6e9c5c78539646a9d71670bc92f0dd2879392cd42c1e0009e87c1f0d5c3a8cea,nv,nv,0.999912,True,1,0.0,2e-06,2.2e-05,1e-06,5.7e-05,0.999912,6e-06
6ea1b86c370b3850145c63db1673d1f1dfcdf0747c1d7c661bf86f2e80f6cb13,akiec,akiec,0.52464,True,1,0.52464,0.002764,0.176241,0.022513,0.017429,0.256355,5.8e-05
6ec4893718210cfe2515d52bd2a43a9c8666c6114e16a8508c6788770531d19f,bcc,akiec,0.941493,False,1,0.941493,0.041922,0.003171,0.00914,0.001084,0.003168,2.2e-05
6f140b7e0fb4cf669d7b03270735b3487a27f1d11942bb0ac795e521f3619b5e,bkl,bkl,0.731674,True,1,0.003653,0.002531,0.731674,0.004764,0.001098,0.255158,0.001121
6f2fa94a67821c13e9320e08424a779fafaf995c90f14bc96fdac9967470eb0c,bkl,nv,0.460937,False,1,0.001374,0.009339,0.307441,0.002071,0.21644,0.460937,0.002398
6f5441dfeb8d056e9eb636918577313dcaf8724c93ebb01c7cb279314493463b,nv,nv,0.927376,True,1,3e-06,0.00238,0.035307,0.000151,0.034748,0.927376,3.5e-05
6f718c94e4871135e856ceccb4b30678276132fb43b687e2e797ec500ce429bb,nv,nv,0.827081,True,1,0.000256,0.00172,0.010195,0.000238,0.160458,0.827081,5.3e-05
6f83720979c647c04a53f4cd823e2a199e2ff76314fd5db6d3a3b2abb7565038,mel,df,0.446998,False,1,0.001774,0.000164,0.183693,0.446998,0.004692,0.362594,8.6e-05
6fd065a9f09ffa1eb78a46cddaaeaa32e4cc375faf8aa6308345665ecfb0a535,nv,nv,0.959931,True,1,3e-06,0.000125,9.5e-05,4.7e-05,0.039773,0.959931,2.6e-05
700888a7a23a03b673ea673469b48eaf14b83e2256550ec301e8040233517665,bcc,bcc,0.508061,True,1,0.008853,0.508061,0.020316,0.071363,0.006249,0.377025,0.008134
70227ebfd2cb76506d862dadf3fe6e49090d830096c57da221b0ca144782b67b,nv,nv,0.98986,True,1,1e-06,3.1e-05,0.001549,0.000263,0.008285,0.98986,1.1e-05
7031d9adc777fbbef042f9403c55d50b534ac0ba26a4e83b0e411ec2f1df32fe,nv,nv,0.953055,True,1,2.9e-05,0.005924,0.000503,0.00031,0.040168,0.953055,1.1e-05
703f28de6b685b4d01e6a6aaee4f4e7a63615de06d9ee8a162772a2a3dc72116,nv,nv,0.930956,True,1,6.5e-05,0.000944,0.001133,0.000501,0.066354,0.930956,4.7e-05
7048f440befde7800d6336eb08c4c2748665a98d94d9faf0d7e11b86d61ed2fe,akiec,nv,0.912928,False,1,0.004559,0.007148,0.054699,0.000356,0.001827,0.912928,0.018483
70707dbbfa15dfdb42557ce0ca118e5b724e587dc4d71923700b286579687eeb,nv,nv,0.956429,True,1,7.6e-05,2.4e-05,0.027561,0.0001,0.015745,0.956429,6.5e-05
70a9a1eedf1a4021aee88b1abeef8b323a2bc436545fab880a70fdcd9002e97b,nv,nv,0.734486,True,1,0.001484,0.000117,0.000256,0.000363,0.263236,0.734486,5.8e-05
70caff953f6dcfcd68c0a206bbf0daac073449103586eb045137871afad50047,nv,mel,0.557547,False,1,7.5e-05,1e-05,3.1e-05,6.7e-05,0.557547,0.442013,0.000257
70d05c5131c51db0bfd3019fff671ce28f37d1585f4f1055cea5694e89e8db26,nv,nv,0.689311,True,1,0.001971,0.000154,0.024112,0.001018,0.283338,0.689311,9.4e-05
70e35ac5346f262d4822968ed9e7bc7d2a3cba63425574dca096eed873422f23,mel,mel,0.704093,True,1,0.000395,0.014468,0.204722,0.00084,0.704093,0.075014,0.000468
70ebecb8ce021a9b7db9b71eeaf1b4f03d2a31a11aafb923d8c5663d21cc253d,mel,mel,0.738376,True,1,0.0,1.9e-05,0.000221,0.008184,0.738376,0.252925,0.000275
70f77781c426981f8a68d0a0cfdc77dc890ebba8ca2cedfa0589d58688424052,bkl,bkl,0.975076,True,1,0.000397,0.000646,0.975076,0.0001,0.011142,0.012584,5.5e-05
712cd60d85d668ac0b1c71baa58d586e9da00485a827c5ce130a7a60fed0c790,bcc,nv,0.619383,False,1,0.001264,0.038363,0.273725,0.064432,0.000225,0.619383,0.002608
719362298c3660ed764138f596005058d19b7f3f4a49e51537112a0dfce2ac37,nv,nv,0.858102,True,1,0.000787,0.002816,0.022627,0.046595,0.068916,0.858102,0.000157
7193ff43b1485d7ac1fb87f2852eca8f2e325dcbda6ea118f1cd7a62c910e166,nv,nv,0.999226,True,1,0.0,0.0,1e-06,0.0,0.000753,0.999226,2e-05
7197311e07863bd3a29069a2b681f2a31373d5350a915ec8c694d21a33f4bba5,bcc,bcc,0.998344,True,1,4.5e-05,0.998344,3.3e-05,1.9e-05,2.9e-05,0.001215,0.000315
71a14e50433bee7f8956697e3f5bb59b86eb820d23022e0e27e4428bb604e5cd,nv,nv,0.512927,True,1,0.107587,0.308617,0.021266,0.025648,0.023749,0.512927,0.000207
71a755ec66126faf451bd0c686b5eb31ac6c78654f1a9b32f6b7fd3e34411a53,nv,nv,0.725226,True,1,0.00063,0.00024,0.254774,0.005943,0.01306,0.725226,0.000127
71de6035aa8921551d4fd4c88e2653a4e9e784a2ac9f698c08eecd679f660dc6,bkl,nv,0.999582,False,1,1.9e-05,2.2e-05,4.1e-05,0.000169,0.000128,0.999582,3.8e-05
71e574b9edada496e8b869fa4e3b0623f4be3d3667b1c615897b14d3a3f7e0ed,nv,nv,0.991653,True,1,1.9e-05,0.00284,9.7e-05,5e-05,0.005323,0.991653,1.9e-05
723f59613d0777b3ad0b270cf8f98985d59cbad13be6b4b4c65fe4bbd6ee550b,mel,mel,0.831039,True,1,0.000445,0.012361,0.136027,0.001328,0.831039,0.018567,0.000234
7248e4194b937b686c734a10aec75be416964cccd439365e8f1aaaa445ff0f12,nv,nv,0.999348,True,1,2e-06,5e-06,6.6e-05,5e-06,0.000451,0.999348,0.000123
7267eb115282633228cb16d49de9dd768159d43ac0dc3a3f01cd2b26b850a742,bcc,nv,0.611762,False,1,0.012931,0.191099,0.12914,0.026904,0.027825,0.611762,0.000338
726f6d9f4741e8edbc1b0a8b42117e94cb40457ddafa8963cbfffddd0c217f10,akiec,bkl,0.83365,False,1,0.005207,0.005831,0.83365,0.019809,0.000433,0.134299,0.000771
7298dd7055871f233cb3bff8d5759204bc7aa4c21cec2fc12f312acb3e5042a2,nv,nv,0.798145,True,1,0.003067,0.000351,0.092663,0.01702,0.088436,0.798145,0.000319
72a808a72c5f63c9c1c67fe7c5df1ead2bffadee8992c4319e56ad54515d8861,bcc,bcc,0.521641,True,1,0.013991,0.521641,0.185958,0.020186,0.007886,0.180638,0.0697
72b368673e2d64deb912a6cebf2c9cf377ed9c488372179fd560f6a3a4ab6959,nv,nv,0.998047,True,1,0.000386,0.000335,0.000147,9.7e-05,0.000952,0.998047,3.5e-05
72e169c7d10b0a7e7022b35bb01911422944fa412b2b22b456e6cf086997c584,bcc,nv,0.923266,False,1,3e-06,0.075935,4e-06,0.000272,0.000504,0.923266,1.7e-05
72eb66cfe0ea6b3a4ea75af5fba9282ab8adbb944d0b4a46840f4b590c7dda77,nv,nv,0.875069,True,1,9.1e-05,0.001039,0.121923,0.000148,0.001518,0.875069,0.000212
72ecc089c4f7f3e4e9b8d2a605181cc88b4c965cfddab2cecabec9c86cf3bbef,nv,nv,0.985652,True,1,0.0,4.8e-05,1e-06,1e-06,0.012846,0.985652,0.001452
72f60188eb77e7dea08652e252a9d7f89b95af4c1349ba6799001e21d72f620a,nv,nv,0.904993,True,1,0.000367,0.00177,0.006905,0.009438,0.076396,0.904993,0.00013
731d74067ae34f023e8294609ea1af48000bb28e02d1757c1bad7b25915367cf,nv,nv,0.748819,True,1,0.001441,0.000153,0.003827,0.015747,0.229627,0.748819,0.000385
73389c8146176273b6780caca966d1ebbfc932aae797530631c245e4f22d302c,bcc,akiec,0.641465,False,1,0.641465,0.222446,0.058089,0.013495,0.002003,0.056469,0.006032
7342a9d26cb0a38bba59bc25eacf66f77f54059262df647553b35269923ff199,bcc,nv,0.4594,False,1,2.9e-05,0.069258,0.000788,0.000241,0.011143,0.4594,0.45914
734560761ade96bff8c96a573fe408c66baec4f5aa6e58a82819a8c34df15c4c,bcc,nv,0.334002,False,1,0.17437,0.096391,0.156153,0.148754,0.088387,0.334002,0.001944
7350e8061be682de720b506a7e12cd4ae46437a0ecbae3222cecf9ec82c431af,bcc,df,0.511647,False,1,0.020916,0.022606,0.352029,0.511647,0.016196,0.073622,0.002985
735fc8f38613b28ea7e5d1e973b38b3272c1c5b0db0bf83c14da9b5e12c2aded,nv,nv,0.999506,True,1,1e-06,0.00023,0.0,6e-06,0.000247,0.999506,1e-05
73849464ff51ef8b017495de9bee2343df15b5b34fd0375cf3b7e319c8100df1,mel,nv,0.86307,False,1,0.00412,0.005505,0.119901,0.00364,0.00301,0.86307,0.000754
73860d18864056a3c7afe3f4c2860fb89a89670df1e86fad4437011befd576b2,mel,nv,0.997979,False,1,3.3e-05,1.1e-05,0.000134,0.000442,0.001395,0.997979,6e-06
73a653ea6e05f8e5cd1ce6fcb0b6588206638c22ff8573b8ae22f3ca18e9773b,mel,bcc,0.761653,False,1,0.000566,0.761653,0.001892,0.000715,0.083309,0.150587,0.001278
73cf51e900a40f7288bd0f3240dd3f53d15f83586f5951bbe7413a6310ccb268,bkl,bkl,0.405,True,1,0.277502,0.105075,0.405,0.014543,0.015756,0.166777,0.015346
73dc48466e2dee55cef64e56881d30674da69e6781483553042ad47d54bf14bb,bcc,bcc,0.741258,True,1,0.00136,0.741258,0.016216,0.001201,0.00228,0.236079,0.001607
73f7b407621d8d8bf98fbd0b4e8bc7720a61a56d7207c11296fffb621fa32011,nv,mel,0.544691,False,1,0.000348,8e-06,0.03607,1.3e-05,0.544691,0.418774,9.5e-05
741115e4d4693c416e70c392bc7b3ba051aae88922c3ab1d53d5bfa08fe620d8,nv,nv,0.999987,True,1,0.0,0.0,2e-06,2e-06,3e-06,0.999987,5e-06
7443a828d3cbe31e1ef8566a2e7d41b1fea77ce016e09e2d66c970b218eb2152,bkl,mel,0.390309,False,1,0.007307,0.017727,0.252939,0.000916,0.390309,0.311279,0.019522
74527586ba178e397f245882e63f8aeb044580585066bdb60ab2747f3febf461,nv,nv,0.908484,True,1,0.00026,0.001259,0.05263,0.004872,0.032334,0.908484,0.000161
745ecb736f84f54c6fe5e73601219a158936ed89fd9ca980a17cfa13e66586cc,nv,nv,0.995066,True,1,1e-06,1.3e-05,7e-06,4e-06,0.004906,0.995066,3e-06
746c78d772adfe550578651a643b6cadc9ddd7e9e2518cfa4d97deb53fca85ed,nv,nv,0.711937,True,1,0.011628,0.00898,0.053034,0.024055,0.184761,0.711937,0.005606
746cdeab16d410200ccf0fe061f3fc396143616bd7a98e7286c8323ae990bfee,mel,nv,0.448832,False,1,0.003158,0.058429,0.304779,0.016649,0.167854,0.448832,0.000299
74767696827cfc1063b98756c6f4ffde01fb1df2b1c4db0c6c7e289924db0098,nv,nv,0.624705,True,1,0.000871,7.7e-05,0.006809,0.003168,0.364067,0.624705,0.000303
74781fc8531a0c6d469a418988351fdd9c94ec046670c7d5aaaf670db1fd3325,nv,nv,0.999992,True,1,0.0,0.0,0.0,1e-06,6e-06,0.999992,2e-06
7479bb81a6cf30d8554caf8b38bc6abdc321591f9a0cd8a884c75fa2b70426e4,nv,nv,0.953492,True,1,0.00055,0.00054,0.001601,0.002259,0.041423,0.953492,0.000135
74a9971ae6060e650b1eb47af75f97c675fcf6355a8f93db0b1b5215b50628b5,nv,nv,0.879253,True,1,3.9e-05,0.000444,0.057588,0.004068,0.058548,0.879253,6e-05
74b8217c5481633e07ca7259b11ef33cdd815b2a06a6023988ff0c6d374ac2d9,nv,nv,0.991989,True,1,9e-06,0.001706,0.00104,0.000125,0.005114,0.991989,1.6e-05
74c02404416f7470c3304cf8441a822c3332674a2b6356448115005f9d3ea971,bcc,df,0.482542,False,1,0.015668,0.121791,0.028568,0.482542,0.126139,0.218203,0.007089
74c5d4c618d460a7b9ee627657196e5bba9dcc2b1cd10426e67f839db56e96bd,mel,nv,0.901403,False,1,0.00033,0.001221,0.002661,0.003791,0.088667,0.901403,0.001928
7510a9bd887d3a5f3d6d978aa8d07e9b422bd6a0e124b4e5973125c612a33192,bkl,bkl,0.883308,True,1,0.01245,0.000436,0.883308,0.000786,0.001234,0.101716,7e-05
7548b0ec14969bd97623c3851cec686cd899dee7ec1341e65b81f57543c465c7,nv,nv,0.999978,True,1,0.0,0.0,0.0,0.0,2e-05,0.999978,2e-06
75634dc0281061542b33bfc1ba8a6d3b2bde4658785509bbd920c89926551446,bcc,bcc,0.998536,True,1,0.000314,0.998536,4.3e-05,0.00064,5e-06,0.000457,4e-06
75700cf9ccb7ee895da4d0555c6d4f0fe42bc278035fec9110aabd44a17e7635,nv,nv,0.999639,True,1,0.0,0.0,1e-06,1e-06,3e-06,0.999639,0.000357
75974d99a8a55c11a428c13fd9e352ce52dc3cbb0ec39fbd36bcf8206bf568b0,mel,mel,0.725189,True,1,0.001029,0.001385,0.018038,0.006986,0.725189,0.246554,0.000819
759b3336b8b593d4f5cf63356e56486455fea0f0fad021104fc38a3249bbbf7b,bcc,bcc,0.847623,True,1,0.00407,0.847623,0.055206,0.002082,0.019493,0.070321,0.001205
75a98fb611dc83b4c67d02542ca38d680987aa55ff6f43220bc8938edafcccc7,nv,nv,0.990797,True,1,1e-06,3e-05,0.002697,7.6e-05,0.006396,0.990797,3e-06
75e61083ebd2756955245c5e8b924ea23cc00c9a9eeea85828e0d875e5215de2,nv,nv,0.949789,True,1,1.8e-05,0.046623,0.000373,3.8e-05,0.000382,0.949789,0.002778
75eec83537a7fb2c54ea23d794218e1af8760951085c38bdf976ad1d1d4f9b19,bcc,bcc,0.75264,True,1,0.001567,0.75264,0.227437,0.003479,0.005846,0.006318,0.002714
75fbbdd9cd28b87a73eb5b4682cee97f86db11b3e7d845e1d2e6eaa4df4efce9,bkl,bkl,0.995551,True,1,0.001035,0.000104,0.995551,0.000309,3.5e-05,0.002962,3e-06
76110e9a9dfa4068817c6bc20d5993cf96ccbd58a1382c521df25a3d6870be45,nv,nv,0.987458,True,1,6e-06,0.000843,9.3e-05,0.009308,0.002181,0.987458,0.000112
7618e38d7d06c45bc7959ab4e5ea22d1dbbb847d4962ddf2bc6759d956b98fe6,bcc,akiec,0.878607,False,1,0.878607,0.046198,0.044675,0.00163,0.001386,0.02487,0.002635
761da037d10025d5c02e253c4f779504b91168436b553a2852d9662538f8638b,nv,nv,0.981409,True,1,0.000805,1.1e-05,0.007435,0.000655,0.009675,0.981409,1e-05
7620a99e6e597d6900c6c63458a71106d22b8918f67002c4d0f2101bf397dfa4,bcc,bkl,0.816624,False,1,0.154469,0.001162,0.816624,0.003617,0.01151,0.012583,3.4e-05
76357ca069cc9eee899442b3e60d79f6001f5fa9aecac0d90754b2427954d676,nv,nv,0.710558,True,1,0.019866,0.00482,0.134004,0.011896,0.118424,0.710558,0.000432
765103fef5bd534be7f728bacd69ebb2dba9bcc2704e4c4b94f994da4b178348,mel,bkl,0.838545,False,1,0.003576,0.001177,0.838545,0.000748,0.005135,0.150357,0.000462
765228c0e227b27564a3e4cfa156c7934ace8764d67dce44e9cebfce8dd2a8dc,nv,nv,0.986214,True,1,8e-06,2.7e-05,4.3e-05,2.3e-05,0.013666,0.986214,1.9e-05
7659195a7cd00c363dc5ae03ea446bddfb68504200842695f88ce3ff931a3afb,nv,nv,0.665404,True,1,0.000861,0.270115,0.015666,0.033894,0.013965,0.665404,9.5e-05
76614ac4eef2977b6c197b0a2f80c966b8ebd5d4fc450308dd864af2e8c64126,nv,nv,0.992503,True,1,3e-06,0.000222,0.002661,0.000645,0.003961,0.992503,5e-06
76accbbcbeffc8c094ccfdec69d0e265e4b9dab73c9295c7b18f24d9e6fa4cc2,bcc,bcc,0.980153,True,1,0.001053,0.980153,0.002175,0.013236,0.000238,0.002977,0.000168
76f11e29e4e117c23df6c0e4ed9aa7e9ada8c68c7435798c5f56c81c32358393,bcc,nv,0.755986,False,1,0.00445,0.116032,0.110092,0.004216,0.001128,0.755986,0.008096
7704c0090e755a2ee243802a7b6695c7ac4957930fe4965358458b1d753f538d,nv,nv,0.966446,True,1,1e-05,0.000108,0.030478,0.000261,0.002593,0.966446,0.000104
771b6a991b97668a5205443fce157064a912877bb5a111ae00e7343956de647f,nv,nv,0.999945,True,1,1e-06,0.0,1.1e-05,6e-06,9e-06,0.999945,2.8e-05
776b28c8bfd231125ec169f924cbe2912633497a9f2566d7b6ad3abba2d734bb,vasc,vasc,0.999965,True,1,0.0,0.0,0.0,0.0,3e-05,4e-06,0.999965
778acd07d88cdc4f364fc6e999c06f308656902114188c8b758df5692f0ca999,vasc,vasc,0.99854,True,1,1e-06,6.7e-05,2e-06,1e-06,0.00062,0.000769,0.99854
779f4b93371a708647e97bf59bd2abe4b17fe180578d94182a205f09f1a09fc8,bkl,nv,0.492634,False,1,0.001063,0.183612,0.006407,0.002102,0.313093,0.492634,0.001089
782ee9def30c992bcf35febe4f560674f7b9205600be4e74a16fd50be058b0c4,bkl,bkl,0.891867,True,1,0.012086,0.001402,0.891867,0.010454,0.002726,0.081278,0.000188
78885803e641e6eb5402acdc7a56df1ff4d4130608b02ae20d620d7fcfed577e,mel,bkl,0.807838,False,1,0.001509,0.001157,0.807838,0.001335,0.059948,0.127851,0.000361
78ac924b9adb57dd8be1b4ef4264b44ca1a0103616fbbbe1ed6174cdca676bf5,nv,nv,0.949275,True,1,6e-06,0.000114,0.00068,0.000449,0.049121,0.949275,0.000354
78b221fe35e7785eee530cb25e5ddcde541bb1cd26551bb897c136c9035f361f,nv,nv,0.919241,True,1,0.001278,0.003896,0.049484,0.006598,0.016853,0.919241,0.00265
78c57803a8c06d9a38feb582ac0621c4bd66262ef26001ea296d08a389c6946a,nv,nv,0.947522,True,1,3.3e-05,0.000432,0.000183,7.9e-05,0.051737,0.947522,1.3e-05
78e073c83a7b69ba5115356236852aa1142504e425683102a0037deaa5eb4892,bkl,bkl,0.892729,True,1,0.021428,0.000637,0.892729,0.000682,0.019975,0.064401,0.000147
78e94d95e831336e3e5a2be94084506b04fbeaa28d16c4906732db88d5afc125,nv,nv,0.997894,True,1,0.001905,6.6e-05,1.7e-05,5e-06,1.2e-05,0.997894,0.0001
795f506c8e0339167e70f9fe422d2ca1bf8d4d07d066385146ed803651c38b52,bcc,bcc,0.978452,True,1,0.000331,0.978452,0.003404,0.000268,0.000297,0.016932,0.000317
7981c1cec810fa10f5313988f67def9944a5d87aa947baba39fd878e2f4ec8f7,akiec,mel,0.787916,False,1,0.001117,0.008757,0.010928,0.002129,0.787916,0.040463,0.14869
7982f429e63720a444ff91b7236791d1fc43aabf4c40172ec86ea5fe958be0a8,mel,df,0.657118,False,1,4.9e-05,0.00168,0.026803,0.657118,0.00116,0.312917,0.000273
79bea572188eee6b817be3f9f15fb8fd982429d051512e7e9897d3fbd1110cb3,akiec,nv,0.851633,False,1,0.007865,0.086739,0.041126,0.008344,0.002009,0.851633,0.002284
79cc41555f1e4e8d6607716c17dc517cb046858ee2e2d8bf4f1854f0f47cfe4c,nv,nv,0.898392,True,1,3.4e-05,0.003494,0.001721,0.000124,0.093868,0.898392,0.002367
79d5f9050fb19de9c5bfe5af09f94126dd908703cf255810b4d94d7f04aea0c5,bcc,bcc,0.872232,True,1,0.015612,0.872232,0.00594,0.002872,0.00164,0.100239,0.001465
79e2e692c9d0765858ac4e0edaf75024f2d9bfae5dafed13ae243a07912b43af,nv,nv,0.861656,True,1,5e-05,0.00015,0.003288,0.003376,0.131427,0.861656,5.2e-05
79e6826150de4a47b2a6f9519d8a454377d938b50e1f3b4e0402434c28e3223e,nv,nv,0.754693,True,1,2e-06,5.4e-05,0.000639,0.000114,0.042754,0.754693,0.201745
79eae5d2c0596f84682fefed4252621f401d79ff1bb296571988eacb7924d41c,bkl,akiec,0.77304,False,1,0.77304,0.003702,0.180712,0.001061,0.001913,0.037527,0.002044
79f38f2ac5b27d5825ef3d8e08221b2da8ae9d34db790a0738f0499749499ec1,nv,nv,0.995885,True,1,2.7e-05,4.1e-05,9.8e-05,4.3e-05,0.003704,0.995885,0.000201
79f5e6173d1b7b3e872bc83ed307bca074f2aba204410678eeaf40932bed7d0a,nv,mel,0.907853,False,1,8e-06,6e-06,7e-06,2.2e-05,0.907853,0.091811,0.000293
7a0ff2291c1b52e2216882499417f765cf3bae925d8cd08eba5d187343a50135,nv,nv,0.992059,True,1,8e-06,0.003413,0.000118,0.001494,0.001148,0.992059,0.001761
7a12eb4cd81f0313b3e33a0c8d48d494640b8150c534691cf89151d5e5f817d7,nv,nv,0.555888,True,1,0.321318,8.2e-05,0.109408,0.000251,0.012981,0.555888,7.2e-05
7a5d964216d0fa0c9be1d303cd738fde36bc6de58c88e670ede7982371a4af30,mel,mel,0.937058,True,1,0.000348,0.005421,0.000831,0.00048,0.937058,0.053638,0.002222
7a71c40a567063f5b603819a6c8acf983b64e52e0b495401fc43d3ae9a1791ac,nv,nv,0.697771,True,1,0.000687,0.001789,0.001245,0.00353,0.294632,0.697771,0.000345
7a9e6329ebd5b07545dd2194d830cb04b89e6d2a2a871ab075079ec2173205a0,vasc,vasc,0.996511,True,1,0.0,0.0,0.0,2e-06,0.002187,0.001299,0.996511
7aa34ad5e0211c0ab0389b5226c09fdc4558d71f04120bcea9c6914efaaed2cd,nv,nv,0.996161,True,1,8.9e-05,3e-05,0.003467,8e-05,0.00017,0.996161,3e-06
7aa5717e72ffed958f60b9e1b551b17b6e1df565e603d120bce9e782fef72d02,nv,nv,0.999994,True,1,0.0,0.0,0.0,1e-06,0.0,0.999994,5e-06
7abae854546c0c0d03c42aae6a4e6c8f56e9c3b7fd8f7005b66d80ad889f1f1f,nv,nv,0.999663,True,1,4.3e-05,3.1e-05,1.1e-05,1e-05,0.000213,0.999663,2.8e-05
7ac5238eecee7a3adabb0766fd82dc44636ff53a141826d1049010d53f844e88,nv,nv,0.999923,True,1,0.0,0.0,1e-06,0.0,8e-06,0.999923,6.7e-05
7ace46cbcf2b39df5a32287a5d55054a24ecf9f54ab6b456c82f7882e7e80b8f,mel,mel,0.908554,True,1,0.006286,0.000546,0.002733,0.000907,0.908554,0.08094,3.4e-05
7aed0d52411386e896809372f33bbeadc138e5c1278b33ece8df268d6272bff5,nv,vasc,0.835284,False,1,4e-05,0.001123,0.000862,0.000282,0.011777,0.150631,0.835284
7afce7cdbb2e19dfc62f7da19e5b6cc111ba55022698c65e750b5c5e34868d5f,nv,nv,0.92078,True,1,2.4e-05,0.029131,0.001327,0.000164,0.048428,0.92078,0.000146
7b0b2feb75373ad417dcb1d5193c4d85dc8ab96de13984415113ec92fb5477b8,bcc,bcc,0.447492,True,1,0.056337,0.447492,0.057294,0.055507,0.000693,0.381971,0.000705
7b601d3e52f03189b4e1092832952f2f3c1dcb9b2007dba10a41f070c559ff0d,nv,nv,0.721707,True,1,0.004019,0.004676,0.009408,0.238494,0.019169,0.721707,0.002527
7b75e3f4a01ea602673eb21e3a630bed6ecf540cb3cb8f0d096b4cf520fc9df1,nv,df,0.934777,False,1,0.005449,8e-06,0.033539,0.934777,0.016186,0.00976,0.000281
7b8acf20f52f4f826a1650a04ea6359188046409c1ee9b9bed1bdcf266a2ff9d,nv,nv,0.946172,True,1,1.6e-05,0.002445,0.001674,0.001195,0.048436,0.946172,6.2e-05
7bbe7cf619428a5645624ef31423c27c252ea2c3c1d9df6a491fe60b943bc726,mel,mel,0.558494,True,1,0.000113,0.000571,0.436223,1.2e-05,0.558494,0.003685,0.000902
7bc5811819579c1253f90cc453461f6451d7a02c2b257666f62452fd41fb9642,mel,nv,0.535625,False,1,0.001251,0.000848,0.270008,0.180808,0.010609,0.535625,0.000852
7c115b1331b5edb9be483acd494ac233c2c63b95f2f9496da959a76585ca3dde,nv,nv,0.999857,True,1,0.0,1e-06,1.7e-05,1.9e-05,9.7e-05,0.999857,8e-06
7c218d259551bcb301a26d1095dbede92916957587e6cd0cf99b3925532e5c86,nv,nv,0.981261,True,1,4e-06,9e-06,1.4e-05,0.000301,0.018228,0.981261,0.000184
7c5e71a100205f644aa4935149cee22609641948cc3a8c089c7e87016b4ed2d9,nv,nv,0.999999,True,1,0.0,0.0,0.0,0.0,0.0,0.999999,1e-06
7c669e978f587902a853eaf0d9ff82f12e4a61340d1d91d345af397af6a1f2f5,nv,nv,0.917991,True,1,2.1e-05,0.000747,0.000238,0.010021,0.07091,0.917991,7.2e-05
7c7572c8c1bb605e854f2606d5bac00dfc73d327f018e9fabd02c4634aa5e34f,nv,nv,0.998336,True,1,2.6e-05,8e-06,2.7e-05,1.4e-05,0.001548,0.998336,4.1e-05
7c87c4168006adc67b217208ae8e78079ece01b10e07cf3ac818042d518c2256,akiec,df,0.726496,False,1,0.013502,0.006757,0.046346,0.726496,0.06765,0.138432,0.000818
7cc966751c7d64d94745783fd3c798c0042e5bf116e39ae098b11ad53d8e1984,nv,nv,0.745632,True,1,0.000861,0.014111,0.001209,0.001029,0.236356,0.745632,0.000802
7cee4bdab5b6c62e163bb5a4c6f0721637188db0b8d4222a88dc52471bda8d3e,nv,nv,0.941864,True,1,4e-06,0.00018,0.000265,0.001593,0.055967,0.941864,0.000127
7cf1a3a225b0e32955af3da01d7dc5becf0cc23747c067e277e1641dd5347bf7,nv,nv,0.999992,True,1,0.0,5e-06,0.0,1e-06,1e-06,0.999992,1e-06
7d117a36826ecbf6504c083b098674a548860bf83a0c79693f1984859de85ed6,nv,df,0.497118,False,1,0.000412,0.000245,0.009553,0.497118,0.000574,0.492041,5.8e-05
7d2870cd8c0f4473ca35ae0475249135edfed7736c55809f7f3d80a7d53c8ea4,nv,nv,0.999994,True,1,1e-06,0.0,2e-06,1e-06,0.0,0.999994,1e-06
7d3e830acf433d2f436f3d0f1c4176b60997d740289b450215052510f026b619,nv,nv,0.999977,True,1,1e-06,0.0,0.0,2e-06,8e-06,0.999977,1.2e-05
7d627d23d2b73fd87a07ce56f98a2fdce15afafe6c62992cc65342c0ffd58a02,bcc,mel,0.353736,False,1,0.089711,0.042927,0.143229,0.012691,0.353736,0.320408,0.037299
7d75b2370abea0f02f36b41ed845b15d924f9ad764a1157ad73e5df52801c4be,nv,nv,0.869257,True,1,0.000338,0.000128,0.000993,0.000322,0.128949,0.869257,1.2e-05
7d7ac88e0172d9bf003466ab383bedddaeda938aa2a34809d1538a8e2c1c5e6c,nv,nv,0.866836,True,1,9e-06,0.00065,0.000632,0.000403,0.131377,0.866836,9.2e-05
7dac0f9dcbfdbc49edb6170b37763cc21c79efb5f548f75f4d56acc41071440a,nv,nv,0.99706,True,1,2e-06,9e-06,0.000416,0.000206,0.001679,0.99706,0.000629
7dbe3f3c68918c70c427d6b2abed68cabc9e0271a2e218a7692797fa644d4813,mel,df,0.610714,False,1,0.006972,0.004549,0.257083,0.610714,0.033085,0.087143,0.000454
7e0a60b63745332bb2786bc900654d185aca6594bfd0aaff3edeb297ee4dc2f9,nv,nv,0.999995,True,1,0.0,0.0,0.0,0.0,2e-06,0.999995,3e-06
7e41811df1815b56365a465664f6986420a919521137b412719fd53e0c316b1d,mel,nv,0.759061,False,1,0.00228,0.002779,0.009838,0.192858,0.031768,0.759061,0.001416
7e459b1bb53ee215b22a578ba51626311e1d51eb4888cb8317bd80080fb0ab55,nv,nv,0.999172,True,1,5.7e-05,0.0,0.000368,5e-06,0.000372,0.999172,2.5e-05
7e5919909c92c5eab475bef264a6a8a24a68ec8cecb91b6656826b5358d42d28,nv,mel,0.566569,False,1,3.3e-05,0.000711,0.000122,0.001259,0.566569,0.430879,0.000427
7e739f34304bf46d57c0b3bd2f3a225b2c7215e164425b38023e97d66296adb0,nv,nv,0.995298,True,1,4e-06,4.8e-05,2.3e-05,1.1e-05,0.004559,0.995298,5.7e-05
7e759eea987abcc97fb6f40c37b1d6c6082c30440ccedf367695400eebe2c289,nv,nv,0.985334,True,1,2.6e-05,8e-06,5e-06,8e-06,0.014389,0.985334,0.000231
7e7c3c209c4f48479fe9de3e47d4c4727ed0512818d6dc1a1320987469807b2b,nv,nv,0.999982,True,1,2e-06,1e-06,7e-06,1e-06,6e-06,0.999982,0.0
7eab43467fb38703e92e908698d30e567ba41c53875452f6b551e0022ce7f268,vasc,nv,0.554663,False,1,1.5e-05,0.429601,0.001929,9.3e-05,0.00143,0.554663,0.012269
7ed1d2fab4d408e45f945875eae872659b3c28f628f78c21ca27ddc828db4ae1,nv,nv,0.821032,True,1,0.000726,0.094406,0.005226,0.068275,0.001194,0.821032,0.009141
7ef7885c99e8bc921f105f5506342c07ff7f7d3c3467499805da19dc10e5865c,nv,nv,0.783731,True,1,9.4e-05,2.7e-05,6.8e-05,0.138244,0.077747,0.783731,9e-05
7f2d1d075f61efc29b678979398d9134b025cd8a6dcab220c4a56b184fa065c8,nv,nv,0.99861,True,1,0.0,3e-06,1e-06,3e-05,0.001356,0.99861,0.0
7f35897f0c7c8f36d84d9fd5b8de74a844ff68a092bf6b6c8c018ecd2a92ecf3,nv,nv,0.999999,True,1,0.0,0.0,0.0,0.0,0.0,0.999999,1e-06
7f3670ce7e3ad2d97b09d4eab5e934cfe4042de0af95aef305ad6e58b09c3ebf,akiec,bcc,0.850513,False,1,0.108937,0.850513,0.019148,0.00519,0.00268,0.01123,0.002301
7f7960e5e47b95e14db160456c790f2e83ce9eb4a168e85a2a71f7f28a33385f,nv,nv,0.91679,True,1,5.5e-05,0.000373,0.001839,6.1e-05,0.080753,0.91679,0.000129
7f7b81758aadbfb84a90efd1f118072680b9af05620a964e318d19dddff277c4,nv,nv,0.921828,True,1,0.014669,0.024528,0.012422,0.024784,0.001613,0.921828,0.000156
7fa7368a8a9c4ad3254e2adb2c4bc6f72598d88bc1b3a25c64ba7660288f186e,mel,bkl,0.663634,False,1,0.00597,0.000271,0.663634,0.005764,0.268293,0.054133,0.001935
7fae42be7ebaa9f370fe520c1841474c26a8cb932084e0dfbd973c7dd6baad00,bkl,nv,0.482499,False,1,0.016161,9.2e-05,0.385652,0.061678,0.05292,0.482499,0.000998
7fc8a25a0bf6c1bd0c28807f1c10a20311723c38eb323d524e4fb44337c27934,nv,nv,0.993422,True,1,2e-05,0.000351,0.000143,0.001143,0.00491,0.993422,1.1e-05
7fd5270f399fdb03d23b96891e29126147877e6f0fe5f09695899e3a9c6638d1,bcc,bcc,0.846616,True,1,0.004143,0.846616,0.015351,0.002441,0.000588,0.129271,0.001591
7fe4241d7d2d546255f7c4cf2914b1e25a4b89ff277d23a0bdae3e7a65f3e809,nv,nv,0.999996,True,1,0.0,0.0,0.0,0.0,1e-06,0.999996,3e-06
7fe603a543961758eb7971b7e5198a959730a8ca16b510e22d57e8a1240969b8,bcc,bcc,0.989872,True,1,0.00826,0.989872,0.000938,0.00015,5.7e-05,0.000635,8.8e-05
801734b0e9dad66daf8538f50ac28aacbe43b76f4d6e0c7b65f9566ca0d1f904,bkl,bkl,0.973628,True,1,0.000205,0.000103,0.973628,2.7e-05,0.014438,0.011502,9.8e-05
8023cee6996214404ef54e7cbe2ffb7fbc874c327f9c10866e863e7302b93f18,nv,nv,0.996475,True,1,8.7e-05,1.4e-05,0.002528,0.000679,0.000216,0.996475,1e-06
8023f24e65336ea6ae8f9d7b2ca568104bf93efd41c8fbe43b0e0cf4da0d70cb,nv,vasc,0.944112,False,1,1e-05,0.000515,0.000116,0.000242,0.00235,0.052656,0.944112
802a2fd6cb32c82cb8645a2eaf6b594b4312f91f9d6c5344b540bd42fa093d74,bcc,bkl,0.510892,False,1,0.027342,0.029857,0.510892,0.036407,0.186721,0.207797,0.000983
802aba3e437580083aed3b0f5fec584a0077bece024ddcce33a097b07ff9f4d3,bkl,bcc,0.649069,False,1,0.133053,0.649069,0.069801,0.00609,0.000399,0.140634,0.000955
807193719142b394c8c4da730ca154e6c1b1dc6118156d0be8ea705483e50483,bcc,bcc,0.987659,True,1,1.3e-05,0.987659,0.000101,9.9e-05,8.3e-05,0.012014,3e-05
80a5d7d421b872563e7e833a0fda3fc5ddcc48f4841fb93199b6442e85f7a3f8,nv,mel,0.537202,False,1,4.6e-05,0.00042,0.00042,0.034437,0.537202,0.427313,0.000162
80b27d9dbaa60fcde21a909ef64af605db2b3a984bb5375791af7628789275ee,bcc,bcc,0.542789,True,1,0.019419,0.542789,0.153301,0.227921,0.000855,0.052887,0.002829
80cb155f2384d775b1e2f981a7d62949815955ac8ecc8c81bad5c492b80636a0,nv,nv,0.947466,True,1,4e-05,0.003484,8.2e-05,0.004308,0.044412,0.947466,0.000208
80f7f76da78739f1e21479f251e811bb86583a1d69776c94b99bf62c334e60a0,bcc,bcc,0.996565,True,1,1e-06,0.996565,3e-06,1e-06,0.000549,0.00269,0.000191
811e20535e8ac5c2f1aae243b528f93a863969e126dcffe2f2c6908eafde6582,nv,nv,0.910415,True,1,0.031475,0.001457,0.00483,0.002331,0.049467,0.910415,2.5e-05
8128c78a3fbbca924a48242b6d78cbf8df9b6f845c88e653a4d832563addcf88,nv,nv,0.993218,True,1,1e-06,1.6e-05,1.4e-05,3.1e-05,0.006719,0.993218,2e-06
812c3a5651179e147b0f2c06b4beab8078a7d505a68e400a7776058c8d56037e,nv,nv,0.885565,True,1,6e-06,3.7e-05,9.3e-05,6.4e-05,0.114227,0.885565,9e-06
8131517ed9a416075db33e52f551a0fe9832cc975b6215acda7d76e9f77387bd,mel,vasc,0.978909,False,1,1e-06,0.006171,0.000199,2e-06,0.005389,0.009328,0.978909
8143c6be3e8a0ffbbd9415b6213a32c960ac2cab1d4cdc4717b241ffd70790a1,nv,nv,0.886461,True,1,0.000408,0.062386,0.042945,0.006882,0.000288,0.886461,0.00063
8144b6791d71440c515d2124e2ce4036642c8724ceb354dc61889f3a0c74fc12,nv,df,0.632032,False,1,2.3e-05,1e-06,0.00023,0.632032,0.009571,0.358103,4e-05
8146f3276bc27e7f7dd4c3eca4d1697c4e024222523b43cef4f9f0d70d57d2ed,mel,mel,0.589535,True,1,0.00051,0.000283,0.030358,0.000113,0.589535,0.379166,3.5e-05
815b9fd724fd503f6db25e1d9ad49b757c04368d5834f195e7f5380d9292c533,bcc,nv,0.835735,False,1,0.047233,0.04262,0.036343,0.013548,0.024303,0.835735,0.000217
818d7decfd46a6de40ae5cd66d756edf2842dea5c1b4cba3adf5b73280bc9dcb,akiec,bkl,0.512589,False,1,0.396541,0.057276,0.512589,0.001356,0.015805,0.015908,0.000524
81bd77cd71763633a4fd58b60505f6f810bdef049c09e53ab26422ec16e3b1c3,nv,nv,0.811341,True,1,0.000244,0.000871,0.184109,0.000588,0.001324,0.811341,0.001523
81e8773909d0e898127fb3d605885f6f82ee00e17c4076a55190ea56860c1497,nv,nv,0.999999,True,1,0.0,0.0,0.0,0.0,0.0,0.999999,1e-06
8209633d874fe1daf55ec44eecf0fd9e4f5e9b13f26e1ea2746b2f7203d9e3c7,nv,nv,0.999861,True,1,0.0,3.1e-05,1e-06,1.4e-05,8.5e-05,0.999861,8e-06
821e91fe3d0b241c6f3a3d27cffde9593a0cdb452a66bbafeecf500d080c763f,bcc,bkl,0.877047,False,1,0.008635,0.011218,0.877047,0.004857,0.006834,0.091257,0.000153
8261b30302292dbe3ffbec5b43f3ceaf53c9f7949e405e14aaa5293c2fb16a73,nv,nv,0.999659,True,1,1e-06,0.000273,4e-06,1.6e-05,3.9e-05,0.999659,8e-06
82639fa572e15bfd3fb50e43157b89e1b564f5b4513846376ca267ca13955650,nv,nv,0.999957,True,1,3e-06,0.0,1e-06,0.0,9e-06,0.999957,3e-05
8275cee1a5d3631c7bae12af7059563bd7c460ae282af12968e6e991c7d26261,bkl,df,0.557121,False,1,0.229968,0.004463,0.101745,0.557121,0.000669,0.10524,0.000796
82a282e88ae775da3a24f0a267ee39502be8fa51e8757fb598637bcf78278258,mel,bkl,0.92461,False,1,0.000229,0.000691,0.92461,0.007557,0.003659,0.062737,0.000517
82c43f54d13d7f6cc966cb44b9ab2a861f626e72f8b3871f0a9728eee3d9a280,nv,nv,0.984798,True,1,0.000182,0.000453,0.000383,0.000883,0.013291,0.984798,1e-05
82c63dff8e18f5b3d38c8683e5a94be7d0a8eac62be3c988c912a360752a73a9,nv,nv,1.0,True,1,0.0,0.0,0.0,0.0,0.0,1.0,0.0
82f58757f317d39be49c233bf199bf064512002471717a593191a212f94c3db9,bkl,bkl,0.298532,True,1,0.21741,0.110795,0.298532,0.00993,0.190959,0.043596,0.128778
831995346ef561df7ebf0e399f500750db6ef59a6e4275aed9bb006ff3424cea,mel,mel,0.757593,True,1,0.000192,0.000305,0.000841,0.001592,0.757593,0.23883,0.000647
8330b5f278a247c15bdfc6f8a5a7378f97e3e2bbf0aa3a7a6c392893ccf74437,mel,mel,0.982657,True,1,0.0,0.0,1e-06,1e-06,0.982657,0.017312,2.9e-05
8346a6e0447620468d3547e4a9b535f264d0e3d9a8e48065d4a1648c9bbda69a,nv,nv,0.807441,True,1,7e-06,1.4e-05,0.000233,8.5e-05,0.192039,0.807441,0.00018
8349ca435efa352a4858935ea37cebd7a7244ac5f90cf67d4992908ea023cfa3,nv,nv,0.999044,True,1,0.0,1.5e-05,6e-06,0.000548,0.000258,0.999044,0.00013
835856c2e2f0e4c639a0e7b2491d83218ef2df02b252309ded754a2e329f4f52,mel,mel,0.819044,True,1,1e-05,1.6e-05,0.000764,7.5e-05,0.819044,0.18,9.2e-05
838a24a385a7934221cd213144a55ce44f5ae9571bac5f014c6e450517b52020,nv,nv,0.999385,True,1,2e-06,1e-06,0.000343,3.6e-05,0.000232,0.999385,1e-06
83afb84fede926371bd6a066e35e29d8a56752e76b855e499b432f829c11c02d,nv,nv,0.989861,True,1,0.000404,0.000138,0.002044,8.8e-05,0.007391,0.989861,7.4e-05
83b4394adb7a6801d748fcf9499dd3e4f81a81cfd2acdde37b42ab801836efc4,nv,nv,0.999998,True,1,0.0,0.0,0.0,1e-06,0.0,0.999998,0.0
83d0a9aaea4bae039321b30280e10be05b83ddf868b6be6e2fd41ccf0b1def40,nv,nv,0.998497,True,1,0.0,1e-06,1e-06,2e-06,0.00149,0.998497,9e-06
83e5c2eb59b11c229af5316d8c6c5c23a184dd08de93c9aa9ef7871c2f8054c0,nv,nv,0.994404,True,1,2e-06,4.2e-05,1.1e-05,2.7e-05,0.005289,0.994404,0.000226
83f5426a2cce72a6b3f2cb1a9392a4a675bafb48d13591521db84b0e4b910ccd,nv,nv,0.970863,True,1,0.000136,0.00248,0.001278,0.010841,0.014135,0.970863,0.000268
83fa1e05aadab847e2c26169486a25c11981b1e339209101e9ca4fcbe992d15c,nv,nv,0.999992,True,1,0.0,0.0,0.0,0.0,5e-06,0.999992,3e-06
8415253afae66cc8e122b2ddf661b99836bd43d29cdc1e4d4110be7f742eaf79,bkl,bkl,0.698383,True,1,0.006957,0.001203,0.698383,0.001415,0.032068,0.259921,5.3e-05
8431a192fb11307d3e97503323e54bb0432309889770f2e57fa7244201c14360,akiec,df,0.934413,False,1,0.000559,0.001367,0.025596,0.934413,0.001149,0.036222,0.000694
8452a2fcbf32eb422829ff73f6d4d32ea451a68fa20b35eed0822bb3262819e1,nv,nv,0.945123,True,1,0.0,0.013549,2.5e-05,4.6e-05,0.040066,0.945123,0.00119
847702c2c81041be87a4ad02dc072f504a1c9cd829dc7dba63a972488bdab0e4,nv,nv,0.999953,True,1,0.0,1e-06,0.0,2e-06,4.1e-05,0.999953,2e-06
849406225149e98670bbce415bca1043fe87f3665868aa19ce1cc88714bd793f,mel,nv,0.714109,False,1,2.5e-05,0.004054,6.5e-05,0.000253,0.281139,0.714109,0.000355
849474d0ee092d850b20c08dbce7184bd687b9c33f04d483fa31c458800f4d30,mel,df,0.470533,False,1,0.006277,0.005001,0.376814,0.470533,0.022255,0.118709,0.00041
849ca5cc84e7198a428530fee2dc4b39f5c8ce1837d56b7360de36911b7d9bba,bkl,vasc,0.963825,False,1,8e-06,0.001912,0.00013,0.000202,0.03056,0.003364,0.963825
84a24e4f1b4dd1e1fe54ce8c5301d3b955105586fec649b9c5a2591ea6c15d75,nv,nv,0.99652,True,1,0.000157,0.000132,0.000403,0.000131,0.00064,0.99652,0.002017
84ad19233a467e56438f58d017827357afe4492956e07e19d93093b324d74ce1,nv,mel,0.807875,False,1,0.000351,0.002329,0.000429,0.007062,0.807875,0.181298,0.000656
84bfff61b4e911c1cfcde67b845bee22d9378fc749593e0220f1a1227174043f,mel,nv,0.940084,False,1,7e-06,0.008446,0.000629,0.000122,0.050538,0.940084,0.000175
84d728d88b00da987d02ecf9122c874dd9750de72c6f4700e3f08d618f387543,nv,nv,0.995792,True,1,4e-06,1e-06,7e-06,0.00016,0.003991,0.995792,4.5e-05
84e802d10c9125cb65082bb9d2d767fca2b98ee40b962e58ddc2debaa7701e17,nv,nv,0.999297,True,1,1e-06,3e-06,9.6e-05,1.3e-05,1.2e-05,0.999297,0.000578
851c9903170a033f58234bacf35234d4d90cbbb3de00a65fdb83969c7adb59fb,nv,nv,0.688928,True,1,0.000625,0.019848,0.001213,0.077391,0.211381,0.688928,0.000614
8525b4587306558416d97bf623ddc1e0dc6661a9ed8953cb3956c95e6c9c055a,nv,nv,0.999994,True,1,0.0,0.0,0.0,0.0,1e-06,0.999994,4e-06
856d6795e95e5fe3eb205ac19c08fe059061fbdce5461db322f9d94c42491c66,mel,nv,0.545246,False,1,0.002706,4e-05,0.009899,0.001887,0.439469,0.545246,0.000752
85831cf477881a13019678d4b0dc8a4ef7d08e308b73a09190e69d59361a5012,nv,nv,0.99995,True,1,3e-05,1e-06,1e-05,0.0,4e-06,0.99995,4e-06
85c7dedead122d21794e23c1ca27a2a1de7accaada5a2cac5f5b7a38a547679c,mel,mel,0.584136,True,1,0.001139,0.139867,0.071917,0.022862,0.584136,0.178164,0.001915
85c99969949354da63b0351a20c7e1aeb670d3e0f8974c16c9e2378be8a6206f,nv,mel,0.672419,False,1,0.039992,0.000826,0.013273,0.000275,0.672419,0.271674,0.00154
85f0f8c905ea0389560ac81722e69950a3264ca6b7cf8dc27e9cb0d537616ef7,bcc,df,0.313862,False,1,0.312842,0.309911,0.042978,0.313862,0.00231,0.016684,0.001414
86093057ff70f3c7fbd4c4620332089ce7185df3b33a2768a5ea64b462aca7b5,mel,nv,0.983967,False,1,1.2e-05,3.4e-05,0.001145,0.009898,0.004252,0.983967,0.000693
8611a053e6050ede93bd428b97168550bf083d5939d37c6bd609887917bd1009,bkl,bkl,0.998059,True,1,9e-05,5e-05,0.998059,3.9e-05,0.000281,0.001464,1.6e-05
86175fb9429aa874fa08a5a928a507b682154cfa557be48d3154a7b812fc0d49,mel,mel,0.425308,True,1,0.020213,0.002178,0.241121,0.002867,0.425308,0.307526,0.000788
86188413c9157de10b7617bff873a9b1d8ea51edd4e335aa0c084ab95adcf8d4,nv,nv,0.953606,True,1,0.000759,0.00043,0.004324,0.007857,0.031808,0.953606,0.001217
8644a8ed983164cd859e7f0ca2f0c99c490e611fa3a4e71dee7a06c991f91604,bkl,nv,0.908074,False,1,0.000435,0.015825,0.065237,0.009649,3.5e-05,0.908074,0.000745
866556897021a93616b88e98a606e494a3395cc90bb49d2def991068010348d8,nv,nv,0.999995,True,1,0.0,0.0,0.0,0.0,3e-06,0.999995,1e-06
867380b52c4decdfb7a9d65d8a94187ff3277ce495a312562e54334e7468543e,nv,mel,0.838294,False,1,1.3e-05,6.9e-05,7.5e-05,0.003561,0.838294,0.155164,0.002825
86959a38dd174ef73c6b86eb0d63dc82643b899ee8789535cd86257e9a95c028,mel,nv,0.517477,False,1,2e-06,5.4e-05,0.00019,1.6e-05,0.48224,0.517477,2e-05
86ae66cdd19bd789d92d20ecd5ad7009bd225e1678ef2e9be51bd9f15a647fb2,mel,nv,0.984572,False,1,0.000175,0.000298,0.002837,0.006622,0.005472,0.984572,2.4e-05
86bccc4be82e1160095466633db5684e93230003102edbe7f0418d3fe68eca7c,nv,nv,0.445745,True,1,0.001163,0.019476,0.004895,0.204633,0.314912,0.445745,0.009176
86e92c1f206c9659803074a72df0ab36046a4bc8858df8695d702baecbedd0e9,nv,nv,0.885428,True,1,4e-06,5.7e-05,8.9e-05,2.5e-05,0.114382,0.885428,1.5e-05
86ebd9fbeacc84935f86cd31dfa97579c506bef7ccb777c9c85139b02ffeaba5,nv,nv,0.999991,True,1,0.0,0.0,0.0,1e-06,6e-06,0.999991,3e-06
86f800db71100fc1bb4714dbc56d20ebc3cddec4c980b0554f4c4db73b862c9b,nv,nv,0.975925,True,1,2e-05,0.000137,0.018577,0.000306,0.005031,0.975925,6e-06
8713f7398dadb364f0c019ab227f636da2a8c1df163ed475bf24e748e2524fb7,nv,bkl,0.638103,False,1,0.00206,0.010929,0.638103,0.00098,0.246469,0.101189,0.00027
8779b0fed813cbe79a9f2db138f2f5dc783255c083386329889d7c200ef0abd8,akiec,bkl,0.63861,False,1,0.105577,0.064925,0.63861,0.016069,0.013056,0.160895,0.000867
8785643a0159c378f2551857c40c569c47bc52508f3c5ec99f52f324a5e2233a,nv,nv,1.0,True,1,0.0,0.0,0.0,0.0,0.0,1.0,0.0
879a2fef7f01ba038aeff87d8044f96059d20c161ee0f03d5e529edca293427c,bkl,bkl,0.976177,True,1,3.5e-05,1.1e-05,0.976177,5e-06,0.00063,0.023141,2e-06
87baee4623dbec81c2b6f90126392a344914cf6b670e5e23cdcd919d993000c6,akiec,nv,0.566578,False,1,0.000108,0.000361,0.024001,0.406761,0.001594,0.566578,0.000598
87ec709f184ab1d522c76c252a03a3a539214766d3cf02fdcdf5abd5f5d12916,nv,nv,0.999981,True,1,0.0,0.0,1e-06,0.0,2e-06,0.999981,1.5e-05
8827f370498f65f72fff343b3d0ab28dbd9c754dd5e522e4056ea9e58d365b03,nv,nv,0.999737,True,1,0.0,0.0,2e-05,4.1e-05,1.2e-05,0.999737,0.000189
8857a5b348dca7528b35c33fc3193fc110f2687e19fd7a879dad13df584be0c8,nv,nv,0.878443,True,1,0.0211,0.00132,0.049563,0.006888,0.040979,0.878443,0.001707
8858257f00aff6f8fa4caabf3094f3c447eeea60014681f6770e4d7702497a32,mel,nv,0.937185,False,1,0.005678,0.007425,0.026067,0.01534,0.007449,0.937185,0.000857
887a08f69d491c33e918e5ce726c51498eec4566ad5db46dc5a33a5fc4341da7,nv,nv,0.973092,True,1,9e-06,1.7e-05,0.001675,3e-05,0.025136,0.973092,4.1e-05
887b581faedadfac4deeee07cf1507bc1794e39dd52ce9a27a0e51d0f7b1581d,nv,nv,0.836263,True,1,2e-05,0.000774,0.0044,0.046645,0.111475,0.836263,0.000423
888ee3f0d3608b10b48c5ac6f7370574326d2efca938553ee88ec2cce969006f,nv,bkl,0.825302,False,1,3e-05,0.000351,0.825302,6.6e-05,0.001212,0.172119,0.00092
889f761f9e38ccf9fef06c505ffd3e06856d5748dbcd20381e27ad7a9ae2780d,mel,vasc,0.856466,False,1,3e-06,0.000713,0.000498,7e-06,0.054046,0.088268,0.856466
88c967a8b2bdb5f31ce4c604224ad4fe048f93267655660d23b374bf2690d5cc,nv,nv,0.9919,True,1,4e-06,0.002955,0.005019,4.1e-05,7.6e-05,0.9919,5e-06
88d642abcaa94958528f7d797e2ec0f184e5ec68879fcd2d4c1b2784417c5eec,bcc,nv,0.927932,False,1,0.002105,0.042601,0.010739,0.012875,0.00211,0.927932,0.001639
8914533564f6bc5ea196fc068ba7b36643524618642d4b5bce599314d77dba85,bkl,nv,0.995133,False,1,1e-06,0.000235,0.000456,0.002658,0.001023,0.995133,0.000494
891afefdca589f19fabd624d2693c4589576151ec82a21c1444fc1f738a2afea,nv,nv,0.36016,True,1,0.155118,0.00383,0.309607,0.001104,0.169197,0.36016,0.000984
892321c808871eafb315b349b6f3ee71a7d6ae6021c05305ee6b5947e8eb4a69,vasc,vasc,0.634351,True,1,0.0,0.000728,6.4e-05,9.2e-05,0.001238,0.363527,0.634351
89604352837a3e5d1e25bfb53e28bf7f73fe06384946f0ddd82ebc17a723b0a1,nv,nv,0.825484,True,1,0.002739,0.001067,0.16253,0.002702,0.004669,0.825484,0.000809
89a2fa03538e03edbf04b78b7f2d30ad7b6166db43cb884bbcead7d86bcecd15,nv,nv,0.995717,True,1,1e-06,1.4e-05,0.000163,5.4e-05,0.004047,0.995717,5e-06
89c4dd5ca8d10eb48cf5fda3595b0bfd0116dd55f7135506b4ba74b4ddfa6fbd,nv,nv,0.554266,True,1,0.100576,0.212464,0.096102,0.026161,0.006926,0.554266,0.003504
89f793393a4058da42c9d616b497c48b7cb58c8e0d688cde906f12ca12843f58,nv,bcc,0.99764,False,1,4.3e-05,0.99764,0.000101,1e-06,0.00018,0.001986,4.9e-05
8a4ca5b5a9411f14ee3d9d3512898968ccce1cf7eee4be365798c3c6a76924a8,mel,mel,0.984915,True,1,0.000754,0.00017,0.003047,0.000673,0.984915,0.007141,0.003299
8a56f686691e1368818cf59da4585412ccf5856f397610293e895193d25aada7,nv,nv,0.996849,True,1,5e-06,0.000318,0.000221,0.001941,0.000662,0.996849,3e-06
8adfe6b85bc1e364e5ae65ba5bd7245a8732aa0caa2111352209cfa178132661,mel,nv,0.944745,False,1,0.03748,0.006851,0.006906,0.001123,0.002719,0.944745,0.000176
8b02814c0352d1aab77913e3c863572ca6cd1ed69117038c938eb770fbf335e2,bkl,bkl,0.991261,True,1,1e-06,1e-06,0.991261,0.000353,6e-05,0.008086,0.000239
8b0b7404f6147bfbe7bff54b5184cdd3e6e98b5c41f1e05f655f145dc562a2bd,mel,nv,0.79697,False,1,0.015944,0.000563,0.133411,0.011882,0.041044,0.79697,0.000185
8b0e4b06f4834609e18fc00d3390635560bab457d0f1c95d1279c3f63e55ae0e,nv,nv,0.914174,True,1,0.000507,0.0001,0.002011,0.002718,0.058639,0.914174,0.021851
8b2db18cb55714d3ef518ffe8d095b124bd0a6ae4ba0c8857a3fc1113bab8ae0,bcc,bcc,0.969127,True,1,0.017186,0.969127,0.009488,0.000204,0.000819,0.003099,7.8e-05
8b513f17911d8ef7b8f76a2a6bdebbb65b5280d22e9f02a55acc50afbd246d02,nv,nv,0.624487,True,1,0.001171,0.001841,0.002233,0.001558,0.36721,0.624487,0.001501
8b54d24e726eea3d92c847d3e64f327c20f61c2f26e526ffd95db28e8869320d,mel,mel,0.84188,True,1,0.059892,0.001039,0.002972,0.051484,0.84188,0.04096,0.001772
8b7ba7c60416a3c12efa6c1681412fbc30622558c3b14a745f5712132d25a2ea,bcc,akiec,0.540453,False,1,0.540453,0.034809,0.34665,0.008836,0.000946,0.062674,0.005631
8b875a26f2551b836d415fa892717894776afe32c50f7849051139612c5c338d,bcc,bcc,0.976216,True,1,1.9e-05,0.976216,0.000608,0.000467,0.016727,0.00161,0.004354
8be79b6bf1d0ac9af8ff680ea3e057f2e9f9d35d09bc75f8deef9db433392df8,df,nv,0.506298,False,1,0.004734,0.032546,0.039449,0.415786,0.000866,0.506298,0.000321
8be7d41ea98fcb00af2e517a5e787c1b920b6406d2788604f31bcc927f6ae869,nv,akiec,0.376453,False,1,0.376453,0.025631,0.305699,0.01479,0.018759,0.257797,0.000871
8bf7a33a4cd5a03f341387a156074e411d0e26157adccf379a9d9533713b837c,nv,nv,0.651126,True,1,0.001051,0.002936,0.000598,0.000671,0.342369,0.651126,0.001249
8c04efbed3733adc8ff4483f009cab02e71adb8e84b85c9719c8ad8a18a7f71a,mel,mel,0.644198,True,1,0.002508,4e-06,0.000343,3e-05,0.644198,0.352897,2.1e-05
8c1f3f42d95032b3eb648544e1f38a18cc044558728a458f5f2dae952c513552,nv,nv,0.99396,True,1,1.1e-05,0.000155,2.3e-05,0.002277,0.003549,0.99396,2.5e-05
8c243061c81d07c802b53ada0044ac7823aeb6475514059ea95e5108341190bc,mel,nv,0.873868,False,1,0.009321,0.001998,0.113068,0.001179,0.000361,0.873868,0.000205
8c48279b1b9dbd92891f20b4291ccc7493ce6112d0a2b5318b9241b660a596e5,nv,nv,0.952341,True,1,1.1e-05,0.000762,0.002278,0.000414,0.044165,0.952341,2.9e-05
8c5266386c5ad182ece646f1b7189c67260da04ec5b9c121c3c38f4b9b9192c8,akiec,bkl,0.590003,False,1,0.000235,0.000548,0.590003,0.001192,6.3e-05,0.407638,0.00032
8c59c8661c12ae87e85865fa95999226757d37a6bf7cc4280e0a0206d7361ce6,mel,nv,0.682121,False,1,6e-06,1.9e-05,0.010373,0.002365,0.30506,0.682121,5.6e-05
8c8cd34aac1a727dbf8eeca46e67b7259cd5c66e6f1f65b489b0bfa38dd8c1cf,akiec,nv,0.471812,False,1,0.010594,0.025069,0.203942,0.173912,0.112525,0.471812,0.002145
8d006abef89d8e19066fa5bcb9b1475115b98fa26c167a62513c7fa24b58ad13,nv,nv,0.955179,True,1,8e-05,0.000578,0.000267,0.043489,0.000373,0.955179,3.4e-05
8d0578e4e65beff00d53c2d0b910df53b00b9dc0afbbbc26914d3afc2cedd495,nv,nv,0.768868,True,1,3e-06,4.7e-05,0.000123,3.2e-05,0.230909,0.768868,1.8e-05
8d0e36551e5275fe04c3dfd5c870c53bcd46d1a0f0ccb70fa96e43f4c0e401e8,bkl,bkl,0.390393,True,2,0.197191,0.305206,0.390393,0.016182,0.011317,0.078397,0.001313
8d2639457c1df6ef2f42d9dd7873c6db44672c62b52ed19f4f9ceeebfaa3a5d9,nv,nv,0.999998,True,1,0.0,0.0,1e-06,0.0,0.0,0.999998,0.0
8d2c1681f9fcd2f3eaedd785003ddf05ec25da51a5e45332beb781542939f6f4,bcc,bcc,0.483272,True,1,0.128896,0.483272,0.099105,0.114575,0.001243,0.171323,0.001586
8d4877085aaf2a370346eb9aa575acb5847cf8c018a1f230623bb65b4c89d33f,mel,nv,0.654624,False,1,9.7e-05,0.127352,0.009477,0.000257,0.208116,0.654624,7.6e-05
8d4dec359f8b997fab619434571504e503812c424e0624e2b12cca8da7696180,mel,nv,0.968828,False,1,0.00075,9e-06,0.028102,0.000296,0.002011,0.968828,3e-06
8d7786138659bf8664ccba263c143cfe011887b6d872737d45ae0acf69554b69,bkl,bkl,0.994582,True,1,3.6e-05,0.000163,0.994582,3.8e-05,0.002474,0.002694,1.3e-05
8d8f4a00a763e6fbee93fa66f3dd96d70d4975da65a94dc1a19d762f1632260f,mel,mel,0.735214,True,1,0.070969,0.064511,0.00874,0.003139,0.735214,0.115674,0.001752
8da97794554c0eb4f1bf9f67d0da89e13470170c8a3204f936c0b4d1f25a7bc9,mel,bcc,0.346405,False,1,0.06508,0.346405,0.073913,0.142982,0.238193,0.124136,0.009292
8de0992e664c26a51d427a9cc97f42140104f535c167fdd152f8d1740ba3d0c6,akiec,bkl,0.877126,False,1,0.003248,0.051217,0.877126,0.009612,0.008365,0.043341,0.007092
8df20c0fc56217c78838fbbd2538a11dcb66efc94599ec3a56aa9bbe79471b13,mel,nv,0.7546,False,1,0.000105,0.002474,0.000267,0.007219,0.235136,0.7546,0.000198
8e0a5d90ece3a728545ac52a5051e2512e564d204b74a3434b5beae2f5ddc1de,nv,nv,0.976189,True,1,1.4e-05,0.005329,0.000504,0.000673,0.017145,0.976189,0.000146
8e12eba2fc81db64fbf7a6d6b8eda9519129408f01346b55c45b84d8ca70dcb0,akiec,bkl,0.832557,False,1,0.025075,0.00286,0.832557,0.005028,0.000283,0.133372,0.000826
8e641920dd04a78ed1f3c7c16e7247ecdc52404f5e1213f4f166bcdac5bd2860,nv,nv,0.933618,True,1,0.000257,0.000909,0.005904,0.00044,0.058863,0.933618,8e-06
8eb9233e7bb4c81ebd7ed09b509759c59f4f98c347ef4e19a1311b56b047560c,bcc,nv,0.95879,False,1,0.000113,0.004452,0.009858,0.026057,0.000427,0.95879,0.000302
8ec741fc9794ba94324d9c4f14afde595af43615e6da4b1c3acb6fa934668dad,bkl,bkl,0.4763,True,1,0.001133,0.000116,0.4763,0.000262,0.099904,0.422215,7e-05
8ed637a7faf7b8cf29231d8fcc09147f8c970ac1cc9b03ef40736df8d9f024d5,nv,nv,0.955494,True,1,2.1e-05,1.8e-05,0.004544,0.000203,0.039672,0.955494,4.8e-05
8f73b30d02301a8d56318ee8544f28f3fcc402d25950ad96ffe4a180b8643918,nv,nv,0.640622,True,1,0.044095,0.003149,0.296217,0.002808,0.007843,0.640622,0.005266
8fb755902e507aaed2eda7f48bb56467d84ab2853eb20036a7a233864e5902e0,nv,df,0.675081,False,1,3.8e-05,0.000113,0.006548,0.675081,0.00071,0.316732,0.000777
8ff74cb02baf742d7491f77e2c6866ae2a1471de0cdbc971054f6becee0af956,nv,nv,0.637265,True,1,0.005855,0.000896,0.108549,0.029702,0.216115,0.637265,0.001617
90323b4d0a0b104e09bf3ca35b9171b75c8435d51843cd3270e7a3df99e47379,nv,nv,0.999964,True,1,1e-06,0.0,2e-05,0.0,1.3e-05,0.999964,2e-06
903bda56ac158268e64f5169b0fb4a34bc93d590addcbcd859fa22f2eda2bf42,nv,nv,0.995939,True,1,1.4e-05,0.001466,0.001002,1.8e-05,0.001398,0.995939,0.000164
906c1f0e7c53d152221c69792f132c7262ae77337c9d7a8dc1a32465140fe0c9,nv,nv,0.779744,True,1,0.008394,0.132795,0.050757,0.009947,0.009155,0.779744,0.009208
907d4a81b1f8d3fa2c54c6252d94862ecd220b311c05fb37aed0fcfa7136d927,nv,nv,0.74728,True,1,0.000174,8e-06,0.209504,0.002169,0.040764,0.74728,0.000101
909dca66bb5f2f8e1c3e9c7cac3dec8a4f69e6c8303b88e34de97434f30b1ffa,nv,nv,0.984481,True,1,0.001365,0.007103,0.000725,0.006047,0.000253,0.984481,2.5e-05
90a04470723cd63123229d1aa44a8e7680794178b11a60dc9548b1fe96f0246f,nv,nv,0.67568,True,1,1.2e-05,0.000123,3.9e-05,2.4e-05,0.324119,0.67568,4e-06
90a5258a798738319ba32515492b7b9a38126530d7b4412a614d8c5bfb412c03,bcc,bcc,0.999919,True,1,1.2e-05,0.999919,1e-05,1e-06,3e-06,5.3e-05,3e-06
90d823ad70a690817fd38d81238c38c00ca2cd25c57d2589ded48bd2be60e42f,mel,mel,0.888075,True,1,0.000425,0.003356,0.000417,0.00017,0.888075,0.107137,0.000419
90e97330dbd9fe2e99b569149a2ee984dcfc0bda904b18b962acac646d50b6ae,mel,bkl,0.616494,False,1,0.031428,0.010837,0.616494,0.256153,0.012921,0.070117,0.00205
912e02a015b1e57a5f57a64429a4bcd67ed73877808bfc9583cca7b02e3b1586,nv,nv,0.776375,True,1,0.000168,0.000314,0.018729,0.000535,0.203834,0.776375,4.5e-05
913db15e57af69fca9d682b276ff60e22d1b3335813bd2bd6264ca0ef11d3e21,nv,nv,0.740953,True,1,8e-06,0.25676,0.00013,0.000103,3.2e-05,0.740953,0.002015
9141d0c5d1072bd4337b4169cb2e65c4f92de17effb85ed754e247fd02abfa2f,mel,nv,0.338034,False,1,0.114847,0.033339,0.227676,0.006234,0.277529,0.338034,0.002342
9148103bb53a684f598a543867fba51f1126910b4999f3e3bfbaa907a785e642,akiec,bkl,0.707519,False,1,0.043629,0.041724,0.707519,0.059087,0.003836,0.13816,0.006045
914e372f303a9729258ebb7ef67192643a45aa8e98e008be1cd7f9072d0178eb,nv,df,0.990959,False,1,4.6e-05,3.5e-05,0.000192,0.990959,0.003771,0.004956,4.1e-05
916cf3c57496e0ecd0dd3278a769489a0ce56155329cb4279b6cb3f2dd1716c8,nv,nv,0.999519,True,1,0.0,0.0,1e-06,2.7e-05,2.2e-05,0.999519,0.00043
91f37d6b588ebf61bef05654578ef3a3b6eefd6d7abdc4103e16f397dbaafe69,mel,df,0.573762,False,1,0.024081,0.001721,0.005213,0.573762,0.357643,0.036968,0.000612
91f886eb19ce67d1f1dae53b3ce4254a78e4d118db2a9612268d8722b3c6f1f3,nv,nv,0.879476,True,1,0.005313,2.7e-05,0.057061,0.003273,0.054567,0.879476,0.000282
9211e26085737c06b1f071564b52ce199302fa83b99cdb0fcc08dfa9a08d842e,mel,nv,0.943243,False,1,7.7e-05,0.000294,0.017078,0.000585,0.038707,0.943243,1.7e-05
9224471e43354042b3316ac895aa7633e4ffd6534497e1a1220f42de2a2aa18e,mel,mel,0.996208,True,1,4e-06,2e-06,0.003726,0.0,0.996208,6.1e-05,0.0
9229e98857729360aa0e96a0b6f7ef40f5cdf618258976e25d143ab619032049,nv,nv,0.972459,True,1,6.2e-05,0.001628,0.024219,0.001071,1.1e-05,0.972459,0.000551
9255a2d10bf5c8bf716370796e5ebe3879aca7fdd8f51acfc5fb62576fdb2c7b,bkl,bkl,0.986602,True,1,0.003657,8e-05,0.986602,0.001084,0.001259,0.00721,0.000107
926ab317c544f4bfb76aba8c597ef63ed6e8467ba93d6742f25b6412352181d9,nv,nv,0.995409,True,1,0.000238,0.001406,0.000208,0.000119,0.002591,0.995409,2.9e-05
9273152ab553fc88c0ae566883c1d68af54fe68cc9c0aa6ff47cdb0695e4dbea,nv,nv,0.999578,True,1,2e-06,0.0,0.000135,1.2e-05,0.000269,0.999578,4e-06
9274506df51b603c8a8cd95ba7241ad4eb99efad39ad509aa5cc17b4b2fb7f71,nv,nv,0.840071,True,1,0.000908,6.1e-05,0.1359,0.001324,0.021469,0.840071,0.000268
92cbaf436ff13f98a5d16db10f1dac9019df34eaeb11f11717998aae6457b950,nv,nv,0.485986,True,1,0.000238,0.000278,0.060718,1.1e-05,0.450913,0.485986,0.001857
92d52648f915a0aff4634c22c799f00c2478c7fab3e85e604d248fe0051f341d,nv,nv,0.993999,True,1,4e-06,7.2e-05,0.00087,0.000278,0.004534,0.993999,0.000243
9316138697f59673dd97957219e07bd79bd6b2fbd899086169aab3703dd1fe93,bcc,akiec,0.998526,False,1,0.998526,0.000457,0.000897,2.6e-05,5.9e-05,3.5e-05,0.0
9317c6ebf1b7f47d48dae204a34ccb13e4fbc947726a5a81f51a3f41e4b81496,mel,mel,0.993306,True,1,9e-05,1.3e-05,0.000622,1e-05,0.993306,0.005952,8e-06
932fc960ce1e490263b1f2aa557fbd48e74b8179bbd55a6caf3f7afbeb497ad1,nv,bkl,0.85548,False,1,0.00143,0.003808,0.85548,0.016409,0.000191,0.121681,0.001001
933970c9c85040745b5fe660875300c78cd65ba4e68e6429ad391b0774d0a666,mel,bkl,0.292267,False,1,0.118843,0.004134,0.292267,0.088878,0.282572,0.212822,0.000484
9357d5a83e4ed09e8b5ec542f4c1ae028c4f6df96f32a1ceacd702e7e28f6851,nv,nv,0.709983,True,1,0.002204,0.010276,0.022082,0.196441,0.058533,0.709983,0.000482
935b8af60d34f2c40e95b25b80f215d8d52a88471cd141ce0d70a2d025cc2287,nv,nv,0.998966,True,1,9e-06,0.0,0.001005,1.7e-05,1e-06,0.998966,3e-06
936979fb040c2a3f34ab99e76136a4e3cf868289d16a285f90a62ae26da380a1,bcc,nv,0.886781,False,1,0.000705,0.018346,0.091962,0.001577,0.000551,0.886781,7.6e-05
937bf919f9b0a3cbb542b57b59a62a227906eb73273de16ba611de8555e80c8d,nv,mel,0.740676,False,1,8.7e-05,0.003409,0.034281,0.000833,0.740676,0.21804,0.002674
938635e95876c3bf824f39e16eea3e70383d24e8d433cb45528c1dfcfcbbce9a,bcc,bcc,0.814811,True,1,0.07486,0.814811,0.005419,0.023988,0.028463,0.051946,0.000512
938d0515a02ccdf06af2d7f91ec186bbc2a886dc0bc7e0ef315af2ba27ef5c29,vasc,nv,0.945423,False,1,3.1e-05,0.000227,0.000687,0.00096,0.014101,0.945423,0.038571
93943a6481d84d71c73b56e232c1ef06127212277139079b72f11f448c449a70,nv,nv,0.865148,True,1,1.3e-05,1e-05,0.000421,7.4e-05,0.134302,0.865148,3.2e-05
9397aa3241562705bdf55cd225ccd58553e5448a096eb5958354d18e5d557bde,bkl,bkl,0.396135,True,1,0.065941,0.081691,0.396135,0.00213,0.289185,0.164489,0.000429
939bbd77131f2df3f563acba5248a04a37a7d48bf0fc7c6fa900fd1e6840f808,nv,nv,0.947784,True,1,4e-06,2.5e-05,3.3e-05,0.000182,0.051948,0.947784,2.4e-05
93a4d73348687b7e8813f4447fe235df6ccd3039f90bc47e2f8d4286ff7333b5,bcc,bcc,0.798987,True,1,5.4e-05,0.798987,0.003342,0.001736,0.08575,0.102603,0.007528
93b90bf72a778775efc19e3b4b387843588d1de41cdcf7849846493cd039a986,nv,nv,0.998519,True,1,3.3e-05,0.000461,0.000118,0.000281,0.000509,0.998519,8e-05
93e99a8e0fd9c9b64d45841f2f3639d7f18cea2b6ec78d93004c0306a9fe7acb,nv,nv,0.999792,True,1,0.0,2e-06,0.0,1e-06,0.000154,0.999792,5e-05
94085fa7f9d35bfff3f21a26dccc6cf699fcbca398b63b44362c61bb93235d64,nv,nv,0.999852,True,1,8e-06,6e-06,4e-06,5.4e-05,2.6e-05,0.999852,5e-05
945d21240da5bc2363ae04d716902c3b5593bc4f48616b7cfd9b758e37c4ccb7,bkl,bkl,0.805661,True,1,9e-06,6.3e-05,0.805661,6.3e-05,0.039323,0.154863,1.8e-05
945d3aa17bbf326c18cb0d2cf51747d97893b28dfb3268ee0c3c1a4ff0a65ccc,mel,mel,0.617385,True,1,0.008302,0.048658,0.082078,0.154649,0.617385,0.087508,0.001419
94a74b829e52a6c3711183d6b6f24e5b139422a19ea907fd101caddc45bd3746,mel,mel,0.891322,True,1,0.000274,6.2e-05,0.040132,0.027181,0.891322,0.0386,0.002429
94b7aacb95e4cffeda501b22bcf063e006384a2d5c96fd4d5ba8d69ded1cfe0d,mel,nv,0.821118,False,1,0.01107,0.001682,0.006666,0.000797,0.158342,0.821118,0.000324
94bb9df8ba731bc6df1504b0badba2fa9f1849a552886a753b7af753204763ca,nv,nv,0.772816,True,1,0.001461,0.016522,0.128045,0.000636,0.080172,0.772816,0.000349
94bba6dc104ff794d6b591cdd2502193d0b57c83979376a7ee1b2dd514729b45,nv,nv,0.662773,True,1,0.004452,8.6e-05,0.287651,0.000793,0.044103,0.662773,0.000143
94c17bee68f2b6d756d4129fae3b9f9e46d020b0687ca64a5d5de484c025f166,nv,nv,0.999974,True,1,0.0,0.0,0.0,0.0,2.5e-05,0.999974,1e-06
950df26a1226d67274c8d6c635262c5f5aeb37ece37f3997c9e71692610a6557,bkl,akiec,0.940011,False,1,0.940011,0.026699,0.016022,0.000613,0.002039,0.014212,0.000404
9524cd6211b4537ef7d52f1e14fba159b3713041d09e1a514b59a46e5c22dd66,mel,mel,0.965764,True,1,7.5e-05,6e-06,0.003919,0.000238,0.965764,0.029959,3.9e-05
952a6a83d685c428790f79cb05115b8fc54282bab942f0bd8f5309e29c30c7f3,nv,mel,0.603869,False,1,6.5e-05,2.2e-05,0.000208,7.3e-05,0.603869,0.395691,7.2e-05
953c5903ef39ccb795643b85b0fbef48faac6854663ab4829c901fbaf2b72e8a,bkl,bkl,0.686108,True,1,0.237304,0.003056,0.686108,0.001233,0.064848,0.007341,0.000108
95625f53c5ddffa391ae26355ed0f64dcb1582f5a5423947e92421ebc7808321,nv,nv,0.565615,True,1,0.008035,4.5e-05,0.152042,0.27181,0.002359,0.565615,9.4e-05
9585727415ee4d7b38c7c3ab3d5244a8c6322f071a7a468b3f533947b191535f,nv,nv,0.967907,True,1,2.1e-05,0.006909,0.000268,0.006525,0.018301,0.967907,6.9e-05
958793a3c52cc745a82168a46e41d320d73e3ada9bc36293ea65f4520c3fc3fa,bcc,bcc,0.944848,True,1,0.003209,0.944848,0.00147,0.000242,0.000408,0.049346,0.000477
95b1ddc038125386fc5125633865d9b2d24b51d320e11555e3d727ddbf52d170,nv,nv,0.906601,True,1,0.002278,0.089276,0.000562,0.000573,0.000665,0.906601,4.5e-05
95c6d9a2148971599d4c6f8576f7c4032c81eb7b67007516ee1235eefecd6b67,mel,mel,0.905232,True,1,0.000104,0.000135,0.005703,0.000786,0.905232,0.087782,0.000257
95d5229432e2feee0d019385f6daf95461d82fed2a77c787026d5f34ca17a761,nv,nv,0.688499,True,1,3e-06,3e-05,0.0004,0.0012,0.309459,0.688499,0.000409
95f5166c319a047c22e2b01df4cb10711ed54889d72a991817ddaa1db2c0817c,nv,nv,0.981299,True,1,0.000516,0.000124,0.001509,0.000469,0.015851,0.981299,0.00023
95f720b0a840a0f5322a62b5fd7fd2d50a9a0b4d15a51429395e0e8df72f1bc1,mel,nv,0.947127,False,1,0.000226,3.9e-05,0.051126,0.00099,0.000481,0.947127,1.1e-05
960da34c792321c58faf03e58394f76e1d698f019d696206e8fe1963ad8f6867,bcc,nv,0.814275,False,1,0.004784,0.066006,0.088642,0.007833,0.012165,0.814275,0.006294
96260ddcfadba513a203692621b2db258d65ea1f693fc984528bfde564f81b11,mel,mel,0.974584,True,1,2e-06,4.2e-05,6.5e-05,3e-06,0.974584,0.018685,0.00662
96332e512671f4bed75bca58945011ed4734a587fdd2d9af6196d04173b9855e,nv,nv,0.669604,True,2,0.000251,0.000352,0.115415,0.006576,0.206799,0.669604,0.001003
96498c9795a465d5b48f7a4547337776d56a3012e662556cfbbba794a9e3d060,bcc,nv,0.539996,False,1,0.007602,0.195601,0.0373,0.022414,0.192576,0.539996,0.004511
96747fdf8b2ab5378ee1b9041e01896ffc33b85454dcf0ab4f682e19cf2dac00,nv,nv,0.99136,True,1,9e-06,0.000141,0.00366,0.001104,0.003713,0.99136,1.4e-05
9680672b79cfeac81b9c18354df1d8b3e4f7423cde412c020c2e3d82e30252c6,nv,nv,0.808303,True,1,0.049327,6.9e-05,0.065698,0.000865,0.074746,0.808303,0.000992
96a1991d4d7aebd0054d6f6a4e39edff35ecaf834196f4a7f9cfaabfbe550bbf,akiec,nv,0.650011,False,1,0.130513,0.106794,0.081394,0.009182,0.016716,0.650011,0.00539
96c01ca2f3742ec696781451e453ba21e033e8294a814146a2b3c376037838a8,bcc,nv,0.908396,False,1,1.7e-05,0.003733,0.086208,0.000359,0.000658,0.908396,0.000629
96ce80ea92704be6c7467408d012005cbe21760bd8a1a07f257d32f43c900242,bkl,bkl,0.973284,True,1,0.000697,0.000159,0.973284,0.009651,0.000605,0.014966,0.000638
96ef63a9ae2cfb52e671822b23f4e09563be70dc1f5670c40b7fc8f01462d976,nv,nv,0.999967,True,1,0.0,0.0,2.4e-05,1e-06,3e-06,0.999967,4e-06
97058996e853976096b008d1e567921c1306833575755f0c66e01dfcc6bfd2cc,bkl,nv,0.540792,False,1,0.000109,0.022887,0.360606,0.001633,0.07358,0.540792,0.000394
970d79cd82c1ab3e5944392c49df144d72cad637203fe890c3ab99f2b48e6ebb,mel,mel,0.942197,True,1,6.3e-05,0.000308,0.005834,0.001253,0.942197,0.018038,0.032307
973b1ef67f9e47d59db965cbf53fde323d422b02f19f6d1636ebd2d704a5f3e6,nv,nv,0.990172,True,1,0.002925,0.000624,0.001052,0.004993,0.000222,0.990172,1.2e-05
97460e4cdfac9e20c228656cea6f9eedcc9a08bf99d82840faca588a82e3dd3f,nv,nv,0.999952,True,1,0.0,0.0,0.0,0.0,4.5e-05,0.999952,3e-06
9750386a90817cf93d489a452f0c932c4127276fada20cbdc0386b59ea49c290,nv,mel,0.900707,False,1,0.0,8.5e-05,2.6e-05,1.1e-05,0.900707,0.099138,3.3e-05
97675386d77755e3eb5a697a78f522c2316d7b5a758882693bdee815f9c1ff88,akiec,akiec,0.998645,True,1,0.998645,5e-06,0.001147,2e-06,0.000152,4.8e-05,1e-06
976efb371ac5a675a26923cd3bfdf43fa0d5ff3b7b208ad1dfbca4efeb478a84,nv,nv,0.999956,True,1,1e-06,1e-06,2e-06,2e-06,3.5e-05,0.999956,3e-06
9771b8d90519b19e910492ceae321ac94fce35fe46f6d0a4af086e58d0a97f93,nv,nv,0.999992,True,1,0.0,0.0,0.0,0.0,2e-06,0.999992,6e-06
977cd0471698457f935be79cbae7773ef6ef3aa9d8dbb20a7d18707cffa2f436,bcc,bcc,0.879546,True,1,0.005882,0.879546,0.03273,0.000195,0.077352,0.002628,0.001668
97825090856a8539e7657d7419c25bf38700904e173087a1516a54d58c1c247e,nv,nv,0.628282,True,1,4.6e-05,0.371116,0.000112,0.000191,0.000186,0.628282,6.7e-05
979ab5d571739dee98491bac02a3c15b4fe402bb4539f9ccf3f6682dafeeb466,nv,bkl,0.970215,False,1,0.001656,1.3e-05,0.970215,3.8e-05,0.013148,0.014907,2.4e-05
979f9a59eee332558ca16aaa01745149313f514dd8862b1de5eafa7e761d8862,nv,nv,0.999938,True,1,0.0,0.0,1e-06,2.2e-05,2e-06,0.999938,3.8e-05
97de8bddfdecac114b73b396ecb390e039865c04b9f594afb6d464069e2b5ccf,mel,mel,0.561574,True,1,0.000479,0.004127,0.000726,0.003765,0.561574,0.429096,0.000232
982d9032a32867c02fc67e3b931bfe8609e3418e2bc5a4b60e7f477bca3df605,nv,nv,0.99801,True,1,0.0,1e-05,9.4e-05,4e-06,0.000101,0.99801,0.00178
9832276ac62fe58b24e2981e499ab06cdd8ed68cba37c3088f4d7cc78a7ed1c0,nv,nv,0.919246,True,1,0.000534,0.000304,0.016831,0.000975,0.061656,0.919246,0.000453
9836765f669b4e4ce5c365ee37eb90e22ea1d657ef28589fdb89780ddf4d7538,nv,nv,0.983489,True,1,1.7e-05,0.001268,7.4e-05,0.000531,0.014579,0.983489,4.3e-05
98560d1c7c6d9eda6d39802a36506d8ece202c47b79d2f202d3a9decb6089aa6,nv,nv,0.695828,True,1,7.2e-05,0.000134,0.007814,0.000135,0.294736,0.695828,0.001281
986ad1661a302942aca24841e2a1e56bcd54df15a1d5f12a48691666adb26776,nv,bcc,0.890975,False,1,0.000157,0.890975,0.001901,0.000282,0.001054,0.104363,0.001267
98728e5013426745668c6c5078c3afd254b91e196ca790e02351f00801b4a75d,nv,nv,0.872863,True,1,0.000132,0.00069,0.040626,0.023452,0.062142,0.872863,9.4e-05
9878c6da1b8b077e7eb861e402d9bc2297f7c1adc7e6380895b3064451c6cb66,nv,nv,0.999908,True,1,0.0,5e-06,7e-06,6.1e-05,1.5e-05,0.999908,4e-06
987d3f49dcfb6f19fc65e15b6c3bff0936c4d48d569c234d0691404ac1436714,nv,nv,0.997323,True,1,2e-06,2.5e-05,0.000801,0.000101,0.001714,0.997323,3.3e-05
988a3b12453ffb7cd0ff5d5d0e004025735dd8ba62194a57990219af832b44b6,bkl,nv,0.746415,False,1,0.028257,0.000935,0.181736,0.035381,0.001133,0.746415,0.006142
9894f86f511d8b11f551038f8899bbda3d7b7980a01e703708382e86688a83b7,bkl,bkl,0.996689,True,1,1e-06,1e-06,0.996689,1.8e-05,4.2e-05,0.003239,1e-05
989e7991a1e6887ba7407b17b552345953f65b496ddeb3c2760fd176003a05ca,nv,nv,0.961386,True,1,8.6e-05,0.000236,0.008002,0.000862,0.029373,0.961386,5.6e-05
98aa0597423af4bdc6366d230fb9b2d690e69cf8e4190cd0f6b7eec2755dfc05,bkl,bkl,0.726715,True,1,0.002433,0.000471,0.726715,0.004659,0.000391,0.265188,0.000143
98ad90986178b182f50f6f84a75752a060a05568c392dfaf5b129f236b8b842e,akiec,bcc,0.452327,False,1,0.090009,0.452327,0.04526,0.030463,0.000232,0.377488,0.004221
98b2af3ed3c6751863597ed30770d567c4b497424333b122aaa9777caccc1b85,mel,mel,0.979881,True,1,5e-06,1.1e-05,0.00141,0.000217,0.979881,0.015705,0.002771
98bd66bfd1b7fc5b6d5a6039cbd61f1aeb6660ac58cc205bbefa7696016bfdb9,bkl,bkl,0.740405,True,1,0.001657,0.000314,0.740405,0.014823,0.001194,0.241554,5.3e-05
98ce76aa689f9babfd27eb77184eda3fe71e39ab3fa249b1f8612296cee696b4,nv,bkl,0.976588,False,1,0.004594,0.000245,0.976588,0.00026,0.000603,0.017475,0.000235
98e3e3c2ee9f2c2a46052eecb07b7ff88faef56a3f325c4d3be9b91ae917c566,mel,mel,0.998514,True,1,0.000108,2.1e-05,0.000934,0.0,0.998514,0.000422,0.0
98ea70c673c2a31902e9f09df0920d12980fef5b20b18888b7e5060727b6967f,nv,nv,0.998305,True,1,0.0,0.0,1e-06,0.0,0.001692,0.998305,2e-06
98f2e9b6d23394a26e7a49c6e5d01399a77858819d519231420e13b1f6280554,mel,nv,0.997949,False,1,2e-06,0.000448,0.000761,2.6e-05,0.000812,0.997949,2e-06
990aad75f99c447ccbd981859aa14b282b43870e4227ca15c9432f9056de8aa1,mel,mel,0.45517,True,1,0.000558,0.006881,0.155075,0.00175,0.45517,0.281713,0.098852
99296536fe036597dd156bd01630c63bfb675945ce3e0781300e33516e265a0c,mel,nv,0.567321,False,1,0.000594,0.000525,0.007345,0.008922,0.409219,0.567321,0.006073
995e9dc358f1c382013d453e8d22ffc537ad1d3c556419428c87b6b53598e12c,nv,nv,0.998218,True,1,5.2e-05,0.000157,0.000145,0.000332,0.001069,0.998218,2.7e-05
997694f026464ffcc2f32f95e58863010f8664aba4efaab97ce16ba0ddf85465,bkl,bkl,0.515363,True,1,0.058401,0.011802,0.515363,0.00118,0.306546,0.106291,0.000416
999115ffbd2199ee91ee51dede101137df19d18f6799d1125d15ee0185ddff5d,nv,nv,0.999979,True,1,0.0,0.0,0.0,0.0,0.0,0.999979,2e-05
99c55e727daf12c873d108621709d1308f1bfb4999f85690dccdcc4293b441d2,nv,nv,0.999312,True,1,0.0,0.000458,5e-06,2.2e-05,0.000175,0.999312,2.9e-05
99cffab4cd331a079d56d1ddcafb0782bc3ea9d20d62478429fbe7b8eda49b97,mel,mel,0.969729,True,1,0.0,3e-06,1e-06,5.6e-05,0.969729,0.029987,0.000225
99e0310643cac41f3f5fe6527078fdf2b3fa0f03e262334f25c57e956c296c67,akiec,nv,0.401462,False,1,0.067752,0.013137,0.073682,0.235803,0.204364,0.401462,0.0038
99e8b280784df0e365694932d7ba72051e906218e6bebc901a992a77e99d2206,bcc,bcc,0.700708,True,1,0.00328,0.700708,0.135668,0.000833,0.01021,0.149002,0.000299
99f5392578e75b38ba3b841cb4f4706857758a8602038e14c6a1a6fa1595e7c6,nv,nv,0.88705,True,1,0.003668,0.000916,0.046926,0.001143,0.06007,0.88705,0.000226
9a11ca3c87eb9e32193a163ff0e6fcc7d7d96908a8dc5957b9c9405ede1d7dc9,nv,nv,0.991995,True,1,0.000165,9.5e-05,0.002341,7.9e-05,0.004959,0.991995,0.000366
9a1af1948acda3e2f636570eb60b23f4790cabaf02cd88d85a37d8de02d5d242,nv,nv,0.9179,True,1,0.000695,0.000137,0.080597,0.000179,0.000464,0.9179,2.8e-05
9a4436da09cb0709b2e6eac4e72bebec0774b486cf54b9ae66f3adf3adafef07,nv,nv,0.848381,True,1,0.024809,0.000534,0.025336,0.002399,0.078129,0.848381,0.020412
9a6c831039b2f64b29e724b899ffc894c4748de431ad8ece07f54ea16bd0e6b8,nv,nv,0.993939,True,1,3e-06,4.4e-05,0.000743,0.004283,0.000978,0.993939,1.1e-05
9a7f801d82ef57e76816e6464229345fcbfe6703c8ed9e00ee0d5d687f62c0b2,nv,nv,0.991716,True,1,0.0,3e-06,0.002794,5e-05,0.004802,0.991716,0.000636
9aab5a52b60c34d1937630ad3c9fc9350eebc1a9e1a5be76e721563b020b60ab,mel,nv,0.61849,False,1,2.2e-05,7.9e-05,0.000206,9.5e-05,0.381102,0.61849,5e-06
9acc0a9567f70cf78768c7d7cefd96ea630f301d89c5d91da79e8b23655abdd8,nv,nv,0.993805,True,1,4e-06,0.00025,2.8e-05,0.00017,0.005639,0.993805,0.000104
9acd3f1245e37972725952dc573c8b2e2ee18e349bbfb558051b4738e945dbb7,nv,nv,0.999487,True,1,0.0,0.0,0.0,0.0,0.000418,0.999487,9.4e-05
9ad7139a63a562b7bcb80b3be09a66a79909851c79297ee592b9f5d42befffe9,nv,nv,0.891875,True,1,2.9e-05,0.000205,0.001837,0.001513,0.104323,0.891875,0.000218
9ad768ce34b1c41098875bf393b6f1c2c99fb62f95cd27cf01fcaa7853200b59,nv,nv,0.999993,True,1,0.0,1e-06,0.0,0.0,0.0,0.999993,6e-06
9adddd4ded3a372291c287fb468c1aa506d7d4ad14989b17658874f1d8204661,nv,mel,0.575104,False,1,3e-05,5.8e-05,0.102479,3.6e-05,0.575104,0.322268,2.5e-05
9aed6a20fba5b91ac449ef72e91bdcd8e315dd18ddf15cdb6e09aefea5763153,bcc,bcc,0.980706,True,1,0.003707,0.980706,0.001969,0.00791,6.1e-05,0.005588,5.9e-05
9aedee443cd242ca81cfe208551a9fff206eb06b1e719a7a7e498c2c2c9b46f8,nv,nv,0.991454,True,1,0.0,0.000323,8.1e-05,2e-05,0.008059,0.991454,6.2e-05
9af5342bff9ef66eaed2f2770b10f326170388ab9230f376e9b59ee4bca8f290,akiec,bkl,0.697744,False,1,0.003713,0.007754,0.697744,0.052242,0.194881,0.042054,0.001611
9b08888ac619579a6ca7647b0c47c1ba29a50e2b0df57d9d78901beb58e6e22f,nv,nv,0.999347,True,1,3.7e-05,2e-05,1.4e-05,6.5e-05,0.000458,0.999347,5.8e-05
9b13ba8325573db7d152df40a61e28f5d884fd8701a9a086a8d8833552c2a24b,nv,mel,0.836005,False,1,2.1e-05,1.5e-05,0.000865,1.8e-05,0.836005,0.162116,0.000959
9b14caa758d18668a1082aa6da7e57b5dde5325376bafa10b66686b1398b90e6,nv,nv,0.885893,True,1,0.00598,0.004604,0.074555,0.025803,0.003094,0.885893,7.2e-05
9b5aa27b351324efd72c482928642ad1d3fbdfde82079f7fd69ef7efb709f139,mel,nv,0.894182,False,1,0.000489,0.051864,0.018529,0.001607,0.032652,0.894182,0.000678
9b6b5c2604a2566af1b09049044de9dc4b8c08d285c178a6c1452321b02a0ca4,nv,nv,0.999927,True,1,0.0,1.3e-05,1e-06,1e-06,0.0,0.999927,5.7e-05
9baf155ffd0a2762bdf424d11c02ea2f2bdb8a0dbc6fa203f5b5965189ffa610,bcc,nv,0.731155,False,1,0.013585,0.203104,0.040497,0.003247,0.004579,0.731155,0.003834
9bb7b09d5f041463100919ad16e2ddc1db34c12f4cd67704d8217b0f99d430f7,nv,nv,0.701815,True,1,0.000117,0.022103,0.002901,0.001159,0.270867,0.701815,0.001038
9bde9004c3a294c6072aa9c92c3185ef879cfb5096424dbe0b9192fd1de99a41,nv,nv,0.627824,True,1,0.019695,0.10045,0.034142,0.043087,0.153016,0.627824,0.021786
9bf329c7bb8a43d3f351496d478006dd2675944211afde7e879f7f456c029a9f,nv,nv,0.999852,True,1,0.0,0.0,7e-06,8.1e-05,4.8e-05,0.999852,1.2e-05
9c030118f5eb031edbcac2e7551f09899f53c6d0d7593c77413b6f3a8afef224,nv,nv,0.860365,True,1,0.000169,0.001708,0.003304,0.000848,0.133526,0.860365,7.9e-05
9c264afda25ae6732b87b1dcec156f02e355e53418e503ef6547142694a43d16,nv,nv,1.0,True,1,0.0,0.0,0.0,0.0,0.0,1.0,0.0
9c48557b17f77a8ffe6a35b57b3317ed5f267bab597706b4feaa38dff36d5eaf,nv,nv,0.999835,True,1,1e-06,0.0,0.0001,5e-06,4.7e-05,0.999835,1.1e-05
9c4fdb3a8b2b5862a5b3812ecc7d79a818bc6eb7f1ba40cec2ce71e53a8ca195,mel,bcc,0.792598,False,1,4e-05,0.792598,0.000263,0.000796,0.005452,0.200597,0.000253
9c6046c3318fce6acce718477ff7c7f3774397f2d91ea782fe61c340a5c09db9,mel,mel,0.505123,True,1,0.016437,0.025318,0.423545,0.006821,0.505123,0.02228,0.000477
9c7fe4ca71c5dd837cc5160e25423af0dbcc03f54909f7d3668c6a1691cfded4,bcc,bcc,0.409703,True,1,0.035549,0.409703,0.04696,0.381463,0.04569,0.07328,0.007356
9c842367cf14b45a51fa0f6a5858857a33f12a9b99b150ac0233dff32e2f9edd,nv,nv,0.99921,True,1,4e-06,1e-06,3e-06,8e-06,0.000772,0.99921,2e-06
9ca4e8d490d7963fffaabc10b24b3fc08de5d41276162f313316dfe8e1dd04a0,nv,nv,0.646847,True,1,0.005051,0.001634,0.340933,0.002214,0.003249,0.646847,7.2e-05
9ce107c1a299a4297d8545924fdd0aeb6944aeb6cda856b507225e43c5a52d4e,mel,nv,0.94374,False,1,0.001009,0.010653,0.020914,0.000581,0.017787,0.94374,0.005316
9cec280848713c9ef8297673323049ccfbbb13a59bb2c0b9615455e37d67aea1,bkl,nv,0.98943,False,1,9e-05,0.003876,0.002812,0.000249,0.003212,0.98943,0.000331
9d20c747cc4bd9df4f70b66d79ce9f5797c1aed50ad17bcd146113e2babb4226,mel,nv,0.995915,False,1,2.8e-05,0.000795,0.001635,0.000564,0.00103,0.995915,3.3e-05
9d333e7920cd79a1e68ee3eb791e0d2da5c69bc8bc6019a38e655aea5d165bce,mel,mel,0.541406,True,1,0.004761,0.001349,0.057433,0.295136,0.541406,0.099245,0.00067
9d39bd62042f8f180c41fcaf84078cd2c6c6f97f60e15596ca59a8e7cca2caa3,bkl,nv,0.828171,False,1,6.7e-05,0.000683,0.17023,0.000432,0.000409,0.828171,8e-06
9d42f4a4d57dfb76eef494bfac4363a71a84b8bfe64aac46d8fc64d347cacd43,bkl,nv,0.797899,False,1,0.029301,0.003117,0.070119,0.044664,0.052951,0.797899,0.001949
9d44bc9920e798b736a6461e5b30d0c297c7de0ce88dac94e5842091a5c0deda,bkl,bkl,0.937985,True,1,0.013148,0.006857,0.937985,0.001729,0.001406,0.035672,0.003203
9d4b316af41e0eb922e965cab8df351714831de3e491fbfe63e258dd4983ad24,nv,nv,0.833867,True,1,0.001622,0.007089,0.002181,0.002232,0.116013,0.833867,0.036995
9d4bdc9be21203a31235bc99a7e1b31ccb4529d09bff142f4791cd94074b214d,bcc,nv,0.780675,False,1,0.000422,0.191931,0.004667,0.00066,0.003916,0.780675,0.017729
9d54df75242e6a5f1078db08e7a8a9b339b2e9f5656867f91873b7588bb6891e,nv,nv,0.969237,True,1,1.7e-05,8.6e-05,0.001863,0.000345,0.02842,0.969237,3.1e-05
9d58af8d54ecc6ea0404bda86d23690b8944e9f717d6c0ed398f880dc088a9e4,bcc,akiec,0.955857,False,1,0.955857,0.015356,0.010593,0.001986,0.012056,0.004006,0.000145
9d8583860d47185fc14edf7a462d08028e72139b71ec59e2545d2d980420e5ef,nv,nv,0.90898,True,1,0.000297,0.074725,0.008204,0.000342,0.007371,0.90898,8.1e-05
9da002b8c36fd9248d5933cd6c1c58fbe19bd26eae6e7288c58ca8b85b86016c,nv,nv,0.918383,True,1,0.000414,0.002473,0.003278,0.000219,0.075131,0.918383,0.000103
9db0542898ace936d5c95959c3b1b6967fa62e011f8e3777232c6e8a7fda5142,mel,mel,0.888717,True,1,0.002201,0.000356,0.002532,4.9e-05,0.888717,0.001206,0.104938
9db7346abda568beaaa14ac540428215aca1797dfad21f8c90fe35e781168c7d,nv,nv,0.99791,True,1,2.8e-05,7e-06,0.000227,1.1e-05,0.001785,0.99791,3.2e-05
9dbb4f77b414878bd96ed16c5763e71bfb0e3b7079ffd5b1900831e841d7157b,nv,nv,0.982681,True,1,0.000861,0.000673,0.007888,0.006605,0.00121,0.982681,8.2e-05
9dcb62dc46fe8b71dcd936daf444dffdbcfc1e3b0ee843635ebd3462a780b21e,mel,nv,0.943025,False,1,0.000286,0.000735,0.044361,0.011179,0.000232,0.943025,0.000183
9de10651dcd62edf9b3380071200288b46c106ba62205e27e8d8717fc4be4a34,bkl,nv,0.788296,False,1,0.000589,0.000292,0.186107,0.000467,0.02423,0.788296,2e-05
9df1504a29577c09c95f21891ebbe72c8d06a7d4f8f83bd08feca62823b6c0a7,bcc,bkl,0.505252,False,1,0.101227,0.224897,0.505252,0.022824,0.001395,0.140504,0.0039
9e6740f655414029cf69a5ab0cef546716939f0b4a111476ae2613462a0c4363,mel,mel,0.98678,True,1,0.0,0.0,4.4e-05,9e-06,0.98678,0.011027,0.00214
9e888c2322c545158226196b9d54cc2928bd4dcfae74655202adf49b002b1dc7,mel,mel,0.995372,True,1,2.5e-05,3e-05,8.3e-05,6e-06,0.995372,0.004049,0.000434
9eb5cde67dd1ab1b4823c473ad1041f0507c959bbacefbf4fbcc9d9e29fbde9f,bcc,bcc,0.998821,True,1,6e-06,0.998821,2e-06,1e-06,2e-06,0.001161,7e-06
9ebe680f0174634bc862d34eb3865c7294044814fb2f8aef7db25e58865f4bb7,nv,nv,0.999999,True,1,0.0,0.0,0.0,0.0,0.0,0.999999,0.0
9ec2d1985060d678db186e3d76a595004ccae6bb2a4c5e0b6b723f881a1386e1,nv,nv,0.996282,True,1,4e-05,0.001285,0.000394,0.001141,0.000774,0.996282,8.3e-05
9ed96966944337b616f1b1f0869d940a0dab6a00e010870cffefe31dca1d6c3b,nv,nv,0.994792,True,1,6.4e-05,0.000225,0.003286,0.000288,0.001333,0.994792,1.2e-05
9edce15f3cd5f6c4c8e827c4e62902dbec59c256c20bb0fbac7febbe9036dfe6,nv,nv,0.999674,True,1,0.0,0.0,1e-06,4e-06,0.000307,0.999674,1.4e-05
9edd071951d1c82b9f420a9d42c6fd60c8a2ff45b27e84f47420ab60816ecd30,nv,nv,0.909898,True,1,0.011053,0.034124,0.029661,0.001696,6.4e-05,0.909898,0.013503
9eeea4f12b3e3cfa1159393972e0fb1f001b2b0e559bde85ca5eb4fbdfdf52cc,mel,mel,0.981077,True,1,6e-06,1.2e-05,0.000697,8e-06,0.981077,0.01816,4e-05
9f080280f2864ae8daa7c0be7312bdb8f40e4fa50a0be898730fc09f532c6b8b,mel,mel,0.854871,True,1,1.4e-05,0.000561,5.3e-05,0.000156,0.854871,0.143407,0.00094
9f111c3442b81cd978dd5db9a5032c7f68246daba0daa5bac4055ef20bc08ce7,mel,nv,0.521752,False,1,1.2e-05,5.5e-05,0.010029,0.002084,0.465416,0.521752,0.000652
9f1ebe4f1574237e9ccea7a48b72735857fca5608d9e49ba085d20967a655e06,nv,bkl,0.691217,False,1,0.096838,0.000662,0.691217,0.005024,0.050165,0.155816,0.000278
9f4d1b0327b1eb4bbf14dca5846ecc5144a440ee02b4fd83b44285c2b38e4e29,mel,bkl,0.856329,False,1,0.002529,0.00214,0.856329,0.10945,0.003259,0.026273,2e-05
9f6174fe3671eae96860234086ac7d9171edb809c250159146c94e06f006f52b,nv,nv,0.435947,True,1,0.024531,0.205035,0.004619,0.003261,0.326103,0.435947,0.000505
9f8bdabaf91cfd6656263aac3185babe49e7a31cfd98a043e1eecd68ca93e763,nv,nv,1.0,True,1,0.0,0.0,0.0,0.0,0.0,1.0,0.0
9fa2dd5ef0f2846263d87c2f5a7d7fc13fe41e9043b609cfcb87e65cd6d6d6b6,akiec,nv,0.631652,False,1,0.00018,0.000255,0.346292,0.003098,0.018275,0.631652,0.000247
9fa89000655757cc414ea5f031c8610a2e59ff7f445c51160cf984166b794f9a,nv,nv,0.976777,True,1,3e-05,4e-06,0.000648,5.4e-05,0.022345,0.976777,0.000142
9fc5d3f9871ec344e20405af9387531edad3a45f91ca9922a5607c2bca337f23,akiec,bcc,0.757665,False,1,0.053999,0.757665,0.002308,0.170121,0.000394,0.015268,0.000246
9fd7062d989e166bed820c811f19a1c585179def95a12355034c9420b6357c1e,nv,nv,0.977511,True,1,4e-06,1e-05,0.004359,0.006527,0.011577,0.977511,1.1e-05
9fd8a7bb195711655a2707ec99956c15fc95b1305a803aee287eda8bc3019b4e,nv,nv,0.99997,True,1,0.0,0.0,0.0,1e-06,2.9e-05,0.99997,0.0
9fdbcd488a185d84d9e9b0d159e00084ca3da5b6b50a198bd92ee0735bec1eb9,bkl,bkl,0.999715,True,1,8e-06,0.0,0.999715,3e-06,7.2e-05,0.000202,0.0
a0005228983f57e0c0ff05df83032009450366bbccd87ea943bfe09f980690c9,nv,nv,0.808917,True,1,0.004449,2e-05,0.161189,0.000203,0.025171,0.808917,5.1e-05
a07b21a5bb6e47d6333f5a1428f5c08f50903b5c7f7d890343b6375f4e720b5d,nv,mel,0.553058,False,1,0.113784,9.2e-05,0.1733,0.013229,0.553058,0.144307,0.002232
a0dde54d33e47930cec7ce7667d307b03cefb60aa81898c2dc1ad473cab9914c,nv,nv,0.899424,True,1,9.1e-05,9.2e-05,0.00411,5e-06,0.096207,0.899424,6.9e-05
a0f2b4b459586c74c47085c28de433a7cf05daf2dd9b0a7b39f067c92e814ff5,bkl,nv,0.651385,False,1,0.011084,0.015029,0.083476,0.003764,0.234754,0.651385,0.000508
a0f46df968ecfee9def99f8f0c2f0c076cc186ea27a80d0afba9e363dec04bc6,akiec,bkl,0.742252,False,1,0.001807,0.000935,0.742252,0.002268,6.3e-05,0.252031,0.000644
a1165222807aad3c54ec6189bdf7250209f1c72c965d3a0a5b224ddf4ecfc778,df,mel,0.435263,False,1,0.035273,0.017216,0.074706,0.252118,0.435263,0.173077,0.012348
a11698e6c9e74ee6775e260c66ee5c86f6b7d7910074a0524da3b8c198a123cf,nv,nv,0.99973,True,1,0.0,1e-06,0.0,1e-06,0.000235,0.99973,3.3e-05
a121cbfc8fdc7c9c822d175391d989c255f56d04d8ed80bf4daf3446d27b1372,nv,nv,0.731457,True,1,0.001405,0.004602,0.175958,0.001461,0.084131,0.731457,0.000987
a16a80e0b98a6c68ee5b5dc05f1b4fb9a0bcefe8bfe3116f0b9e235b947db83b,mel,mel,0.435751,True,1,0.000883,0.110098,0.000962,0.11298,0.435751,0.3375,0.001825
a191885c900c588bfec9e1490eec3b025aed9026655e46581748f0a4b42fa648,nv,nv,0.8634,True,1,0.000226,0.022669,0.017286,0.003552,0.092154,0.8634,0.000714
a1a6fb5e8c098ebcc435f6fbbd43e07396b2a44b342b1b31c68c1b374d42dc79,nv,nv,0.674777,True,1,0.001319,0.000527,0.038964,0.003967,0.28039,0.674777,5.6e-05
a1dd21c7a7196cd3e6a8f0b3b114c026fde9366049c9630f447eb8f574d360dd,akiec,nv,0.61554,False,1,0.044905,0.027961,0.308066,0.00168,0.00016,0.61554,0.001687
a1edd88e92005528a694a06d5f55437a811a81516c5aa30ab4ae07aeefaa54bf,nv,nv,0.943991,True,1,0.001221,0.000137,0.001311,6.2e-05,0.053038,0.943991,0.00024
a201c45d32cd35002e338a25b6234f0ea1507b18410419c04739f28b794cc278,mel,bcc,0.837948,False,1,0.005535,0.837948,0.027171,0.002445,0.064418,0.061878,0.000606
a22dc3dbdec72f72e093a335557a8503021ee86371f167d1755b3ef8809d1fcc,nv,nv,0.970292,True,1,0.000148,0.000999,0.000247,7.1e-05,0.028229,0.970292,1.4e-05
a24486aed9fcafef1bfc1f4871936f71f2e4088fa73e35bc425ed0d125d0e6ac,bkl,nv,0.803107,False,1,0.000179,0.002027,0.161075,0.00713,0.026393,0.803107,9e-05
a2648f7c5e7b28594dd6018e3c4629d7d773c4a2a16333fef81b7aae9e3172ac,bkl,nv,0.580785,False,1,0.007255,0.005648,0.39144,0.013825,0.000124,0.580785,0.000923
a277690b4a0a218ec247b493229e0f126d2e474910254f99849200a3f00ab586,nv,nv,0.603036,True,1,4e-06,0.00203,0.000104,3.9e-05,0.394667,0.603036,0.000119
a27c7fedfcb2e18015608494dcfdbe3c78668f303f36b8ddbb2672a877cf0d30,mel,mel,0.843631,True,1,0.000449,0.001999,0.005312,0.000751,0.843631,0.127888,0.019969
a2a5a6ef734c311b36854868471d286b3089819e488455db1a167fbc57a4735f,bcc,bcc,0.895579,True,1,0.004738,0.895579,0.001459,0.002049,0.002532,0.09359,5.2e-05
a2ac4112a456ae286d2d5e3697ba6a3dffabd1c10a55a6e809a4f0c798b17b5a,nv,nv,0.859331,True,1,0.000259,0.008737,0.00193,0.0719,0.057567,0.859331,0.000276
a2f8a1ac38d8cb79b85a70cb6217f47b1aac89443b2a53f4344b7bfc5afc4c8f,nv,nv,0.9993,True,1,0.0,1e-06,6.7e-05,2.8e-05,0.000333,0.9993,0.000272
a302e905e5504404a60825d8dc68adc99ac867c798de7fb027500cd4370c77d2,nv,nv,0.999503,True,1,0.0,1e-06,1e-06,1e-06,0.000477,0.999503,1.6e-05
a36fa4bfb401a8c2d2c00f1129ea63fc1efebfc657798e8ca8993866ba4ca8c9,nv,nv,0.998417,True,1,0.0,2.1e-05,0.001098,0.000109,0.000332,0.998417,2.5e-05
a37fa538fb74dbd8becb354551e5268b02e828e09f6b4736891f555d71324f0a,mel,bkl,0.891299,False,1,0.016525,6.6e-05,0.891299,0.003218,0.067678,0.021113,0.000101
a38a3dcdc303eefd15e1076e33a208c874eb00b35b33d0c65856379f5c541e9c,nv,nv,0.98441,True,1,3e-06,4.9e-05,0.000176,1.9e-05,0.01529,0.98441,5.3e-05
a390b23431e5bea402fa9750ede232e216471eb4921d5f8f9138168a9fa471f7,mel,nv,0.462163,False,1,0.001804,0.002641,0.109171,0.004455,0.419508,0.462163,0.000258
a39549d9581669623641b75c6b778ecf5453a863de9d5871c26e911633e98cab,nv,nv,0.74568,True,1,1.3e-05,0.000346,0.000468,1.5e-05,0.253285,0.74568,0.000194
a3a0199461716a7eabd405ce56d89138fb0469d312634f26a689edab964ef52b,bkl,bkl,0.481552,True,1,0.00021,0.001332,0.481552,0.004152,0.112178,0.400278,0.000298
a3f23151cafad56129dd3f9ca8820564d666240e8519aec7a3e54350dc065f00,nv,nv,1.0,True,1,0.0,0.0,0.0,0.0,0.0,1.0,0.0
a3f8921667603b7131843fb3e34d66ec97e4b3c6f0653aac4a16ba39932d19ed,nv,bcc,0.702569,False,1,0.041041,0.702569,0.001459,0.01623,0.051632,0.186711,0.000358
a3f9772661479c6ac0526743854f3f3237e5c4fe1f6bcb00ad7b1a65fce0e81f,bcc,bcc,0.991479,True,1,0.0,0.991479,1e-06,0.0,3.3e-05,0.008473,1.4e-05
a3fa1c9145b4b2b129c1ea403aaeef4a666106aa9d2c6986eb982094a5c875d4,mel,mel,0.996169,True,1,0.0,0.0,1e-06,0.0,0.996169,0.000258,0.003572
a42fdc18a11249711203ce6993ba4fd399fb77b03db1c766d271e59bfe272ddd,nv,nv,0.997683,True,1,1e-06,6e-06,1.2e-05,4e-06,0.002287,0.997683,7e-06
a4691da1035852b75fe975c6c0aed666a0df4eec67d46b7f368cfa3eaa6ad15b,nv,nv,0.592783,True,1,0.002503,0.001623,0.087992,0.252428,0.061921,0.592783,0.000749
a46acc1fb6cbcb9579e6128b1ad1223cdf2b4062b534c51ca86ba9dd8f3566be,nv,mel,0.738896,False,1,0.001103,0.002555,0.082395,0.000724,0.738896,0.168449,0.005878
a488176d445db07f1fa6027ded5453cdf7fa9c207bc497bc855d76b99d0b2191,bkl,bkl,0.904942,True,1,1.2e-05,7.1e-05,0.904942,4e-06,0.000754,0.094177,3.9e-05
a494eab2d48e67924a452dc361d43d41e8677e810695d2980000f801c6ab6c07,nv,nv,0.982706,True,1,0.000117,0.000735,0.012362,0.002307,0.001204,0.982706,0.000569
a4c297b0d537d46d8d1d79c4adbf2704eb48f52b43522b0618c2974b4f03fe27,nv,nv,0.979582,True,1,0.0,4e-06,1.2e-05,1.2e-05,0.020382,0.979582,8e-06
a4e4feb99772cf8d0be9ee96e52f22fc2da9f14298b653905fe91ebf8b16bae4,bkl,nv,0.471109,False,1,0.096108,0.225907,0.064433,0.140256,0.001615,0.471109,0.000573
a4f2a3ae58a838bf1151b3a03c13023ae59a9766668ca2a56064ba610329838f,nv,nv,0.830859,True,1,0.00057,0.02469,0.021337,0.00082,0.121336,0.830859,0.000387
a4fca640a175845abe9ebf4c90bf517dc5a53663a4e08ea1e3f702e666336b77,nv,nv,0.999969,True,1,2e-06,0.0,1e-06,0.0,2.4e-05,0.999969,4e-06
a512c615008a5a23a30a3adfb0cd30edf695e968405ca201141b8edd343403b7,nv,nv,0.987385,True,1,4e-06,0.000161,0.000154,0.001241,0.011027,0.987385,2.8e-05
a5169152be23cd738c015dffb33407813817784df090c198be2562e1d77589ad,nv,nv,0.722622,True,1,0.000232,8.6e-05,0.011886,0.000508,0.263368,0.722622,0.001297
a53759c08aeadb54e18ec2c2e2d9ca9f3dd63ba021f71204bdbf58837775a7bf,bkl,bkl,0.8993,True,1,0.004041,0.00052,0.8993,0.011751,0.00066,0.083708,2e-05
a553e1c628381f5a50695b7f7f11f9866be1f4cfbccb90c94c50429e078a95df,bkl,akiec,0.452627,False,1,0.452627,0.031494,0.350976,0.066585,0.00037,0.097382,0.000567
a5701ecef98aa5545b274ed3e26ac2911f782a0c296dba7abb944cfd5f7c6104,nv,nv,0.999629,True,1,0.0,0.0,2e-06,0.0,0.000356,0.999629,1.2e-05
a5f8af73ab459b667ac0d9ea7dce28b819b6f9d4af41257ab28e0686a94ba36c,nv,nv,0.999953,True,1,0.0,4e-06,2e-06,5e-06,1.1e-05,0.999953,2.4e-05
a6194ec8a6e2414b8f73de41a1ba56645d6d9ba6cfb0640a15e8f372d16c6b52,nv,vasc,0.729936,False,1,6e-06,0.017695,8.4e-05,7.4e-05,0.129572,0.122634,0.729936
a6602c682d87e9a78728666e716992c5d63202ef1d127d7803037ed79b6ccda5,nv,nv,0.989528,True,1,4e-06,2.9e-05,7.1e-05,6.5e-05,0.010302,0.989528,1e-06
a684eee4758669a8e0647fe75ee96b38c306a5c263d3592635650fe5ea1d8311,mel,mel,0.998384,True,1,0.000263,1.2e-05,0.000195,5e-06,0.998384,0.000676,0.000465
a6d13c68e5be51b2a0879f16d73448295027648f584c635d5bacbe58431e657e,nv,nv,0.999972,True,1,0.0,0.0,0.0,0.0,2.5e-05,0.999972,3e-06
a71fe6fbc549631e44b6329f4865b181571d275a0903359866f915cd1112b50e,nv,nv,0.999558,True,1,2e-06,2e-06,0.000379,1.2e-05,3e-05,0.999558,1.8e-05
a77430a953ace005c771b0ce283574fcc5f652020454020ce1e22c0eeac5bd94,nv,nv,0.834795,True,1,8.4e-05,8.4e-05,0.000189,0.000485,0.164334,0.834795,3e-05
a77c294292388c5a27273da2c24a75f66d559302e28433707402b8f5e9d4148c,nv,nv,0.999902,True,1,0.0,0.0,1e-06,5e-06,8.5e-05,0.999902,6e-06
a7a8ddf838d1cd554b9819223b9c5b2837d8c11397dd2bf8492a311e5a24a32c,nv,nv,0.90947,True,1,4e-06,0.000269,0.000375,0.000133,0.089081,0.90947,0.000668
a7af7bfd1ccc081d7ddfe4f533f5c7f56416c481b7e0e48e9c794c8d3adc70fb,mel,mel,0.869242,True,1,0.023794,0.001111,0.070269,9e-06,0.869242,0.035411,0.000165
a7c4398ca844dfbf8bed7018fa726fe222f5e0cbedc06a90887efef81634b4b9,bcc,nv,0.52909,False,1,0.007337,0.004496,0.427425,0.021548,0.007232,0.52909,0.002871
a7de383020de43e64614d04b5e0435babb6bf4b0cff2993eb8ee1ee4dd308ac1,bcc,bcc,0.868876,True,1,0.001004,0.868876,0.000897,0.001061,0.000274,0.037768,0.09012
a80e78e675e1ca55358c6359e27c18e1141a67eb124021f14e0bed43204cb1b2,nv,nv,0.999995,True,1,0.0,0.0,0.0,0.0,0.0,0.999995,5e-06
a81b03e3f1aeed4910129ec14e83487d5710cb3d7daaed5c3813ec4d63019ed4,nv,nv,0.999611,True,1,4e-06,2e-06,8.7e-05,1.4e-05,0.000246,0.999611,3.6e-05
a856ca781feca2aac1fcbe3b586e9bad43f1891950abf2bfa077a31b17a58942,bkl,nv,0.912071,False,1,8.9e-05,0.022481,0.062395,0.000648,0.002248,0.912071,6.7e-05
a859add4336fdceaac58e6b3e243b40e86dac0808897f024831d0285c790f20d,nv,nv,0.99058,True,1,0.001068,1e-06,5.4e-05,4e-06,0.00809,0.99058,0.000203
a898448a26dadf4cff947addc03596b299a3aa9c0fcddaf2527c9fcd0dab8ccc,nv,nv,1.0,True,1,0.0,0.0,0.0,0.0,0.0,1.0,0.0
a8a516eef65f1e541d868b641bcf8d88026d6a84671fddf94d188be33d661ea4,nv,nv,0.999713,True,1,2e-06,2e-06,2.6e-05,3e-06,8e-06,0.999713,0.000246
a8b75b205bb9887a0741fd66bce733b01c6a44e3dfedce5ba936c5c0099571e2,nv,mel,0.536402,False,1,0.000202,0.000774,0.001507,0.000252,0.536402,0.460603,0.000261
a8caccde14b6f8b33869cc2fd52b0952b635606ddec352286d50f7839a0b55ba,nv,nv,0.999896,True,1,0.0,0.0,0.0,0.0,0.000104,0.999896,0.0
a8d29ac677fb07fca206ea5f9521328f886046cb09c94e7b3b0af37f632c4a1f,nv,nv,0.739914,True,1,0.000456,0.000975,0.238865,0.00265,0.017031,0.739914,0.000111
a8db311c7084a5650850b4b27a1c9e35acfca7a30f8febea39dfe85f5060d411,bkl,nv,0.379318,False,1,0.000699,0.184623,0.165378,0.024868,0.242946,0.379318,0.002168
a8df281d51bacd1e2be468c152af92309d23dba0e467cb63bf04c0d6ce166139,mel,df,0.418322,False,1,0.002019,0.272633,0.006622,0.418322,0.212242,0.08627,0.00189
a905a4a7337999f31f73cd59659bcd1312a961acea33fc025490b02aabbb3f5c,bkl,nv,0.377623,False,1,0.018924,0.213864,0.038675,0.188381,0.111088,0.377623,0.051444
a93091e1aa9aa38d8795ea3eb5200b266f409e43ab94f25a86cc5e27b81d829c,bkl,bkl,0.974407,True,1,9.6e-05,0.006985,0.974407,9.1e-05,0.002597,0.01581,1.3e-05
a931928c8aee8b9eea818737897fe4f42cf8106502a51cbd0a220a1a8ecd3f4b,nv,nv,0.960928,True,1,0.000197,6.9e-05,0.02954,0.001277,0.007845,0.960928,0.000143
a952c8039610e2a01d2cc85ae87f5947cb01ec7724054a61bbe0f9382aa8ce11,mel,nv,0.996442,False,1,9e-06,6e-05,0.000418,4.7e-05,0.003021,0.996442,3e-06
a968f489785b787e35564590a54118aad3d0a414391ed3be2f73088c4d3e9293,bcc,bcc,0.971833,True,1,0.00405,0.971833,0.014976,0.000125,0.002038,0.006532,0.000448
a9758ce9698981199609670ce8c7f28ae36df41b1f093f67552309e55065c4e3,mel,bkl,0.425417,False,1,0.188761,0.017521,0.425417,0.125827,0.129481,0.106697,0.006296
a9a5a429aaf14a9344b0de8a6bc2ec6d16810708415f537b97a6aa2ff6ecf932,df,df,1.0,True,1,0.0,0.0,0.0,1.0,0.0,0.0,0.0
a9bd5c018a7daf4e226354a5eb21c24ec6e276a37185df23b4583d6fff1cd22d,nv,nv,0.974451,True,1,4e-06,6e-06,0.00041,1.4e-05,0.025059,0.974451,5.7e-05
a9c408ec8930f8df36b104e4b283789e54edfcb4977e1f67ab4fcf68917d8f64,nv,bkl,0.575814,False,1,0.177649,0.008222,0.575814,0.003207,0.026594,0.205761,0.002753
a9ce7072e8fd8e3d98c5a5013a81341c9d7b4270dc1206aa9cf7313ef8767820,nv,nv,0.999772,True,1,0.0,1e-06,6e-06,1.5e-05,0.000198,0.999772,8e-06
a9d8fd8028789477619451455f50b817d3871d7cf95f38f28fbfc4644ca52026,nv,nv,0.8214,True,1,0.001043,0.126342,0.003577,0.003698,0.043777,0.8214,0.000163
a9f47a9f1d4c541163eb85cb76ccefa295982a7f5f0fe0090de1c07ddcf9468d,mel,nv,0.834875,False,1,8.3e-05,0.001678,0.150213,7e-06,0.013113,0.834875,3.1e-05
aa398661cc8ab02e6164bc149e642ae77a9880683ed6f28dadfaecda9db09b97,mel,mel,0.780064,True,1,0.002652,0.000386,0.088795,0.000466,0.780064,0.127375,0.000262
aa3bfe0fa94d1ed56ecc92eefa40839d435ce4fe6cc326b6e72adae779d8f5ae,mel,nv,0.414478,False,1,3.6e-05,0.33975,0.000249,0.001294,0.242348,0.414478,0.001845
aa42164260f972dd9e32709bbd19841247b00dbe62513c895d8923f4ec65d818,mel,bkl,0.730784,False,1,0.011138,0.000928,0.730784,0.000734,0.165671,0.090629,0.000116
aa496e032226f311bdcebe03858ed7959c0de492befadb8ede0b519e9d48f440,mel,nv,0.98743,False,1,5.1e-05,1.8e-05,0.009543,0.000173,0.002662,0.98743,0.000122
aa70c14d3db3221a360d3ca6a80bf4c3a13cfc5292a8a29be05f6bc841f80a4b,bcc,bcc,0.795014,True,1,0.000177,0.795014,0.022929,0.000546,0.006177,0.174816,0.00034
aa7b0a4be379a731fc473aecf0dfc33d0e482dd53a219ff83ff2483785d6b23d,nv,nv,0.995886,True,1,1e-06,1.4e-05,0.00023,2.5e-05,0.003833,0.995886,1.2e-05
aa8f28fa262831ef69ab5c27642bcbb52da4368bc694ff99d0a6004b8e50425a,nv,nv,0.982366,True,1,1.3e-05,0.000572,0.016601,2.9e-05,0.000416,0.982366,4e-06
aaa68e08b99b50e7cf50a15f2ffc9a58ab7cc9b9125d652618e2dd0de3763636,bcc,nv,0.713016,False,1,0.010183,0.015136,0.107876,0.127618,0.025844,0.713016,0.000326
aab197fb359e4a8771107e87a4e6fb746323efa7e97d44f7968502771a147da5,mel,nv,0.917104,False,1,0.004223,0.010599,0.062392,0.004816,0.000558,0.917104,0.000308
ab1d1a752310f5f69d3bf52b3823e73aa125c6077fba063d6819913d8d1b1c99,nv,nv,0.987393,True,1,7e-05,6.1e-05,0.000445,0.001197,0.010825,0.987393,1e-05
ab22d1af5cc44afd114c0b3ea74a887faa4d1d991a45ad0984ce5b9212c51a4d,nv,nv,0.994245,True,1,3.7e-05,0.000354,0.003864,0.0001,0.001385,0.994245,1.6e-05
ab3e5f6258dc814f8a66e72f6fc924ab718ec3aa5fa450c4b21ea4e5e106f6aa,bkl,nv,0.958211,False,1,2e-06,0.000318,0.006174,0.000151,0.034966,0.958211,0.000179
ab56c6b869e66bb02cea8057ec362640df3b51ced75a656802e10d07dc9d1feb,nv,nv,0.990907,True,1,6.6e-05,0.001558,0.003684,0.002388,0.001363,0.990907,3.3e-05
ab5a274775388656041f8b47fa1c55ff1375bf9e4b9d5db832cb56a90ccefbeb,nv,nv,0.986497,True,1,0.0,2e-06,9e-06,8e-06,0.013441,0.986497,4.3e-05
ab5a7a454890e88aabe3d2768aa840cb53b1a1133289272b97a2cf1c9c067f5a,nv,nv,0.808988,True,1,0.000259,0.012938,0.014292,0.001216,0.160805,0.808988,0.001503
ab5a90cb2d37c9a4e920e9ff2cf4734916f3a6cb615134b7d0416c79268ec36d,nv,nv,0.999937,True,1,6e-06,3e-06,3.4e-05,4e-06,5e-06,0.999937,1.2e-05
ab7bb02f01c5c33f834628330f8349b2ffe91c9b108ce95cea73f456ce86e56d,nv,nv,1.0,True,1,0.0,0.0,0.0,0.0,0.0,1.0,0.0
aba465ac08c18f6ae3e0a7687d2479a4ab7f0714ffa572816801c4112c2d20c6,nv,nv,0.535234,True,1,0.000122,0.000383,0.000674,0.000164,0.463047,0.535234,0.000376
aba62e708a4ae1ed063a4a431c10493fd4e0fa7181b1889c4f606d89cbafb9b8,akiec,nv,0.691506,False,1,3.1e-05,1.9e-05,0.305787,0.001897,0.000366,0.691506,0.000395
abd01252d1246ce5db103f994e1a5b5a5f6f91e5a17c20dba457add6b06e453d,mel,akiec,0.839021,False,1,0.839021,0.009659,0.124068,0.000183,0.023286,0.003013,0.000769
abd75865505b90bc21ea6e06bd3f59a3d7f5b23f9ca2b4a4a64d9d615309d4ec,nv,nv,0.999579,True,1,0.0,1.1e-05,1.6e-05,2e-06,0.000388,0.999579,3e-06
abe8fe7d3f871e1165364be05f83762ddfbcb0d267735d053290e707ac5cd75c,nv,nv,0.948468,True,1,0.000415,0.002759,0.000433,7e-05,0.047547,0.948468,0.000308
abf694b997081b8452c9b6055c293ec496d4ded119a3ecbbb151fe39acec8cfd,nv,nv,0.997546,True,1,2.7e-05,3.9e-05,1.5e-05,0.000126,0.002208,0.997546,4e-05
abf71a1a8a5dd1317d22004e0c1c651e0ff7d6070c8bcae8c08d982b461a1f66,nv,nv,0.998166,True,1,0.0,0.0,1.5e-05,1e-06,0.001724,0.998166,9.4e-05
abf7d94e0fd1413b52312a85b83fe18257baffb6c645a053a62fa95d9b1f8911,nv,nv,0.68553,True,1,0.001254,0.027615,8.1e-05,0.010272,0.27468,0.68553,0.000567
ac0a1bb1ce6be8c3052e525de2cb1d0cb26489a3896cda5878a8a80ba0cbcf24,akiec,bkl,0.377428,False,1,0.210441,0.131367,0.377428,0.029661,0.085798,0.163937,0.001369
ac150f5727d2210964e95f4f8ce8e0f34281cc405a9b84903436eab8f907d0ed,nv,nv,0.960875,True,1,6e-06,3.3e-05,1e-05,4.2e-05,0.03903,0.960875,4e-06
ac19ba4fd2a92739a2921dccc10b1a0837b0be5571bb1e95204a019a96d6cacc,bcc,bcc,0.985347,True,1,0.002376,0.985347,0.001174,0.004193,0.000493,0.00622,0.000197
ac57a48ccf2b513076b8aa3de9be51164ea378eaa14479ec9dc9839da3c3bd04,vasc,vasc,0.999997,True,1,0.0,0.0,0.0,0.0,0.0,3e-06,0.999997
ac68e1ce2194f5e93d5a8f44c47a6ad19462eabbc86bc785bee9e7e8e2d98ef6,bcc,bcc,0.98616,True,1,0.0005,0.98616,0.001784,0.001167,0.001,0.00926,0.000129
ac69c9e4716958388e2cd401bbb066c213ecaf04a1753d476b2456c4e4342853,bcc,bkl,0.523234,False,1,0.020052,0.089151,0.523234,0.149863,0.007849,0.209311,0.00054
ac712df2f95b344bc1782b28e91ebcd35c7b65b7d1b73236aaf05fd5f6498f60,nv,nv,0.844434,True,1,1.4e-05,0.000302,4.8e-05,1.6e-05,0.155179,0.844434,7e-06
ac7417e2c82e48b966a6119c295a03468e6d6bb28dc0f8a9fb47c4e6b8a6c0d3,nv,nv,0.966999,True,1,0.00026,0.000319,0.00539,0.000172,0.026292,0.966999,0.00057
aca0515853650d01c7abfc92ea72f81d2fb95d2abf6afc62b7010bbf6396f1db,nv,nv,0.967377,True,1,4.8e-05,0.00015,0.006794,0.000139,0.025406,0.967377,8.5e-05
acfc5ef97af4ac9ab4440070476bab6fe2e1fed5ab0d721ff74b2c5acab716d5,bcc,nv,0.942046,False,1,0.000454,0.00644,0.048668,0.002237,0.000137,0.942046,1.7e-05
acfc86e0d2c228e5d5ad5746b8414ec49571574eff0cba731ae9714e862bf054,akiec,bkl,0.902299,False,1,0.00408,0.000934,0.902299,0.009862,4e-05,0.08058,0.002204
ad0dd4bb9e5e9fd6fc1daa2f387e12cd5bada643954aa00e45cc6a389db707e0,nv,nv,0.9923,True,1,8e-06,0.002204,0.000498,0.00021,0.004763,0.9923,1.7e-05
ad2db684499903b78900d214a8813bf1c8d9e5059b0ecbff82516670c60e940c,bcc,mel,0.599681,False,1,0.001148,0.084075,0.024362,0.002105,0.599681,0.250307,0.038323
ad3ab550ba49f9ebb833afcc4519787767f38f67e717bbbba61f48b1d0281083,nv,nv,0.986581,True,1,1.9e-05,0.000651,0.011285,0.000333,0.000548,0.986581,0.000583
ad4602e926f11ffef10ed4c9fe22de4d46338e310b0c7a27ba64c1e2cb88ea14,bcc,bcc,0.996609,True,1,0.000254,0.996609,8.2e-05,8.6e-05,0.002079,0.000516,0.000374
ad559e70217fbabb28540580077f1a6b1aa82001722f97feb5e833f09016b8c1,bcc,nv,0.549659,False,1,0.188523,0.020579,0.106499,0.091397,0.036824,0.549659,0.006518
ad6ee6196a2d48bdad1c733290a7587f6d0c45110294b581c4e2c555051188b3,bkl,nv,0.677151,False,1,0.001165,0.028953,0.019132,0.208772,0.06392,0.677151,0.000908
ad8a04a424ba90680b76d3247b237fec623c694c0e0b4e14144e6fa4690946e2,mel,nv,0.740875,False,1,0.02746,0.00139,0.001318,0.001445,0.227022,0.740875,0.000489
ada45b713c423a4a6e36ea7cc5c42943571c133debeaa77b13aebcddabfd8551,nv,bkl,0.453969,False,1,0.063717,0.010017,0.453969,0.072723,0.009756,0.387807,0.002011
addb21ec291272aded5f4946a389a6b287faaf673b4601fe6ce1aa79b4c276c2,nv,nv,0.999772,True,1,0.0,0.0,0.0,0.0,0.000227,0.999772,0.0
adeadea84f4cf23731ded381a6e0d79cc0a456d670dd0500f8528cf2aaa4acbf,nv,nv,0.983425,True,1,5e-06,2e-05,5.6e-05,0.000495,0.015645,0.983425,0.000355
adf525e7cc1abbef84e6e4838ee83b22a707c3dd40bf3856b39e861c78a483aa,nv,nv,0.968367,True,1,0.000977,0.005815,0.015442,0.001338,1e-06,0.968367,0.00806
adf6bee0d84d92ed6574ec97ae15649769dc9fa0db44df30f6b3d8e656b60c20,mel,bkl,0.540349,False,1,0.363302,0.011328,0.540349,0.001389,0.077757,0.005355,0.00052
adfc958cf14dc676f408519b297b30759d5c11e82001618c3c57f0bdb5d3d123,nv,nv,0.999442,True,1,0.0,7e-06,1e-06,1e-06,0.000543,0.999442,7e-06
ae09f5b93e7fe9051518edfb5c6ad4a081a13bf358667eebe9f4fca04720c02e,mel,akiec,0.422839,False,1,0.422839,0.00042,0.279265,0.004183,0.137224,0.154891,0.001178
ae335b8c1dd20b971d14bd52fedfec7659cbaf829c4b3bad4a6667b0a8b9f0c6,bcc,df,0.516347,False,1,0.060918,0.10795,0.109844,0.516347,0.050987,0.145792,0.008161
ae38c7c6052b5385d87391af15ff4dddc81e871595278235f59ac20c21244870,nv,nv,0.73603,True,1,0.005685,9e-06,0.004505,0.146625,0.106777,0.73603,0.000369
ae44fe94c06047736aea55ae06163524fe7fb7278525b72b063ed63c4957eef3,nv,nv,0.51226,True,1,4.9e-05,0.000616,4.9e-05,4.3e-05,0.486849,0.51226,0.000134
ae4e1f74d34834761522755b470216380bbdff7a051bc32c8835ad81f4a683cb,bcc,nv,0.85062,False,1,0.007055,0.019839,0.09961,0.020156,0.001413,0.85062,0.001306
ae6523a0b9ea86555c3da94618c0d1739443cc18fe9699fcd691e91a252ba6df,nv,nv,0.982752,True,1,2.4e-05,0.006777,0.009585,0.000124,0.000684,0.982752,5.4e-05
ae7ea4467f8f0dea7e0a4e1a60d315fd3cf94944df4fe50427049fc44f2a4fc8,nv,nv,0.985361,True,1,0.006348,0.000204,0.003514,0.000217,0.004338,0.985361,1.7e-05
aea71f38cf5a38f4775a4d5aa73956ed0ae91dbe00a2a84bfff8ce22a97f32d8,nv,nv,0.902789,True,1,0.002894,0.009522,0.077254,0.001803,0.005586,0.902789,0.000152
aecf303f13a427501249eb59515affaf6103b40c8e3bca22bde9595042cf0c23,mel,df,0.993379,False,1,2e-05,1.4e-05,0.005114,0.993379,0.000754,0.000705,1.4e-05
aed037ed2cf8f55ba8d2ae372734e682f9ce50fd12103e662b97ea7b128add28,nv,akiec,0.859917,False,1,0.859917,0.000495,0.087931,0.002949,0.015624,0.032869,0.000215
aeeebcd88309504e8394d2338cc29e3c31beb3ebe18d42d1e2a457e2ba8f2cee,nv,nv,0.784177,True,1,0.011793,0.081245,0.086342,0.033942,0.000267,0.784177,0.002233
aef63e26d5314cd26817dc4faf01cd30f69441f22f06c3ed1cf0a58dbd1f7012,nv,nv,0.999796,True,1,1e-06,4.4e-05,2.4e-05,1.4e-05,0.000103,0.999796,1.8e-05
af1b0995f01014eabe2e32f4712e9678e4609936c9ef50970b6d799a62bd6175,nv,nv,0.996628,True,1,1e-06,0.0,7.1e-05,1e-06,0.003236,0.996628,6.2e-05
af37c8c056d6739c7e3078f8a2ed7d8f066badebf04844c9a109264b90ce9bc6,mel,nv,0.975313,False,1,2e-06,0.00983,0.000355,5.5e-05,0.014437,0.975313,8e-06
af38e0b44c58f06568f5959cd553634fcd47b8194f5344a551a430a6de3fa062,nv,nv,0.929913,True,1,0.000706,0.002943,0.061798,0.000675,0.003922,0.929913,4.4e-05
af436c8552bd3c2fe003e90956412cb13089f641bf678e75990ad8d754703ca3,vasc,vasc,0.999989,True,1,0.0,0.0,0.0,0.0,7e-06,4e-06,0.999989
af6a4cd13361e56c0f953dbb1bb32e8f868b705cdbba56b01b4ee6c404840778,nv,nv,0.999783,True,1,1e-06,1.6e-05,1.5e-05,1.7e-05,1e-05,0.999783,0.000159
af6b49f4870fba2693541e4556382be403e4b27e2f9e18aaea70e5e57eebfdde,nv,nv,0.98887,True,1,7e-06,0.001479,0.000712,0.000671,0.007968,0.98887,0.000294
af818c84fc5e893bf3213d271198d2f247b6351cc9705816d5c6a8e0be4c82c6,nv,nv,0.944156,True,1,0.000145,0.001833,0.035834,0.001066,0.016929,0.944156,3.7e-05
af8465bcb36d31f6c1d887c6bb6043c04d213afd0ebc60a05a9ea8694da034a1,nv,nv,0.999999,True,1,0.0,0.0,1e-06,0.0,0.0,0.999999,0.0
af8f197a2934327e66552e01989c325ff6116460a72a39fe654b3f495e976a4e,akiec,akiec,0.692375,True,1,0.692375,0.005501,0.022177,0.033477,0.015753,0.22572,0.004997
af9d03872da5c1ccdc0ddd69043d4744b7e1a560bcb22aa82be409714b2538dc,mel,bkl,0.599901,False,1,0.017577,0.005807,0.599901,0.07867,0.190957,0.106988,0.0001
af9d33bc1e6e8bd27073a70f962d56e1f6891305f0eaf366fb9fb0b6eef3cc3d,nv,mel,0.836806,False,1,0.000252,0.004755,0.006646,0.00023,0.836806,0.14994,0.001372
afc93a57e43b036fcc233336a8c77ab1c6312daeffe97b19401c61d11734771f,nv,nv,0.868263,True,1,7.4e-05,0.001318,5.9e-05,0.001231,0.128925,0.868263,0.00013
afe70cf32fa5d2879763255df27ac22505d70067d264acb858d7096025ab7f0d,nv,nv,0.999729,True,1,0.0,0.0,0.0,1e-06,0.000262,0.999729,7e-06
afe980e992d75357620bbff6c366c6bda512393381b76456ea67c1fcf406513b,mel,nv,0.381208,False,1,0.001481,0.005743,0.258703,0.179173,0.158972,0.381208,0.01472
aff1fc53affa24d3ce4f88003b8d43b90eb461bfdca8543c03a7b8e97f4eac89,nv,nv,0.847066,True,1,0.004724,0.033685,0.012822,0.004684,0.088829,0.847066,0.008191
aff87eecb4ba5f5fe61ef88c35fccf77ad0779f8bb9ff884a9bbcb18a48d399e,nv,mel,0.651639,False,1,0.000314,0.051097,0.000141,0.001058,0.651639,0.295586,0.000164
b01559ed520a152b35983382a9a4f617a6bd1e69c6def56601a83b58d754dff6,mel,nv,0.360644,False,1,0.284898,0.027265,0.301811,0.01685,0.00721,0.360644,0.001322
b03a3833bb78c2272d7ea79e3353aa0c9473f5a7db1ea963b7d3401b055dd65f,mel,nv,0.9483,False,1,1e-06,0.001328,1.3e-05,0.000987,0.048702,0.9483,0.000669
b04955c9d88b8a598db35a42d901e4666b20bed59ac0f902c9208dc5449ec9b1,mel,mel,0.942628,True,1,4.7e-05,0.002754,0.000372,5.7e-05,0.942628,0.001271,0.052872
b051c64ee314f8e05626f06ffa88e7c3bfa78c2a718a32fd3de65652828ed5c0,mel,nv,0.913034,False,1,0.000246,0.000102,0.009531,0.00025,0.076747,0.913034,9e-05
b066096c7003e365dbc779620a7192f094990422a83a191125c39c8fd1dc86f9,nv,nv,0.763141,True,1,0.001092,0.000505,0.000912,0.001215,0.230157,0.763141,0.002978
b08a87f0f99dbca28568b4db108427575d5b1f5d413b07df5c45f36d6a9a6e00,df,df,0.999999,True,1,0.0,0.0,0.0,0.999999,0.0,1e-06,0.0
b0919e70ad7c0d258edddb0ba530ce88dbe67731c03ccd3bbed23b201dfb9f1d,akiec,bkl,0.969041,False,1,0.000224,3.2e-05,0.969041,0.000128,0.010934,0.019624,1.6e-05
b11272ba482c8faaaee43014f7c0df0e2801aca47057cbebb53a3417ede416a0,nv,nv,0.996757,True,1,1e-06,0.000223,0.000164,4.9e-05,0.000571,0.996757,0.002234
b11405a58c341c3e13b898ff59f3dd12053c8c8721a55be43e812d9c209c87f8,mel,mel,0.976877,True,1,1e-05,0.000281,0.000231,2e-05,0.976877,0.022397,0.000184
b1779ed721988837c341d35681800e575f57e677ba9ba7da76154604c907a549,nv,nv,0.997689,True,1,2e-06,1e-06,3.3e-05,3.7e-05,0.002181,0.997689,5.7e-05
b184d9c8bfa2d2331f3c833965e8c1e6239aec4d06ee2c3a264c8637b1246d9a,nv,nv,0.823061,True,1,1.3e-05,0.00022,0.000972,0.000124,0.17385,0.823061,0.001761
b1b12127d43f628f6cbac4c6a0143f27de234b2f81c5bed17525a0a4844fb12d,nv,nv,0.999043,True,1,0.0,1e-06,1.5e-05,7e-06,0.000628,0.999043,0.000306
b225e6a39806fcdc13a51fdafb631ca5764daeab65589937155a991d6ce63539,nv,nv,0.993226,True,1,1e-06,0.005201,2.6e-05,1.4e-05,0.001396,0.993226,0.000136
b24c0a287cb0762fbd5c26877467f345399f48de4e5f0268fd8c9e2456ef58ea,mel,nv,0.8485,False,1,0.003188,0.015661,0.123016,0.007573,0.001891,0.8485,0.000171
b2a5e30596c25f8899a699c45ee15a5193e80241f2adedb1219d3dc1acf7feea,bkl,mel,0.684283,False,1,0.000247,0.030257,0.019013,0.001982,0.684283,0.264137,8e-05
b2f1725959fe7482428769254886d54b274a5b1c85b7db79c85261c5a51d998f,nv,nv,0.995551,True,1,1e-06,1.5e-05,0.000319,0.000181,0.003915,0.995551,1.7e-05
b2fed375876467817cd7cab6311ecd7581536fc30ec5bb85611d03c707f6ffb7,mel,mel,0.950176,True,1,0.00062,0.003222,0.002052,0.000176,0.950176,0.005192,0.038562
b32175aa7689799bba048ad809249c718e729345c9dd10ac3dbba6b161b0fc01,akiec,bkl,0.663216,False,1,0.280151,0.01503,0.663216,0.006258,0.005991,0.029256,9.7e-05
b34bea0ebbad0a124c4046dacc4b761f9fcba9c81a1e7ac23b232f2fbf2865cb,nv,nv,0.977901,True,1,0.002272,0.015881,0.000244,6.2e-05,0.003591,0.977901,4.9e-05
b353806092584b5dbced02659975c98f37d7b00eec0da842e83d88481628c0fb,bcc,bcc,0.99682,True,1,9e-06,0.99682,2.6e-05,8e-06,0.000398,0.002656,8.3e-05
b35f939777da2bc3c793043bbfa9900efcb4a1c4ad383f1d19c25250b9a1328d,mel,nv,0.572014,False,1,0.03815,0.018181,0.315853,0.047161,0.007227,0.572014,0.001413
b3b7e0ce38e236e30ce40fd67604b3795991b9862b52a29958d508d6f6bd7a16,nv,nv,0.329002,True,1,0.273278,0.000231,0.30332,0.018002,0.07605,0.329002,0.000116
b4081b0b98458eb6a140d759b0c2f368ae0d3e6e37ac2766b27a727bda4c7426,bkl,bkl,0.944413,True,1,0.000167,0.0003,0.944413,0.000146,0.000967,0.053961,4.5e-05
b4324326d9ec69b795a4a630118ef594d588e2ab4fa793cffbc62f72fbbf955d,mel,mel,0.742175,True,1,0.000931,2e-06,1.8e-05,5.3e-05,0.742175,0.256222,0.0006
b4402b097a17509514bf668672ea93cf3f22bf5a157248c0b2c5ba5314f05d21,bkl,bkl,0.99564,True,1,0.0005,0.000436,0.99564,0.000471,0.000604,0.002312,3.7e-05
b44ddce47ce705592bac22a36742ec424710918db632c0f709941aa4f3180594,nv,nv,0.999175,True,1,0.0,2.2e-05,3.2e-05,6.5e-05,0.000692,0.999175,1.4e-05
b4549416e84c0c9e00418674c48bcf966468388e800d59b31b4de7f9da18ca2b,bcc,bcc,0.574461,True,1,0.293486,0.574461,0.041546,0.002244,0.007242,0.066312,0.014709
b45c3e987d441454e4bf0953ff87625ccb46cb7113964e13f165a855630c6b76,bcc,bcc,0.529926,True,1,0.00142,0.529926,0.449456,0.000424,0.001923,0.016303,0.000548
b4b196091ab52172152ceb8f82bd2bddf1d44ceabb22cc44c354a23f1e2dee42,bcc,nv,0.736467,False,1,0.063283,0.041204,0.15536,0.00239,0.00012,0.736467,0.001176
b4c0f35e1c1c6df430ebdf511253b8bf67a1046d2639c293d8d226602719ccda,nv,nv,0.951784,True,1,0.000107,4.1e-05,0.040068,0.000895,0.007089,0.951784,1.5e-05
b4ec105234319f4bdc573ceae2352510c67325ba3fc75571c8ed51d58aca6197,mel,nv,0.980668,False,1,0.001416,5.7e-05,0.000762,0.000311,0.016434,0.980668,0.000352
b5334a890e24dc1c4c131848b182e4be0923a71984fcb51ceec2eb43e6fd3ae5,nv,nv,0.485565,True,1,0.010036,0.000451,0.17327,0.004083,0.326455,0.485565,0.00014
b5485fe47c62b04fc05bdf9170a23a5b0e8bb666d247223928176c55dbb07cb5,bkl,nv,0.634738,False,1,0.057681,0.013212,0.060366,0.115298,0.118369,0.634738,0.000337
b54a142ab750d8aac9b914fc59a33a0b2a13eaa01e15f7bd6d1309926fcb6ef8,akiec,bkl,0.81417,False,1,0.016778,0.010836,0.81417,0.060471,0.000492,0.071297,0.025956
b567e75144cf7b83b3c87e3b6827e44bdef88f8b19b6dfc46470df127b369331,bkl,nv,0.389955,False,1,0.046654,0.277636,0.127259,0.107833,0.046895,0.389955,0.003768
b580b87b05ecd2b57671ef0dc891b2e155ff0ffe0f2fc2f72be688c75ce92d7b,mel,akiec,0.959099,False,1,0.959099,0.002489,0.002151,0.010065,0.001213,0.024974,1e-05
b58a70173fc23ce7ff92e9513b4b55407a6ba4ca7f331a14c42b316155888064,nv,nv,0.891456,True,1,0.001093,0.072577,0.030828,0.000285,0.003335,0.891456,0.000426
b5d7c9322197d7068d8d05f92709d47480f73a0aaf6bea9fc1b4868923fe4f87,vasc,vasc,0.999849,True,1,0.0,0.0,0.0,0.0,1e-06,0.00015,0.999849
b60620cd987e5efe3885fddce58320a775c2275706ffe9acbba9644d25b2f6ba,bcc,bkl,0.525294,False,1,0.00027,0.056574,0.525294,0.003587,0.183564,0.227087,0.003625
b60746a5499b9139c203bc00daec6ab96190421aa38e7ffc4e5e70ffeebf7dc0,nv,nv,0.707195,True,1,3.2e-05,0.290825,0.000521,0.001203,9.5e-05,0.707195,0.000129
b63d3a33db681dd4be1d0903e7210ba80f59bfebb253853a4fabfb55e4497ee5,bkl,nv,0.710441,False,1,0.00129,0.117649,0.15372,0.000644,0.014666,0.710441,0.001591
b66162c6feba3eb9d59028cf7ad7de2459031cf30d4fc838823a859c9ab81a2f,nv,nv,0.973584,True,1,0.000105,0.00024,0.004924,0.000741,0.020117,0.973584,0.000289
b665cebd0d673b7cddb964b88fc1d3091bb36b2d9abb10b21a1f45921828758a,nv,nv,0.982096,True,1,5.2e-05,0.000199,0.004616,0.000641,0.012237,0.982096,0.000159
b668d8059011c0bc2cc6fcbd063f6e310e05111d00ed94b18dd20bd99f6eb409,nv,nv,0.998576,True,1,3.4e-05,1e-06,0.000197,4.5e-05,0.001117,0.998576,3e-05
b66ccf2186f27abc7f76ff4ee2e9cd184e1191dcaa1297cf390478746315d358,nv,nv,0.999142,True,1,0.0,0.0,0.0,0.0,0.000852,0.999142,4e-06
b680f1d91d429474a1c2948940558f3b52c3ce15e7c6f3f4f480bdeafa5f8681,bkl,df,0.817404,False,1,0.014621,0.011102,0.006029,0.817404,0.034304,0.11514,0.0014
b6b28479ef78c9c2d9f8d6a79c17c9f0683ede6a5cffc9af4b25a48c4ac84da0,mel,bkl,0.380601,False,1,0.069929,0.016702,0.380601,0.315362,0.135216,0.081915,0.000275
b6c045cc7b3230311d327db60386ebb7776b583352e14dee64ee6c243dcdc871,nv,nv,0.988886,True,1,0.000321,2.8e-05,0.000157,1.5e-05,0.008954,0.988886,0.001639
b6dfa29de95daa5b1d099ace9fd83a417aad5f0bc8669d897e7aec69662d7ab3,bcc,bkl,0.684428,False,1,0.269175,0.009084,0.684428,0.002865,0.003787,0.026495,0.004165
b70b43e547bb31282ec77322aa03b11daca25843aebc0e4859ff0285ce46ffff,bcc,nv,0.857428,False,1,2.2e-05,0.000789,0.000569,0.000564,0.007039,0.857428,0.133588
b7285b800e6d4b6f42cc9b07088a3750c5ded81f6d4cf331ca4cef5c652a3a40,bkl,bkl,0.999355,True,1,0.000209,3.2e-05,0.999355,7.8e-05,4.9e-05,0.000275,3e-06
b73dc1a3dbd74ac4a04fdfdb6af58ee73b243b1ae68c9eb6b7ad2f39498b1f42,nv,bkl,0.765093,False,1,0.011218,0.021004,0.765093,0.006799,0.001213,0.193346,0.001326
b7e1532204454dbe52ad5a15635f5058411ea316e7701c4e9e67dc5515a9e343,nv,nv,0.999981,True,1,0.0,0.0,0.0,0.0,1.8e-05,0.999981,2e-06
b7f1a14ef686d93e4ecddd3f5c2363a5f87fa07cee4d3c5344cc58d5f3f65c9f,vasc,vasc,0.998645,True,1,1e-06,0.000103,3e-06,1e-06,0.000281,0.000966,0.998645
b7fd7f38b124add52cb86125bb5d6bf480f076206ceea974ee029f895b66542b,bcc,akiec,0.726664,False,1,0.726664,0.157831,0.048333,0.012406,0.004522,0.04869,0.001553
b80d555dc60a622df297eb2d98444164710be9c96a3f63c538c22865cdbae731,nv,mel,0.76153,False,1,0.000365,9e-05,0.001762,0.000246,0.76153,0.235805,0.000201
b81ce025ff61338386ff347b055ada96880053a052b80740170efd09acf9a545,nv,nv,0.739898,True,1,4.4e-05,0.001733,0.000339,0.002115,0.253672,0.739898,0.0022
b836ab15e9b4ffbef068f073cddc8eac2529e63e1385917e6783049d8f749fdd,nv,nv,0.999984,True,1,0.0,3e-06,0.0,0.0,5e-06,0.999984,7e-06
b85b1b42ef90980f70583b45dd18f2f1f842e2f6bb1767bb986181255da2c478,nv,nv,0.88264,True,1,2.7e-05,4e-06,0.000133,0.000108,0.117059,0.88264,3e-05
b86918483c880c1135e973fe5c9e7f7328f94932426cd064d69bf6b853ac83ea,bcc,akiec,0.44843,False,1,0.44843,0.0809,0.201189,0.121843,0.003381,0.143681,0.000576
b885167b3d55110b311cf378ae087b84d9482e240838520a7e03d80090863731,bkl,bcc,0.492423,False,1,0.015185,0.492423,0.015387,0.01472,0.100433,0.348102,0.01375
b8a91c7f14648ae8240c29adc4c3408ce75b31df152e4aefb2cb7fb46918e617,akiec,df,0.365474,False,1,0.022138,0.008298,0.282685,0.365474,0.075419,0.245512,0.000473
b8c1364ac241c431e7f620e8d4aa6b05d8bd153ef4e1f19155339d3177861d36,nv,nv,0.999862,True,1,0.0,0.0,0.0,1e-06,1e-06,0.999862,0.000135
b8c83a2f6610d992c0c41371b0eb4706988402a2e792450887b233aae0f9c273,nv,nv,0.999947,True,1,0.0,1e-06,1e-06,1e-06,2e-06,0.999947,4.9e-05
b8db72c547e3e6a768f7aa4e8980a61803f45019e33069301ff6d2b08f68d34d,nv,nv,0.993634,True,1,1.4e-05,4.8e-05,0.000644,3.8e-05,0.005615,0.993634,6e-06
b90a38b5e498ed3eb593227600c7c22c2095296ef4cfde1de386ff88968d2318,nv,nv,0.999983,True,1,4e-06,0.0,7e-06,1e-06,1e-06,0.999983,3e-06
b92f669faffa0efca546fca8b25c364decc45724414f6e2b2cc8702ca12a5c41,bkl,nv,0.921405,False,1,0.000473,1e-05,0.063341,7.1e-05,0.014693,0.921405,7e-06
b92fc09c1839735e20d088da09e34af6989345cc94b52b3079322118273ee337,nv,mel,0.551964,False,1,0.000355,0.002084,0.001063,8.9e-05,0.551964,0.373557,0.070888
b944634f51bca3f06aad986d0dd72f9cd3353cbac0889a24a02ebfc0ddc18aa8,bcc,bcc,0.849113,True,1,0.010773,0.849113,0.027446,0.078794,0.001055,0.032588,0.000231
b94e0c56e3c6f0b28ca003590340fc9c2777900eebe4edb22ba62d3ef34d33bb,nv,nv,0.999035,True,1,2e-05,0.0,0.000714,0.000154,2e-06,0.999035,7.4e-05
b98a8b3cccd34d647524073fc7a9ec53b3cb1ed5fdbc60ffe091706085a18bac,mel,nv,0.791038,False,1,0.002822,0.00419,0.014674,0.001926,0.185008,0.791038,0.000342
b99d5b560d9293d132c04847ddeb50c6d5f7dca7bf71147d4f9e0bb9a714a2a6,bcc,bcc,0.996763,True,1,0.00169,0.996763,0.000352,0.00034,3.8e-05,0.000799,1.9e-05
b9ad73deb517c5b12fd13738e15bb7e8201a8ee3f9ee235c91eded57ff05dc1f,bcc,bcc,0.890349,True,1,0.002922,0.890349,0.02124,0.000308,0.000749,0.084368,6.3e-05
b9b1149a62cba6dcd93d4c4696fc2306c7adb034f9d4841b2728c108bf50db22,nv,nv,0.923426,True,1,0.000232,0.068377,0.000435,0.005398,0.002002,0.923426,0.000129
b9b670a459a1aa36330b893ee650d9f7471013ee3079e7e83e030f747b03b2f0,bcc,bkl,0.477334,False,1,0.032885,0.050551,0.477334,0.019415,0.2035,0.215779,0.000537
b9c47ef38c3459d61de6434ceda2decfbf13cf7b83c2e04fca385f22898f0390,bcc,bcc,0.96255,True,1,0.000221,0.96255,0.000513,0.000817,0.004432,0.031237,0.000229
b9ef8e9573a63f68e8be99f403e7b3c12f67ecc60ed7e325f85f3c3be2dca703,nv,nv,0.959121,True,1,2.8e-05,0.00922,0.016679,0.000559,0.014307,0.959121,8.6e-05
ba0eb75cf7bd7dcb87dc1a50ba259b074417c87d0964efe29ce98a72210bc561,bcc,bcc,0.962164,True,1,0.019958,0.962164,0.015857,0.000421,0.000664,0.000917,1.9e-05
ba195112dde585f4f4fc03e0364401c7d90c43c33f7569457741ab9925bccbfd,nv,nv,0.947817,True,1,6.4e-05,0.000243,0.002362,8e-05,0.049413,0.947817,2.1e-05
ba1e22c1443d06722430dc817932c62bb0f9decf6bc11338996ff3cbf727a35b,mel,mel,0.81856,True,1,0.001865,0.011038,0.001341,0.033221,0.81856,0.112997,0.020978
ba259ef073a0a6c58f0a22797797f90c3010a77621414f5ca29c4705b9450ea9,nv,nv,0.999802,True,1,0.0,0.0,1e-06,1e-06,0.000137,0.999802,5.9e-05
ba2a3dee9b8a83db266ce4029b88eab4610fdecece23ab1f6f03440f1365446d,nv,nv,0.999575,True,1,3.2e-05,4.2e-05,0.000204,1.2e-05,0.000119,0.999575,1.7e-05
ba2d0cfb20990c4f9f39dca6eef498360762427f64590518e43dbc236fe1d9a1,nv,nv,0.979326,True,1,0.0,7e-06,0.000177,0.000104,0.02035,0.979326,3.6e-05
ba7458a837769f3ee072a954b5df42ec25e03bceefe0a57f45a5cae4490a18e1,nv,nv,0.999974,True,1,5e-06,9e-06,0.0,2e-06,9e-06,0.999974,2e-06
ba77992006e89c9db8d39e4b4a5025e5f8f2bb62b4198aa565d6f116fdf0f613,nv,bkl,0.567147,False,1,0.000424,0.000373,0.567147,0.000593,0.007728,0.423718,1.7e-05
ba78109608c85e63d4ba54443ceb1c94609719592c2dd96026dfaaae18a385ca,nv,nv,0.973273,True,1,2.1e-05,0.000212,8e-06,1e-05,0.0226,0.973273,0.003876
ba9da095c8d4fa9e0c10fdc63db5702e98844cc73c737c6d6a0d0cfd6b9514f4,bcc,nv,0.46875,False,1,0.039291,0.030886,0.117186,0.051245,0.291584,0.46875,0.001058
bafbbbf07400f6359541a280316045fcca69db17d6de7c1309acfea1c4a1c531,mel,df,0.764011,False,1,0.000474,0.00025,0.036075,0.764011,0.17249,0.026275,0.000425
bb275c1d580f6b8366a15210e54a3d4cef6881992fb1a827d68a8e230cf68411,bkl,bkl,0.959473,True,1,0.014814,0.00202,0.959473,0.008142,0.001014,0.014448,8.9e-05
bb365e3cb8551e07fff55f4b262e5da2b9f68871967a4d16e62bb343757edd2c,nv,bcc,0.589852,False,1,0.201235,0.589852,0.146207,0.001772,0.023353,0.03721,0.00037
bb44073b48c2f371f0deda244b12a67430882bf936dae5aa0f4c7581ffee103c,vasc,vasc,0.999661,True,1,0.0,0.0,0.0,0.0,0.000279,5.9e-05,0.999661
bb44911f2ea843e1c1cef3eff423689b202577bda91bbfba9f5fba3935358213,bcc,mel,0.31075,False,1,5.3e-05,0.244192,0.000132,0.001914,0.31075,0.276661,0.166298
bb476292b09aa66b5f51626161ef9e028a649571cabe85801476ed1f38bde5c3,nv,nv,0.863973,True,1,0.000202,0.00017,0.056435,0.001193,0.077649,0.863973,0.000378
bb5bdb786fbe5a341e54331daeb40bba592c3e305ef1341072485e126aaff526,akiec,akiec,0.99608,True,1,0.99608,8.6e-05,0.000843,0.001448,0.001024,0.000514,4e-06
bb76423a9a22940b455833bce30f59497e60ac1032a23c1938bc2d05aa532b3d,mel,bkl,0.476916,False,1,0.036731,0.026681,0.476916,0.007808,0.016334,0.435092,0.000439
bb9304db2337eef16a9b6e22754d805e76e523f25fdfa3bcdeb7c2a00122508b,bkl,bkl,0.902735,True,1,0.002197,0.000102,0.902735,0.063915,0.012093,0.01887,8.9e-05
bb9e70cb319cc8fb00092c10d154d7dab00f08d989c39840e01e0f8b921b1513,bkl,bkl,0.966463,True,1,0.005988,7.3e-05,0.966463,0.004197,0.0005,0.022618,0.00016
bbbec1f6e8e75b251b2e916c0fdda2b5503f7f724cf1d92881ac99c118662c58,mel,mel,0.927721,True,1,0.00106,0.001605,0.000295,0.050636,0.927721,0.013924,0.004759
bbc54f6ea34e945fe2ee315d38250a2e815fa233040b272bb232adec2e9f4d8c,nv,nv,0.973006,True,1,4e-06,3e-05,8e-06,1.1e-05,0.026899,0.973006,4.2e-05
bbc67d4df878df42e36d4035e8383713bb3baa79cf0694b0324ece4b8a9471be,nv,nv,0.999903,True,1,0.0,0.0,0.0,0.0,7.9e-05,0.999903,1.8e-05
bbe3722012325b52581d4a6aa5bf369b566f51589cae6f4a0645c7833d9e5bba,nv,nv,0.981797,True,1,5.5e-05,0.013987,0.002815,0.0004,0.000889,0.981797,5.7e-05
bbf73b2fcfcb472aef7dacde89e33b7e3100f09efc9506a0809cb6df19aa64db,df,nv,0.487456,False,1,0.084155,0.150404,0.26145,0.015015,0.000273,0.487456,0.001248
bbf88aa2baf83f477891910a92c0221f6ba37d9deb73c1c4e252953a7c412966,nv,nv,0.675757,True,1,0.001064,0.005923,0.011645,0.033805,0.271276,0.675757,0.000529
bc093ea3b3526f8d8bfff17b44ed01376e42e0b591ff2c019ab03d16cc197a92,nv,nv,0.9887,True,1,6e-06,2e-05,2e-05,9.8e-05,0.010979,0.9887,0.000178
bc18797b93d4fe6548524da47922b5604036613a135a760c7a57dd9eb52f77a2,nv,nv,0.998312,True,1,5e-06,0.000194,9.7e-05,0.000219,0.001126,0.998312,4.8e-05
bc35ebe1724062033a1fd5eb0e51e2ca2e15ebe9999f30bfec1480e8a41336af,mel,bkl,0.645739,False,1,0.000667,1.1e-05,0.645739,0.116014,0.216322,0.020471,0.000775
bc4bd8ca873d1f199189e7ca87457d5390de223aaba7cffad4e9d5a6747737ed,nv,nv,0.962918,True,1,1.4e-05,4e-06,0.035948,2e-06,0.001107,0.962918,7e-06
bc919c2e0672720b572ff97a3e77b0489f733f3e68ba528ae3184f925237dfff,bcc,nv,0.685995,False,1,0.006589,0.016616,0.259878,0.017563,0.006767,0.685995,0.006592
bc9dc0e39543b21036d62610e2e849aa98cbd440bd81f4fcb7d2dc8cd7bf555a,nv,nv,0.950938,True,1,3.3e-05,0.000255,0.000765,0.000148,0.047826,0.950938,3.4e-05
bcb0251fa2f1b24835e5d2c920c185a20d70ff52512f97f30e22234f7122622e,nv,nv,0.999596,True,1,6.2e-05,1e-06,0.000203,0.000108,2.3e-05,0.999596,8e-06
bcc37c14630956047723672d97e92ef737b5f2bf1748ba1ef680c548c487b47b,nv,nv,0.93808,True,1,7.9e-05,3e-05,0.001307,9.8e-05,0.05527,0.93808,0.005135
bcc3a0af5297e3f81811793df4c2b7e98602086d94eeb01ff940f5a0f12cf86d,nv,nv,0.973325,True,1,7.4e-05,0.004224,0.002055,0.001492,0.0187,0.973325,0.000131
bcc3a8a11e47f55f256d3044c36f6ca277b80034b5754988b1ec59635869227e,mel,mel,0.950057,True,1,3e-05,0.005317,8.4e-05,0.003617,0.950057,0.039648,0.001247
bcd4a58ada91978904e75e34320bb523840f78d7378514dafda9a46df1d85db5,mel,mel,0.95112,True,1,0.000205,0.000287,0.002433,0.000486,0.95112,0.030579,0.014891
bce5d16d0f98c78d8f42c557e19623135dfa11ff64397a08c01a8c0f9c474901,bcc,bcc,0.636747,True,1,9e-06,0.636747,0.000177,5.6e-05,3.2e-05,0.362817,0.000162
bcfe8bd51784d5a8662828ae84f981f9143e027f70e4048b5a20a43ab79f66d0,nv,nv,0.758892,True,1,0.000367,0.000192,0.004237,0.023195,0.212609,0.758892,0.000508
bcffff89e0588759cf477dac349bcaa517df71ede789093c41e80822dd1f8d1c,nv,nv,0.99597,True,1,0.000889,0.0,0.000553,1e-06,0.002483,0.99597,0.000103
bd2824aeb7f26337d8a51dbd58c737fc98903a7fea87434b7bbdfe852aa6527d,mel,mel,0.62526,True,1,0.001351,0.000204,0.018314,0.106625,0.62526,0.246548,0.001698
bd387283fab4be2a312aeacd291117322b1212dd1317a805bb57ac1227340a6f,nv,nv,0.999905,True,1,0.0,4e-06,2e-06,6e-06,7.6e-05,0.999905,7e-06
bd3ca457bf5851ee96f4b7780e13f4e23f448ab4e9ad5ae8ba46f5e2a0512b6a,nv,nv,0.995308,True,1,6.6e-05,3.4e-05,2.9e-05,2e-06,0.004541,0.995308,2.1e-05
bd3e8195da96f363f1f069b69e956e78ca3953d4e942e215ca6c114e43d9962d,akiec,akiec,0.947921,True,1,0.947921,0.00184,0.044909,0.000595,0.000114,0.00416,0.00046
bd5f18b34a90e154e09a8d6c85a97bdf9e723b498d9c1b723d8b864245b0ca04,mel,mel,0.452963,True,1,0.007606,0.045983,0.189229,0.220946,0.452963,0.044321,0.038952
bd5f290d2a03447a41b2d65f5e8e30bab3a935062fa68ce35db5441ffd6ad607,mel,nv,0.686718,False,1,0.005829,0.002746,0.097222,0.15619,0.05066,0.686718,0.000635
bd6056561a3cc581d715a2f2f5fa17dd151e497835f2323aa12039ef1e07d97d,nv,nv,0.735269,True,1,0.000207,0.000143,0.0036,0.000243,0.260052,0.735269,0.000486
bd6ddebaf394c074d1d6244d4d939cbc92a345a5befc3aea089399aefb4425eb,nv,nv,0.994953,True,1,3e-06,0.00133,0.001336,0.000276,0.000472,0.994953,0.00163
bd750a81ff88e3c94c4880c16ffc8fb8ddfd2fe7646897ad23088043d45ab4f3,nv,nv,0.999977,True,1,0.0,0.0,1e-05,1e-05,2e-06,0.999977,2e-06
bd75c736997ca46d54f44084324b00194d5124783017931c0ccded8b76c29e5f,bcc,bkl,0.772202,False,1,0.122907,0.065208,0.772202,0.0038,0.007345,0.021959,0.00658
bd781cfae037418f76dafbf3c2f5cc004d60347e912d1cb1422ba8388771ca31,nv,nv,0.99992,True,1,1e-06,3e-06,8e-06,2e-06,5.8e-05,0.99992,8e-06
bd795ef1e5ee977b0abc5e42e4346ad1a7481e51d0bf79bb8aeff0faa9cf696d,nv,nv,0.999988,True,1,0.0,0.0,3e-06,1e-06,2e-06,0.999988,6e-06
bdabe873733b2d746a263beb56ec11a8abd7c2aa5996c6a17c8b808ea489e6f8,nv,nv,0.999845,True,1,0.0,1e-06,1e-06,1e-06,0.00015,0.999845,2e-06
bdc32b9e90be931643a83695e211a2b6f06decc0fc8282211c6b30a41c5e8c50,nv,nv,0.999955,True,1,1e-06,0.0,4e-06,3.9e-05,0.0,0.999955,1e-06
bdc36da648615e2e08b6b0b377a642965d9b020592626622e168014ba4071d5a,mel,df,0.570731,False,1,0.056574,0.012303,0.219537,0.570731,0.002389,0.1376,0.000867
bdf6f8401756d2329d36d5543cffc661ea1e5b6d692387254d45ad758d7f7f39,mel,nv,0.439193,False,1,0.001934,0.001019,0.390453,0.001323,0.165842,0.439193,0.000236
bdf852c1869cfe87c85369553c0cb5e3573ebe9f340287cfa601e25e89e90ddf,bkl,mel,0.543452,False,1,0.231794,0.000591,0.209756,0.000352,0.543452,0.013951,0.000105
be0ded84130e30419bbb9e138e28303774244754cc0677606c359698ac21f3ac,nv,nv,0.941193,True,1,1.2e-05,0.002274,0.000349,4.5e-05,0.055717,0.941193,0.000409
be1d5950903a69ff94e927885fb0e6f62f79493ea535f14f3f73ded0ea781247,mel,nv,0.994291,False,1,0.000453,0.000752,0.000609,0.002145,0.001713,0.994291,3.7e-05
be2237891f2b8f08e39292dc08db2c06853523019daff2abed528385ef06dd9f,bkl,nv,0.542591,False,1,0.010542,0.438192,0.005753,0.001245,0.001287,0.542591,0.00039
be2c252eb7b3132e2ea8b9130a0a6092383980db9fb92abd0a98b89e449c2ca1,nv,nv,0.682696,True,1,4e-06,0.044115,0.000233,0.000285,0.000553,0.682696,0.272114
be4dac60d45b5b187cbc3ad00063f9a82222bcb0c69b5fb5429b3799cefe9c36,nv,nv,0.995156,True,1,9e-06,0.003471,6e-06,0.000247,0.000909,0.995156,0.000202
be5de27d5a1cf7fff0ce4471746b772958cb4684fca6d84e051f3c830f87e156,vasc,vasc,0.997074,True,1,4e-06,4.6e-05,5.1e-05,3e-06,0.000625,0.002197,0.997074
be6263ca59a7223c9a441128858faf6e7518e606ffbfbf9db5b724f6ea984efa,nv,nv,0.999945,True,1,1e-06,5e-06,1e-05,2e-06,0.0,0.999945,3.7e-05
be6a2aa8938c7cb036d6bde6074bebdc737885c8942f1809f20de76f5345a1d3,akiec,bkl,0.908123,False,1,0.003915,0.002142,0.908123,0.000528,0.008651,0.076538,0.000103
be7911ec746395ff65ab72d5350025bebc7f58e2267e884ebbdab2173f509831,nv,bkl,0.872306,False,1,0.000646,0.000408,0.872306,0.00031,0.002526,0.12378,2.3e-05
be837263c1b8473062d9a152b26ab0a8364668b3d402d6463c0eb87bd64c9b1a,bcc,bcc,0.987159,True,1,0.001072,0.987159,0.000856,0.000151,0.000149,0.010295,0.000317
beb542ca9240e9c33fc6fb404f82f57e2e7d147edb9d320c6aea33ad9da225b1,mel,nv,0.876326,False,1,0.000136,0.001684,0.003094,0.002601,0.116133,0.876326,2.6e-05
bec88c62b7bf2ad10dae0554466172c8ad331bdaa97392f88bdc8634de51ee9c,nv,nv,0.524334,True,1,2.4e-05,5e-06,0.464026,5.7e-05,0.011515,0.524334,3.8e-05
bed1a01318d6151613091e758eac65ce15cf081da1c572498e849eeaf8c9c034,nv,nv,0.608772,True,1,0.012648,0.001513,0.315411,0.057511,0.0034,0.608772,0.000745
bee8db3a0d83fe054918638d8f342c93be22ff002b0a42b4f109dce475c377a0,nv,nv,0.87649,True,1,5e-06,0.001816,1.7e-05,3e-05,0.121036,0.87649,0.000606
beef2e575dcba32d63ed95d58eb32054f274edd861bc21e7cb5f20ad73271108,bcc,bcc,0.720368,True,1,2e-06,0.720368,8.4e-05,0.00013,7.9e-05,0.279163,0.000175
bf0d26d47410dc018448c968b7a59bedc0bd846bcb8646288a3d16439ec89379,nv,nv,0.999955,True,1,0.0,0.0,5e-06,0.0,0.0,0.999955,4e-05
bf2797c5bbb5dac06b7eaa76d0acae268455b2af42c0cd0f8c5e875463a3d2bc,mel,nv,0.570197,False,1,0.0,4.8e-05,2e-06,1e-06,0.429749,0.570197,3e-06
bf2d9dfd76c0343973541707c6d9f410ecb2b6ba43b34f20974c12deda19c591,nv,bkl,0.528239,False,1,0.004774,2.7e-05,0.528239,0.000167,0.029018,0.437676,0.0001
bf656a3e34b1e356caed7defaea3c032e5aaa9cabf39c018756412e53b73cc18,nv,nv,0.915861,True,1,0.000387,0.000517,0.054016,0.000761,0.028262,0.915861,0.000195
bf756af2d217779d9864c36ab99f5e9276ab05c84cdc488b7ecd30f71f5a2dbd,bcc,nv,0.964036,False,1,0.000355,0.007999,0.000121,0.000389,0.002143,0.964036,0.024957
bf8138c16f391d25c42686d549b3747620d11a66a3c2e781550604d5c5d46517,nv,bcc,0.789819,False,1,0.003803,0.789819,0.007458,0.001011,9.9e-05,0.197739,7.2e-05
bf898a3ebc1eff945dac93fc2d64b8af7377323f0082f01c6f6524e5de4afd49,akiec,nv,0.69678,False,1,0.040663,0.2314,0.010428,0.015092,0.004544,0.69678,0.001093
bf9fe9b49939159c24a4becfef605b566df6c851ebbf25c8f7867d58273469c4,nv,nv,0.988404,True,1,5.2e-05,0.003496,8.3e-05,4.7e-05,0.007896,0.988404,2.2e-05
bfa4f855b82815849b5bae0053cd696032df96e5f42df69ede976da7a5b8517a,mel,mel,0.867585,True,1,5.4e-05,0.000999,0.000651,2.7e-05,0.867585,0.00967,0.121014
bff34c0ea1409a217b439f29e71eaf295629b67524f37b8a5d5d7d1978d39057,nv,nv,0.999229,True,1,0.000126,0.0,6.4e-05,1e-05,0.000457,0.999229,0.000115
bffe6be0913830109e861b79031cdf4f4363eef13d2a006ed0a5b1f349667302,nv,mel,0.683902,False,1,0.123288,2e-05,0.04965,9.6e-05,0.683902,0.142956,8.8e-05
c00297a41598cb4b16725f436bf5e0b1b6a2aab22b0ba73315b1febdb7d553a5,bkl,bkl,0.892741,True,1,0.049497,0.0084,0.892741,0.001773,0.002476,0.044924,0.000189
c00647a524315a0a0ec9e2f8ef584dc18c7eae6f9e32df79060f13462b4c9c2d,mel,mel,0.537169,True,1,2.3e-05,0.000273,2.6e-05,0.000839,0.537169,0.461611,5.9e-05
c011d4b6dbacdde36b2dc808132786b691feec63bf7a32ab70cb2c38c8ce101e,nv,nv,0.739245,True,1,4e-06,0.000128,0.000785,0.000144,0.259667,0.739245,2.6e-05
c01516ede6970d258a19aafbf2db7b151a7b0eb781e5a94e5e022c668dc53a18,mel,nv,0.642588,False,1,0.000168,0.063401,0.002405,0.000289,0.291078,0.642588,7.2e-05
c0538f5a29e3010d060071091afd06ea8af4f2571764bca999c8c837a23ae352,bkl,bkl,0.484614,True,1,0.009753,0.016554,0.484614,0.122486,0.174148,0.191267,0.001178
c07dd7d72fee8103ef5240ef5bba34b3d40fd0d67aaadf770e6acd96c1f1cc6a,nv,nv,0.869569,True,1,6e-06,8.6e-05,5e-05,2.4e-05,0.130251,0.869569,1.4e-05
c0956e238b1f866ca28c1de7d2d157fda3cae047cbc325a3db334c039d40af95,mel,nv,0.727561,False,1,0.00766,0.003625,0.045553,0.006952,0.208344,0.727561,0.000305
c0ac06899e13f8ab5efd7960b569376136dff73ff1db77cce9b191f10141e403,mel,mel,0.56968,True,1,1e-06,0.002994,0.00013,8.4e-05,0.56968,0.05415,0.372961
c0b969e7334c78e5650cfe173a709c8415dddbcd727ddf5d1ff2423e3245b6f1,mel,bkl,0.674496,False,1,0.001869,2.5e-05,0.674496,9e-06,0.306366,0.012449,0.004787
c126d7e1d0e069ff0ed5249d875bd20c6727d9914ca32205d1ccadd19f0967b9,bkl,mel,0.426477,False,1,0.115047,0.000321,0.367217,0.077906,0.426477,0.012514,0.000519
c13f1284f8af265078c6973ec0eee9c5463d327da7f827e4d42aa1c09288658e,bcc,bcc,0.827363,True,1,1.5e-05,0.827363,0.000162,0.000323,0.043812,0.12788,0.000444
c169b94aa425fa354e62126b0fe6cf7544b7b846ffd93a996d33fd82dfbfd396,bkl,nv,0.65306,False,1,0.001456,7.8e-05,0.316606,0.017495,0.011227,0.65306,7.8e-05
c17a436f045d54fb3cac2439d3534102d3b9725299639ba7944267f9b2f94128,nv,nv,0.998493,True,1,2.1e-05,0.000403,0.000158,0.000106,0.000747,0.998493,7.3e-05
c17f9a2aba3a3dd67c52916ec4c0853b56ec2689e949d7939f00f45ba40fdfe0,bcc,nv,0.392107,False,1,0.01116,0.046393,0.337567,0.174753,0.036824,0.392107,0.001196
c1ea69a5a0855a393fd00249369fe12516b4ef69ab923659d817fad0a56d9902,nv,nv,0.958092,True,1,0.000122,9e-06,0.040844,0.000147,0.000778,0.958092,8e-06
c1f8406608c9b9abe0dbe603bcf5edab49d5f71936d2422c7af8d511c28e0ba1,nv,nv,0.940522,True,1,4e-06,0.000143,0.009318,0.000601,0.048292,0.940522,0.001119
c205e77cd4189bd381e92b06498578f42ebb5622d66b2e19f8ddcbb505e29b58,nv,nv,0.999227,True,1,1e-06,0.00012,0.0005,0.000117,2.9e-05,0.999227,6e-06
c21b0b6086a8fd411165601d09be8a0db5de43e9ef5fd6b5580fed3a3fe4aca9,mel,nv,0.991064,False,1,0.00038,0.000812,0.003911,0.002157,0.001656,0.991064,2e-05
c21fde10ebc312f18caf1b77fac1c30d05547072ce62ad87dbf392eea8291275,nv,nv,0.97981,True,1,3.3e-05,0.015059,0.001108,0.000106,0.003856,0.97981,2.8e-05
c22f9b7067062b731c6d30af7ab5f149adec5082a8e0b0159c1e13a5edb9572e,mel,nv,0.974837,False,1,0.001188,0.009337,0.002956,0.006157,0.004655,0.974837,0.00087
c261d3d17c480f3f8ecb97da37cea8f1993ba359589a10d098634ed556039c62,nv,nv,1.0,True,1,0.0,0.0,0.0,0.0,0.0,1.0,0.0
c274e351e342087e85502b33bb6da7d3ccf31876d743323a8131a4e54787ca8d,nv,nv,0.588029,True,1,0.0,1.6e-05,9e-06,5e-06,0.411916,0.588029,2.6e-05
c289851c0efc49c713e38a19746d30332605fa2393f43d25c52bc241caa5b223,nv,nv,0.925933,True,1,3e-06,6e-06,0.001925,0.001062,0.069014,0.925933,0.002056
c29872d6fa5674dfcf8e2d285d0356191ce7b524f690fa0bc6cad8c95bbaa628,nv,nv,0.99244,True,1,7e-06,0.006391,0.000205,0.000231,0.000713,0.99244,1.3e-05
c299dc997064a63c271ea81c71daf8f846606aace23d2c5ee4b75ecaebe6f675,bcc,nv,0.937076,False,1,1e-06,0.06272,2.2e-05,4.5e-05,0.000122,0.937076,1.4e-05
c2b7ca70c12a275e6794f8417fa9be57b234db3fb035b144ce5b32f9bb9c44f5,nv,mel,0.536043,False,1,0.000536,0.00036,0.004478,0.000473,0.536043,0.456965,0.001146
c2c274f434fcfc482c69b29682fc54a6f9106735384d9986bf30b93b64c9451c,nv,mel,0.779137,False,1,0.0,0.0,0.000333,1e-06,0.779137,0.220352,0.000177
c2d12aa7b366b46d5b1fd112ea8fe70ac7204a381077a2a1a19f66771f5101ab,mel,nv,0.977269,False,1,1e-06,2e-06,0.000154,8e-06,0.022549,0.977269,1.7e-05
c2f4d4c093198acca431be44700eca59ec1b465887251bc76d0e117318cf7d64,mel,mel,0.487246,True,1,0.005756,0.001516,0.15101,0.001309,0.487246,0.349086,0.004077
c30c58c3bef27f54ad4c0ea4a1a1af5ae743077a6024fd29718c3560da6990e2,nv,nv,0.917987,True,1,0.00022,0.000518,0.002396,0.01062,0.066923,0.917987,0.001336
c329268d53d2d6f515456f33a8fb51ff1d7c3ede6365c6512ef2d135520189c2,bcc,nv,0.930992,False,1,0.000509,0.002997,0.060778,0.001515,0.00279,0.930992,0.000418
c333fe6a37a133bd0294474478e645b9b1173f70d3ffb081d4e31cdee504a2ba,nv,nv,0.813803,True,1,0.01055,0.000938,0.031978,0.003894,0.137965,0.813803,0.000871
c34195405e58e1832a750dc7fa919b670133db399fbe10260237e77211e54179,nv,nv,0.999997,True,1,0.0,0.0,0.0,0.0,2e-06,0.999997,0.0
c36b6ad6c8bc5052ae0cea8de40b466c283526efdb5bafc9ebe5c359f90703ac,bkl,nv,0.516302,False,1,9e-06,0.00109,0.481921,0.000114,0.000507,0.516302,5.8e-05
c36ecd3caedaff8bf8bcab8b642ac0e53aacc6d7b5e7793bf72ad21bec549cb4,nv,nv,0.999727,True,1,0.0,1e-06,0.0,5e-06,0.000219,0.999727,4.8e-05
c3b911de14723d920083079dcb9da3cf465670b4626475095c263eb03c91ccb3,mel,bcc,0.909122,False,1,4e-06,0.909122,0.000173,8.2e-05,0.000143,0.090315,0.000162
c3c0b98130e738fa255a8443fc0663c805990d3dbb76a55acb2be4f682cd6da5,mel,mel,0.999718,True,1,0.0,0.0,0.0,0.0,0.999718,0.000265,1.7e-05
c3cdbbda4ee0fd4d088779853f324e620865be67c026b4162304a0d1655c84af,mel,df,0.475157,False,1,0.062782,0.00066,0.044846,0.475157,0.352874,0.062311,0.00137
c3e190d3ece71b537a6151b089956d1d00bb4b416a34c9a4751083292406abef,mel,mel,0.99612,True,1,0.000133,2.8e-05,0.001524,2.6e-05,0.99612,0.001406,0.000762
c3e30568eedeecba7bbdaa2fc6b5555235798aa1623139d15c6ba024727801ad,nv,nv,0.999997,True,1,0.0,0.0,0.0,0.0,2e-06,0.999997,0.0
c3f9c1d15c52f733d57a57fdeb0cd43d49781cda4ce1677fa5a67903388be4f5,bcc,vasc,0.963941,False,1,1e-06,0.003237,5.7e-05,8e-06,0.000551,0.032205,0.963941
c440ae81d3c0e43353d059b91210aaf1d80251e3cb85d40f0bb8adc34aedff23,nv,nv,0.850073,True,1,2e-05,0.000346,0.000166,0.000366,0.14134,0.850073,0.007689
c44444097b2cce0f3cab255c05c92421b7af881ba86721a42b22c3d7bb583bb0,bcc,bcc,0.680784,True,1,0.001799,0.680784,0.022143,0.004035,0.001298,0.28947,0.000472
c4c0722b362eef83719d370b64daeccdc4af5b97f613669ca700a76133a43e52,bkl,nv,0.381261,False,1,0.058338,0.042021,0.046038,0.257378,0.211753,0.381261,0.003211
c4c13675bbe425f914ed21e1c4c65d1c9e65d33a14d6c48bd2bd5358202908cb,nv,nv,0.951184,True,1,0.000358,0.044943,0.001407,0.000227,1.7e-05,0.951184,0.001864
c4e2ea64dd2cbdf5678842e0174dcaf64dd49375c7db938020c4dbad154292af,bkl,bkl,0.461661,True,1,0.006533,0.255642,0.461661,0.004385,0.061025,0.201724,0.009031
c4eb885991ae12945f4e3137300b93a318024142bd15ce17f90d594c5f5857cc,mel,mel,0.962971,True,1,0.00044,0.000197,0.005249,0.000523,0.962971,0.026582,0.004038
c4f4af5ff28f113f03a1a36254029b85d939bc999a754c92a276b48d32dc01af,mel,nv,0.864194,False,1,1.7e-05,0.000705,0.001108,0.000206,0.133736,0.864194,3.3e-05
c51fb3bec6b1ac12e7ffee9d2563b49501b0f0132ccbfc12d5423519f56eea99,nv,nv,0.977105,True,1,0.001221,0.000195,0.000256,8.9e-05,0.018178,0.977105,0.002955
c525c5b1475278a027069fe4b4c6d0e8668e74e23c488bf142cf15d93a6348dc,bkl,bcc,0.391615,False,1,0.060926,0.391615,0.178134,0.005206,0.013324,0.341269,0.009527
c59fcf5612d2ce9afc5fd379fae8bdc46dc9b86acb31c57f8d8a7f7519ec8247,nv,nv,0.967012,True,1,2e-06,1e-06,0.019765,0.012794,8e-06,0.967012,0.000418
c5b472cfd33c73c1b0398f1c4a14e5f2c7d93506c8a9864245455138e84c25f6,bcc,bcc,0.853285,True,1,0.005524,0.853285,0.004781,0.131928,9.6e-05,0.004247,0.00014
c5c9b1b3bbe9ebf3b965ea8865566e0c4ff441101fe519dc50da6cfa9480aeab,nv,nv,0.999966,True,1,0.0,1e-06,0.0,1e-06,2.7e-05,0.999966,5e-06
c62873dbcf9927a891ea62a3f8e3dbb491e7e8225304d9b966d837e3f1e062d3,mel,mel,0.973778,True,1,0.000385,0.000502,0.000428,7.9e-05,0.973778,0.023081,0.001745
c63334d6e47d1b72ea6ae751610e7f60a618135a04be9b4cd079d75ce4ba5b0a,nv,nv,0.995154,True,1,2.4e-05,0.003725,0.00019,0.000122,4.7e-05,0.995154,0.000738
c6424d96d5309e759026992abbf9dad53eae49ddb6a9f8b5f079facfa820c203,nv,nv,0.960357,True,1,0.000186,1.1e-05,0.000405,0.031847,0.007136,0.960357,5.8e-05
c66365e024b3f3a53f7245f19abfbd12e6850222311a63f5b3cf70948025cd2f,nv,nv,0.962598,True,1,9.6e-05,0.001101,0.004122,0.000266,0.03169,0.962598,0.000128
c67b1e712dc3f7c50850f61bb82fbb3cf3fd11ec884c3667b28b411388fbc0c9,nv,nv,0.961581,True,1,0.012896,0.000669,0.01482,0.004335,0.005571,0.961581,0.000127
c6a824d8ab6cad5debeb6be3144e99a30e8a8496737f7d4dda9ebc7a1f33520b,mel,bkl,0.406915,False,1,0.000125,4.9e-05,0.406915,0.003671,0.360854,0.228305,8.1e-05
c6e355942a65bfffe99e61afe27074c60ba7f5af2e18c5f3057c3e13cba91bc1,bcc,bcc,0.99992,True,1,2e-06,0.99992,4e-06,8e-06,1e-05,5.3e-05,3e-06
c6eedba233913a2c785bcd5698ceb88e882167f3607f1a91667dc4fc31fd53e2,nv,nv,0.965706,True,1,5e-06,9e-05,0.002134,0.000414,0.010092,0.965706,0.02156
c70a5145a3a18630cb2361c6b9c71b881d53b79f541058a3b97d788862aa9ebc,bkl,bkl,0.910843,True,1,1.5e-05,0.000193,0.910843,0.00134,0.062335,0.025192,8.3e-05
c724a3daf79760716b088d346920878489815bee515c4878e29224b4b0b14103,bkl,bkl,0.999009,True,1,4e-06,0.0,0.999009,0.000232,4e-06,0.00075,1e-06
c77a97046e897c5458121fc08b8d18b4946e82c279d22d8e743daa381b5aa783,bkl,bkl,0.649679,True,1,0.008684,0.028284,0.649679,0.007292,0.000792,0.296298,0.008971
c7aa5dba13e634d466b2336ffebadd890b10e7d7a7f4f0a87fc99734191b18a4,mel,mel,0.529242,True,1,0.002684,0.046686,0.02353,0.006032,0.529242,0.074042,0.317785
c7c74c6a5a97c4d363026924906563a312d2cc1010188c55e96f9254da4fcc34,nv,nv,0.848648,True,1,1e-06,3.5e-05,2.1e-05,8.8e-05,0.15115,0.848648,5.6e-05
c7cfca58aed6ec72da7dc81dc5fd86979317f279deb64d12adc5590b2458a898,bcc,bcc,0.567136,True,1,3e-06,0.567136,1.4e-05,0.000213,0.002125,0.430494,1.5e-05
c7e142a96ee0130437b364526fec55f85bb0f44f06eb3aa960ed2b22ddb493ff,bcc,nv,0.661248,False,1,0.126081,0.185281,0.021945,0.001233,0.000253,0.661248,0.003959
c7e5215dfb62fc284ad0631467db0bda97e6338e01cbbf565401d17589726c7b,nv,nv,0.681384,True,1,0.000106,6.7e-05,0.292175,0.005835,0.020411,0.681384,2e-05
c7fa597d9a64f4ced536c06297fc06f162b6c9dd2703d457570ffed3df874e11,bcc,akiec,0.619145,False,1,0.619145,0.049165,0.306402,0.000739,0.009514,0.012747,0.002287
c80e2049905cef0924c7bb30b0b2ed2d6f8c561d4e56e370c4b1ef166beb2083,mel,df,0.798209,False,1,0.001488,0.001247,0.003043,0.798209,0.01173,0.184244,3.9e-05
c80e7db1e6ac7c5d0946de6b501fbd083a198c5f2688b07ece905b52354f160e,nv,nv,0.989134,True,1,2.2e-05,7.7e-05,0.002015,0.007517,0.001231,0.989134,4e-06
c81df43c61f8f268dfc1af5b2ff3b17c4ff46c9b418e796bb12e8f2fcf545467,mel,mel,0.840798,True,1,0.001367,0.000143,0.006142,0.00029,0.840798,0.151056,0.000204
c85db9a7881f948f41a9c0a1327f08f1d568d1f5e49a530decb67cc44eec058c,nv,nv,0.999999,True,1,0.0,0.0,0.0,0.0,1e-06,0.999999,0.0
c86587f58359692ebe53fdff440848583ee6e834e1e4b4e58bfd66b65c017de2,nv,nv,0.994061,True,1,7.4e-05,2.4e-05,0.000531,0.000196,0.005112,0.994061,2e-06
c86be297c350aa39f43339c4c099d316fe9d5aac57a0e6be7cd9794c91e605a4,nv,nv,0.785494,True,1,0.000199,0.001543,0.000763,0.000269,0.206587,0.785494,0.005144
c87defb88c160d7f1f4b7821a21b5a9cbde55b5abd2063987049548b2b433fb6,bkl,vasc,0.999866,False,1,0.0,3e-06,0.0,0.0,5.7e-05,7.4e-05,0.999866
c87e81edc93ff045707193975dedc6ac6105aba44bd0ed2ceb61d1699f88f845,bcc,akiec,0.472258,False,1,0.472258,0.01527,0.410219,0.001998,0.07779,0.016251,0.006215
c8891a17edb7884a75e46693c76cae2bc5185ad6eb2ef122c599f2d459d55e9b,nv,nv,0.788506,True,1,0.021875,0.002734,0.001257,0.003697,0.181834,0.788506,9.7e-05
c8c9eff9f439df816a61cb085419f1892a694767a1d47fc3d3fa407ebda340dd,nv,nv,0.999746,True,1,6e-06,0.000247,0.0,0.0,0.0,0.999746,0.0
c8d2cc20c5a3198c1b7d267b4fde6736d16a75ab51daed232dc4e71662165956,nv,nv,0.999737,True,1,9.9e-05,1e-06,5.1e-05,3e-06,7.8e-05,0.999737,3.1e-05
c8f779d27d2196fe3a080999093d0fb9dc812f6779f978fe049c8a110c982c17,nv,nv,0.873386,True,1,1.2e-05,0.109125,0.000341,0.000245,0.00123,0.873386,0.015662
c9295f177338be8fb7fcf029b33c80ecf1f5431b63cce61da6e17725a791ca78,nv,nv,0.964737,True,1,1.6e-05,0.008678,9.7e-05,0.001712,0.024652,0.964737,0.000109
c9329744c8b702e767c400420a779b1ae5f6f06a8ec1a2912dedf020ccf77f3a,mel,nv,0.988342,False,1,4.3e-05,3.3e-05,0.000167,0.011364,4.9e-05,0.988342,2e-06
c95b217a0d40ef158bedb8f8404289de1a2f99097d452181ec1bacd7701d22a5,nv,mel,0.670445,False,1,0.0048,0.031075,0.043879,0.004234,0.670445,0.233149,0.012418
c95e20b929a6d1071d667fdc9ea7e7a86c3822b056c23d8a56f3bfd097349a7f,nv,nv,0.989984,True,1,0.000161,0.00543,0.000284,0.003139,0.00096,0.989984,4.3e-05
c972755dbe98c35515ed728231d871d1b6dca2279e74d66b0c6ed8dfd40de699,nv,nv,0.995736,True,1,1e-06,0.000361,0.000258,3.6e-05,0.00355,0.995736,5.8e-05
c9810edd1df30a59ba582596253072051c68e89518d89fea58eaf24ef7d2d48a,vasc,vasc,0.999958,True,1,0.0,1e-06,0.0,0.0,1.6e-05,2.6e-05,0.999958
c98583d73df9ffbe84c052b404aabf622ee97ee5dd5a4a65125690b3323b8922,mel,bkl,0.896828,False,1,0.029099,0.003477,0.896828,0.021861,0.01398,0.034168,0.000586
c9af426db0d8656e451a7151bb7b56ef2e5ee7e8bb9f448148046caee8cda5d8,nv,nv,0.863226,True,1,0.002499,2.1e-05,0.000465,0.122171,0.011609,0.863226,1e-05
c9f4788f0f52e2219f813180f41c4708da9e5d824bc6e849f9b3562572e8730e,mel,nv,0.710729,False,1,8.9e-05,0.022389,0.001925,0.000321,0.263905,0.710729,0.000641
ca251edc665f3772f57282c6497bdec7a5c8f9fe77c01e736762cde565af2b45,nv,nv,0.999889,True,1,0.0,2e-06,1e-06,2e-06,9e-05,0.999889,1.6e-05
ca267ee4a423b379d3da6dac5da7682c806031ae98b2ca53f24fcc7a27dee966,bkl,bkl,0.873096,True,1,0.02228,0.003234,0.873096,0.004542,0.01181,0.084763,0.000275
ca43b45153a0881503e964e6d60473779ac733196ccb3bca86cf17b056d2cdb1,nv,nv,0.991491,True,1,4e-06,4.8e-05,5.8e-05,0.007407,0.000564,0.991491,0.000429
ca5bbb179dc3969e13cdbfa82e88bfeea18c481c545a88399ab83fdc6bd8a634,bcc,akiec,0.971365,False,1,0.971365,0.005823,0.01525,0.000885,0.001129,0.00485,0.000697
caccf526157de0582006f1871bb0f7f3cc96300b052f303104302cfca2a1eeac,nv,nv,0.405617,True,1,0.016096,0.047353,0.346718,0.096148,0.086407,0.405617,0.001661
cad19b7238b9de15b1a6414b1e9849c7ede9a43ca9e92b29ba50d5513b93a101,bkl,bkl,0.810554,True,1,0.001681,0.000119,0.810554,0.001297,0.000112,0.186218,2e-05
cad55194d05853ede3a26ac2969b82fa6e3f218ee4e903818aa643978446203f,nv,bcc,0.789828,False,1,0.000108,0.789828,0.000155,0.000371,0.00021,0.209226,0.000102
cad79e68c84caa49d8f75f1fc4ab33e604521d8c4bc20661c1c745f00a3fd38e,nv,nv,0.990335,True,1,2e-06,7.2e-05,0.000639,5.4e-05,0.008301,0.990335,0.000597
cae0d3110100beadbdddd18f7f9b46b54c96edba430050b77553e2b335c76162,nv,nv,0.973703,True,1,1.2e-05,2e-06,6e-06,1e-06,0.026118,0.973703,0.000157
cafef9dfd5143967c28a7172a57ab033c33c55aa242526acc7667347d5403c69,akiec,nv,0.945008,False,1,0.000148,0.00831,0.036064,0.009547,4.7e-05,0.945008,0.000877
cb39176bdcb0855e7a636770c3222bac0ef6db1650c20e0ad26d082d4ac2f6e0,vasc,vasc,0.99948,True,1,0.0,0.0,0.0,0.0,2.3e-05,0.000496,0.99948
cb561c5e594204554916fb176e2971271fd68ba36391e90da70f052b7c5dd4a0,mel,nv,0.589698,False,1,0.033864,0.019836,0.326779,0.00577,0.023644,0.589698,0.00041
cb6772f51eaf56931c5e2c9c8459f33fc05a26e0cee7fa43007bbb8759a432c9,nv,nv,0.995087,True,1,3.3e-05,0.000411,0.001484,0.000184,0.002794,0.995087,7e-06
cb7439186a40824a6810dc6ed0c259db630e08f966c85ed478d69ac8e23a264b,nv,nv,0.738283,True,1,0.000253,0.082806,0.000491,0.013438,0.163247,0.738283,0.001483
cb7da5e296fb29b7b4e48d7773a3c805e44591eface0929f2281a2f1d48b3de9,bkl,bkl,0.979131,True,1,8.4e-05,0.000642,0.979131,7.8e-05,0.001107,0.018912,4.7e-05
cb7de864f3878386724d56fc53add5a11ff4ca552028da70f141113dd4eab4f6,bkl,bkl,0.995591,True,1,0.000528,4e-06,0.995591,7e-06,9.1e-05,0.003777,2e-06
cbbefce1e5edaf458d9c87357581ba23bd08c8f8965da062c1c1a716bf877982,nv,nv,0.978524,True,1,3e-06,0.004102,0.006937,7e-06,0.010424,0.978524,3e-06
cbd5a9febf881dca0f9d7bbf914b6f782f998ef5a93298317cbe94ceb54dc8ff,nv,nv,0.901749,True,1,2.8e-05,0.001445,0.001266,0.00026,0.095207,0.901749,4.5e-05
cbdf9133c69ad63f0c029a5fc9016aa23f9fccabaa70f4e34fa60e11ee6962b9,bcc,akiec,0.49805,False,1,0.49805,0.0113,0.450944,0.022547,0.00112,0.015972,6.6e-05
cbe2bd80abd95f718244faba83204d467e3904d9c53415ff955191bdef6bcb36,bcc,bcc,0.94577,True,1,0.002034,0.94577,0.003292,0.022446,0.004229,0.0215,0.00073
cbf598a28030b594af05c34fd625d7963a82ebc425880aaaef003ab026d30832,df,nv,0.423541,False,1,0.092768,0.06671,0.120237,0.158975,0.132745,0.423541,0.005024
cc1a59b4c8d8b0b15fbd6e53a14c9ed6bcc145fbf85c30375603f473bbe093ca,nv,nv,0.956385,True,1,0.00032,0.005415,0.005462,0.005647,0.019288,0.956385,0.007482
cc3e709f77b5cfe719aa4dc318c94c8b8cb4b63848426f072b37103fb699ba1f,bkl,akiec,0.535836,False,1,0.535836,0.016272,0.035169,0.348481,0.042976,0.018513,0.002753
cc4b13955a6d008d408db9d788e2854a8e9b92c5f482f9b8685b6009b3c4614e,bkl,bkl,0.837642,True,1,0.000523,7e-05,0.837642,0.000195,0.028919,0.13251,0.000142
cc5348713d835566c528c52adf82cf5c7e1f2b3deb87a8687f0fa6d14494ad63,bcc,nv,0.514393,False,1,0.006663,0.295573,0.146171,0.021867,0.00635,0.514393,0.008982
cc79fd44536fa23c36d99d70ab8d859c6e36c862d83ade87367028840cf14525,nv,nv,0.880895,True,1,4e-06,2.8e-05,0.003893,0.001257,0.113528,0.880895,0.000394
cc99b9b4412f58c6889025cb82fd2ffed5fe66760c610dadf7c1bf11a9e4444c,nv,nv,0.707517,True,1,0.220289,0.001392,0.002746,0.002865,0.065098,0.707517,9.2e-05
ccbeb03a788c7c95874f37c0289831c6837f52e6e06697c782181d46af2e46b8,nv,nv,0.676365,True,1,3.8e-05,0.00017,0.315594,0.00115,0.006649,0.676365,3.5e-05
ccd86b768711fd3949b8680336339b46fc1f6c2379f9f09fabca92a07c4af6ca,bcc,bcc,0.992974,True,1,0.0,0.992974,2e-06,1e-06,5e-06,0.006994,2.5e-05
ccf0a25fc8929fd02c550babd086277ea05a68f44218ebddc51dd05560a7e413,nv,nv,0.884795,True,1,0.001048,0.00108,0.049469,0.005276,0.058224,0.884795,0.000108
cd2a92d817cf6d22c5f70d1bc1706c90ed1a21e64b916050734006f63b6e78ff,bkl,bkl,0.449389,True,1,0.000357,0.00028,0.449389,0.000621,0.348679,0.200269,0.000404
cd5a7c372efed481c3ae07801e02a25d6d7cba04148ef991a4477c5616592df5,bcc,bkl,0.846688,False,1,0.002747,0.000607,0.846688,0.103472,0.000847,0.045534,0.000105
cd7c1f9d89ee32230d7ed1fa16ae2bb1401e1599ccaf0e823158099fc07672cc,nv,nv,0.937114,True,1,2.6e-05,0.0025,0.000116,0.00015,0.060077,0.937114,1.7e-05
cd9ea41142c531f305517fe3abd547a321c29203022f6e58261d187d39150420,nv,nv,0.95648,True,1,0.000302,0.000165,0.00994,0.000621,0.030954,0.95648,0.001537
cda250c1f04072edf3e6362c15c7ac1879dcfc2b689f0bae193043abe8101e06,nv,nv,0.998567,True,1,1e-06,2.1e-05,4e-06,5e-06,0.001364,0.998567,3.7e-05
cdbc9c6930cd713611419e01c2b0d834bb3808ae0a00150131fe15bf11303b26,mel,nv,0.637725,False,1,0.022379,0.089702,0.233167,0.010602,0.006113,0.637725,0.000311
cdc203aa4a905663b32b79b025c9d977778d2e8580f204fc7da33703f49f4f5c,bkl,nv,0.90036,False,1,0.004088,0.00082,0.066626,0.001607,0.026442,0.90036,5.7e-05
cdc947d14afcc0142e7fe67e4d5a3e13b08d522fadd562e662607de940f83ea4,bkl,nv,0.815631,False,1,0.001621,0.006075,0.142447,0.030508,0.003014,0.815631,0.000703
cddc1715137e9473dda66185734bf0a4200b3f0c50b6a0cf443841ad62d6ce93,nv,bkl,0.657112,False,1,0.060666,0.001163,0.657112,0.004315,0.020035,0.256299,0.000409
cdea93addec4dbb24241b7fe3e3641fe0799da108eece2a136d0a259cad3a720,nv,nv,0.929471,True,1,2.1e-05,0.001765,1.4e-05,0.000162,0.06854,0.929471,2.5e-05
ce7db7378f3a9a87835502670de19508b2f67e62c8708e678f5ff24c5db1ee6c,nv,nv,0.996734,True,1,1e-06,4.8e-05,7.1e-05,0.000572,0.002559,0.996734,1.4e-05
cec5920294da3892f405c8f1a9a9893de39795b59ded1e48ea37b0882133bfe1,nv,nv,0.992837,True,1,2.7e-05,0.003718,0.000149,0.000594,0.002647,0.992837,2.9e-05
ceddd5797dad98cce053c17b22726f299b0a84dadb668391f0658c1f42996eab,nv,nv,0.993038,True,1,1e-06,0.006551,0.000134,2.2e-05,0.000213,0.993038,4.1e-05
cf0ffa770e37d775da7e70bb65332da50ecbaa7254757d9ff8031ba8c634c5da,nv,nv,0.692795,True,1,7e-06,0.000201,0.000384,0.000125,0.306463,0.692795,2.4e-05
cf2dd072bf89fe174606aabac11c567ebc0ce11d63774384cc3fa711a4f4e348,mel,mel,0.822364,True,1,1.2e-05,0.000768,0.000259,4.7e-05,0.822364,0.176377,0.000174
cf3762f7d9fab3f6d39435372ad7aad1f57daf4d855b17b7d7abda5a0bf816ca,nv,nv,0.9561,True,1,1.7e-05,3.4e-05,0.000149,0.000116,0.043557,0.9561,2.8e-05
cf57f4c011b4c16d29b2ea4191eef2e6adae84712d85654c34516849d8f7c91d,nv,mel,0.955547,False,1,3e-06,2e-06,0.001167,0.000109,0.955547,0.043155,1.7e-05
cf66e4428b999bbb712b69efa4d1ffe440f3b4fa816a0590100c5503fd7b6ace,mel,mel,0.642242,True,1,0.002,0.002101,0.307445,0.000726,0.642242,0.045301,0.000185
cf747af85c3e59b5dbe7c4e134e1b51050377972a9bfe8a192eedbaa09514a2a,nv,bkl,0.729628,False,1,0.001293,0.000791,0.729628,0.007611,0.022437,0.23711,0.001131
cfa1b4c767f8a36af02bd06133bd93e8afc7c889101df0bf63dd3abf4aba3b59,mel,mel,0.835253,True,1,7.6e-05,9.5e-05,8.3e-05,2.3e-05,0.835253,0.158166,0.006305
cfbfb0dfdbb2a35a930873fb42ea0fded515c75965efe3d4dcd1ac9e47490bea,nv,nv,0.542148,True,1,4.6e-05,0.000108,0.000604,0.000217,0.456824,0.542148,5.3e-05
cfce6ae89c16d978b781197d30b00a0f03824b62d02de1439f532dac1eaa5ded,nv,nv,0.997808,True,1,8.2e-05,3e-06,0.001261,7.6e-05,0.000768,0.997808,3e-06
cfec95f1fce289d07626c12d421efb08ec15bfcc6279f046ea59587612409f76,nv,nv,0.663806,True,1,0.003341,9.7e-05,0.136908,0.000333,0.195428,0.663806,8.6e-05
cffd952d78644215b147cae6e37c1c067f745d4739ff81ccca05e797324dbf6a,bkl,nv,0.993536,False,1,0.000113,0.005114,0.000305,0.00017,0.00017,0.993536,0.000592
d023f79291a77eccf85f6fe3a62c4d0b404110a485fb63c14cafa12fbe0c3c9f,bcc,df,0.34333,False,1,0.061154,0.049892,0.020376,0.34333,0.265708,0.255287,0.004252
d0261b25024e839eb05031705e35fe3f5e59596a0f3258a2308331af2b941608,nv,nv,0.977733,True,1,1.7e-05,5.9e-05,0.001847,0.000399,0.019934,0.977733,1.2e-05
d03e7372e3919503ba409fd0a615cbcf067de8ae30a343f6878ca648c5fe4eff,nv,nv,0.874003,True,1,0.000414,0.000101,0.111455,0.001058,0.012722,0.874003,0.000248
d04ef0d81daa3da6103e20dadd2758920efc53dab40bc1d13f824304d5df1665,nv,nv,0.978093,True,1,1.1e-05,1e-05,1e-06,5e-06,0.02184,0.978093,3.9e-05
d04f39e2ed1b2f5e0bbe6f547c06ab5c3a6e51d1eaca1fb345de6cd134c4ecce,mel,nv,0.990641,False,1,2e-06,8.6e-05,0.000171,0.003017,0.006083,0.990641,1e-06
d078019a9b8403b21ec65783d7e55cfb5d5ef66cdc81d23d2a1aa319cf8398a0,nv,nv,0.987215,True,1,1.3e-05,0.000235,0.003115,0.002529,0.006874,0.987215,1.9e-05
d0a1992777bc8de04fb65d4276140f0f95e6e87b03b803ca9bdd3c7b31cb87c6,nv,nv,0.998377,True,1,1.7e-05,1e-06,2.4e-05,6e-06,0.001541,0.998377,3.4e-05
d0a21555b6dc7a726b48ff845e039dd6124156280fb6bfb02786ce9eec3d2fd3,nv,mel,0.544778,False,1,1.2e-05,0.003035,0.001167,0.000158,0.544778,0.450764,8.6e-05
d0f2213b78fcd32545152f15c9d38db218ead53563c8ad5dce2659b79fe51171,bcc,bcc,0.913567,True,1,0.033122,0.913567,0.004483,0.044154,0.000873,0.003551,0.00025
d10e4fe60e7b88ec187c3f2007d4856444977f19989d1ba5a2b8d16df3b37f56,bcc,bcc,0.624902,True,1,1.4e-05,0.624902,0.000317,0.000125,0.000263,0.363633,0.010748
d1256ab8c24ff2bc4d3b8bc01abbd4d5a2b998e1a6205223024bff2d6e06aa23,akiec,nv,0.869137,False,1,0.003844,0.000814,0.103911,0.017176,0.004699,0.869137,0.000419
d15bb16b6341607f6085bc4a05e77dfccca0571b95cac90e1026eaa3b220866c,mel,mel,0.815311,True,1,0.000336,0.000121,0.000345,0.000529,0.815311,0.183206,0.000152
d171283fbc69af86be4c9e083a1d404d191709bac5c0269aba59c5c4dbe026fc,nv,nv,0.999995,True,1,0.0,0.0,0.0,0.0,5e-06,0.999995,0.0
d17841c52e28c2f84dc9c884c743b702ccc8f27fdecf7e64163c36d5b80a6a55,mel,nv,0.469639,False,1,0.06355,0.004723,0.38355,0.045044,0.032141,0.469639,0.001352
d186333922b5e03939b5c9ef655c8c5c67de3b591ed2521823c24f82ca383b7f,nv,nv,0.999964,True,1,0.0,0.0,1e-06,6e-06,2.6e-05,0.999964,3e-06
d1a002ca009b3b039f1800f8fd9052ad99d19cbd2929fe512e49b827572e6aa0,bcc,bcc,0.994167,True,1,1.2e-05,0.994167,7.4e-05,4.8e-05,0.000812,0.004377,0.000511
d21736923eb40d029f394fef3ce6bb56e738a753ef84c1a1c917c87feaf1a7c4,mel,mel,0.520205,True,1,1.1e-05,2.5e-05,0.050973,0.000307,0.520205,0.428174,0.000305
d219169e5f29cf8786cb5243da8c9ed35caefa6e4d1d886985d85833dc894b2a,nv,nv,0.981594,True,1,0.000674,1.9e-05,0.016263,6.6e-05,0.001372,0.981594,1.2e-05
d231a86905749a73d58c2490c0cfd2428f808b16855eb585acef8fcf85ac3b31,mel,nv,0.580614,False,1,0.020701,0.004137,0.078694,0.000795,0.313649,0.580614,0.00141
d244bfa5f7b5fb8a9ae2e5f34087db935eb4122b1a0925e34df1eb4e96722f38,bcc,bcc,0.918848,True,1,0.000153,0.918848,0.000462,8.1e-05,0.001902,0.078022,0.000532
d244d5e760550014d4d2d8c66c7af393a644c57d644dc1768bebb5b11f3a159e,nv,nv,0.999537,True,1,1e-06,5.5e-05,2e-06,4e-06,0.000371,0.999537,3e-05
d2519352f7c6577f2636fd478718abb8012833524fbb7f4e04f4d255766c8a46,mel,bkl,0.606645,False,1,0.010584,0.149956,0.606645,0.001181,0.199007,0.032203,0.000425
d27e5277298c5d940383df5549df32d3fef92c61db2db0733a890cba08fca890,nv,nv,0.99999,True,1,0.0,0.0,1e-06,0.0,6e-06,0.99999,3e-06
d29b27b5274a331bfe82c84bff974db91af62e24c55c96e34dbae55b23a8f69e,mel,mel,0.9192,True,1,0.024257,0.000294,0.004429,0.000441,0.9192,0.051286,9.3e-05
d2af9243e7a415face0f49345e2e3354b1167a2d8b7ecb179e815750d20739c6,nv,nv,0.916975,True,1,0.000709,0.003089,0.056681,0.01394,0.008366,0.916975,0.00024
d2eff0bbf1af6fb60d1bc1e31b71ccd76c2cc6e3e81d4e15867c4eefbe831d97,bkl,bkl,0.988679,True,1,0.004552,0.000101,0.988679,0.000118,0.001928,0.004562,5.9e-05
d2f5071b6db41fec08322859223ed723e8a1070feae16404e65e605482c90863,mel,nv,0.956275,False,1,0.003241,0.016339,0.004589,0.002744,0.009117,0.956275,0.007695
d2f5e2461d9423089c43cea9e7bf9164763c4bf45d966ee22cf7b0a7d7b3fcf4,bcc,nv,0.728564,False,1,0.001631,0.23722,0.02774,0.003772,0.000649,0.728564,0.000424
d30253b21cd82fde440526e07a2a566789b0f3acafa5f625e83509e1d006e10a,mel,mel,0.892647,True,1,0.000337,0.002891,0.026751,0.000143,0.892647,0.042904,0.034328
d30b1d106d4e81eaefa1dcac7569d4617891730af8461a09b009d69286680c16,nv,nv,0.999824,True,1,0.0,0.0,0.0,3e-06,0.000101,0.999824,7.1e-05
d330091cdc2954f8e283de5b7bc3f1d373bbd8d37ed55354cbcde130d2f700c9,vasc,vasc,0.999397,True,1,0.0,5e-06,1e-06,0.0,0.000457,0.000139,0.999397
d36dcc18ec2919575beb8abc0020696cc3c7e0186799584d12cda8135bb017cc,bkl,vasc,0.550116,False,1,0.000877,0.009177,0.021993,0.006863,0.149708,0.261266,0.550116
d39803d11ca346b151c36c1e8d300ed4535ef21ae08dda3eccf0924349b0a6d7,nv,nv,0.98698,True,1,1e-06,0.000257,3e-06,9e-06,0.012749,0.98698,1e-06
d3ab8c3795af24fe6506935edfd82c4a4043c3dc7966de88bee58d69d7a20e9b,nv,nv,0.999988,True,1,0.0,0.0,1e-06,6e-06,1e-06,0.999988,4e-06
d3c760fb17c42c3663345aa7a3f0390511b84a7bc59e254920dc2cab1fe3c893,mel,nv,0.871804,False,1,0.000978,0.125183,0.001524,6.8e-05,0.000347,0.871804,9.6e-05
d3d85a298cd090a657934db907f1d53e4b214bdc6c36070cf55616035a0c7636,nv,nv,0.709168,True,1,1e-06,0.000207,5e-06,0.000432,0.290167,0.709168,2e-05
d3e3e8d7a5e4e995acc5a459dcba8e2da44c5a0ea2349f6d975b3793383098e7,nv,nv,0.998626,True,1,0.0,1e-06,8.6e-05,0.000669,0.000109,0.998626,0.000508
d415fd1b37e4efcda8f610e6453a103f7d4abdb93c1eb1924fe7afe7969bc3fb,mel,mel,0.531778,True,1,2e-06,0.000248,1.5e-05,0.000213,0.531778,0.436629,0.031114
d43de68a67595fd6d340d3ebbea6a25384eee945782c933190b7cd0cc5311271,bcc,mel,0.719021,False,1,0.011677,0.003272,0.249931,0.000806,0.719021,0.015199,9.5e-05
d4a7eb3a734ced3830629d2d544a08789964bab4d5b4863b5fc91f779abcdeff,bkl,bkl,0.883838,True,1,0.007963,0.002791,0.883838,0.011212,0.018221,0.075114,0.000861
d4b91b36dd5cc722d76a080b8681c7cece0f6cc7a92bfa0f34e1b37d02abb185,nv,nv,0.778228,True,1,0.0,9e-06,0.000202,8.1e-05,0.21079,0.778228,0.010691
d50636aaed2e33f3da223b0205a9358c45395a579457555d4ad4429d1df6c60c,bcc,mel,0.776156,False,1,0.00153,0.004299,0.000307,0.010559,0.776156,0.033427,0.173722
d5234e27db1945679f4465416fe341ae99e4a4ee80a5ea907f0a760769d33e61,nv,nv,0.99997,True,1,0.0,7e-06,1e-06,9e-06,6e-06,0.99997,7e-06
d5243740f9e416ae8d85c2c771579ce76a0bb5f2144a2e502b935034aa7d1122,bcc,akiec,0.79444,False,1,0.79444,0.002171,0.169071,0.000132,0.006137,0.025355,0.002694
d53116ead77772a2028e24e3f5659b0fbaa7d59ef09c7e4ac93b80cfe18eab98,bcc,bkl,0.488844,False,1,0.01024,0.176791,0.488844,0.147273,0.034381,0.140491,0.00198
d53c909a68a6bd5b423718e5a3b0e2c648c4dd747f30e8e2c0a57492e45a37b5,nv,nv,0.998298,True,1,3e-06,2e-06,0.001124,1.4e-05,0.000541,0.998298,1.7e-05
d548e505e48d08e07e3b2470efaa958bdea86f946a9f6ee57ae137c44e3b5840,nv,nv,0.980533,True,1,0.000259,8.9e-05,0.000108,7.7e-05,0.018768,0.980533,0.000167
d55cccb32dbb8534afb517dd3f7e0da3a4fde07494012a265642d19dfeaf36f1,bkl,bkl,0.944522,True,1,0.006419,3.8e-05,0.944522,0.033809,0.000918,0.014187,0.000107
d57bd32eea5485d51acd6509229ad92855843ba3557e524900471d9b1b6fe0be,bkl,bkl,0.737433,True,1,2.8e-05,0.000268,0.737433,2.2e-05,0.056628,0.205592,2.9e-05
d580cf7f2e21a2140f8f1cc2302f1064700c0e25d8fce25701f21211e6de2f28,nv,nv,0.994223,True,1,5e-06,6e-05,0.000768,5.4e-05,0.004887,0.994223,3e-06
d598d6296ebcb4a618405aeb1f16bc82085e5117216e0479adcfe14f43c2ae7d,mel,nv,0.723943,False,1,0.002362,0.016618,0.00549,0.012928,0.238177,0.723943,0.000482
d5b23692a78a45bd0295e69497ff80671942752434f6990b8f5181b69ab58037,nv,nv,0.926127,True,1,0.001498,0.001342,0.041196,0.028338,0.001355,0.926127,0.000144
d6165ba17c9839e3286939a1dd5f19735c5c11722fd5b218965d3f32fc4ed6e0,df,df,0.999943,True,1,0.0,0.0,9e-06,0.999943,1e-06,4.7e-05,0.0
d630e0536aeff4c2ae321dfee956927c2fa2da8f8c09309b5babeeba94e54a98,bcc,nv,0.58244,False,1,0.159286,0.081619,0.128324,0.011918,0.023361,0.58244,0.013052
d66a97e415c4b2340702529942e61a1ecd09d0d677134d0ac74d25c5d2e77915,nv,nv,0.765323,True,1,8.9e-05,0.000183,0.002314,0.000707,0.231369,0.765323,1.6e-05
d673bac920ce317daa363f27b401aa365e291dd7e75399d2514564a38e328828,bcc,bcc,0.962316,True,1,3e-05,0.962316,0.000457,0.000182,0.000167,0.036681,0.000167
d68fea73ba82d64eb7b2f054a820052ac0be1056b936bab5cf97bb93e1f14c58,nv,nv,0.943534,True,1,5e-05,0.000373,0.017146,0.001505,0.037314,0.943534,7.9e-05
d6ad05047aad0d5cc386beae34ac7ac514ff7a205b628abc40865871a23f0792,bcc,bcc,0.995643,True,1,0.001645,0.995643,0.000309,0.000202,0.000607,0.000985,0.000609
d6d48e49042ae23677567ad2192353d7d4af62e4abe3fc3c4f5aa49ec15e7cde,nv,nv,0.99831,True,1,0.0,4e-05,3e-06,1.6e-05,0.00163,0.99831,1e-06
d718d930ee83616027aaa32914788189828163cf79f86d53bf2cbb5865199b5b,bcc,bcc,0.994915,True,1,1e-06,0.994915,1e-06,2e-06,2e-05,0.005056,6e-06
d746cd3e0b0acf618261dd33a260ee0abc8425c7a56e8acbeb8612b096a631b6,bcc,nv,0.716838,False,1,0.000632,0.014993,0.01825,0.247114,0.001856,0.716838,0.000318
d77754e8546d8f0a6414166973e5bbf92846b7ea9a2793828fa974afbc59e239,mel,mel,0.539865,True,1,4.4e-05,0.002963,0.000298,0.000193,0.539865,0.455951,0.000686
d79ae384cadc45f57689843f43b634f53ba7a622ee8c43b11899c82a68c72ea6,nv,nv,0.999733,True,1,0.0,0.0,5e-06,0.000133,3e-06,0.999733,0.000126
d7af0a21d122dd72bd558a1876aac75b3534b17c2f486742b9b20e5245ede4d8,nv,nv,0.999821,True,1,0.0,0.0,1e-06,1e-06,0.000168,0.999821,9e-06
d7b094123b3f8f948ed01302466b322197504a53ca7fa989707430edebc19b93,bcc,bcc,0.949825,True,1,2e-06,0.949825,8e-06,5e-06,9.3e-05,0.050027,4e-05
d7b72c4123b211dfb4b2fadc66098212557c6e9fb5ed3be266c76e9007c703b9,mel,nv,0.530802,False,1,0.0,0.00091,0.000203,3e-06,0.074021,0.530802,0.39406
d7ea2075434141d3f9d0401d70a9f05cf37b2eb14fe99a0d2d08ff6763e45afb,nv,nv,0.92877,True,1,6.4e-05,0.068984,0.000608,0.001126,0.000274,0.92877,0.000175
d7f74b5647e02b2f434c18c654600b7f7dd9b1ba68ed9505dddbcdb1b883f9db,nv,nv,0.702807,True,1,0.003241,0.000425,0.033849,0.000207,0.253627,0.702807,0.005844
d87d74c0c6653ea41c95d30d3f7c8dda0eaa2701048ed4b18d0046a17e8f38d9,bcc,bkl,0.984518,False,1,0.005602,0.00038,0.984518,0.000187,0.00128,0.00627,0.001763
d8a60a62777b736849da39b1cc2827cb783af61f8361ebefd7a80c6aa0a7f7fb,nv,mel,0.599234,False,1,6e-06,6e-06,0.003481,3.3e-05,0.599234,0.397229,1e-05
d8ae626384df38bacb777b83985fc9df0ba3053369d25db9f26d4ef76a06e481,mel,nv,0.94216,False,1,1e-06,7e-06,9.5e-05,3.9e-05,0.057694,0.94216,3e-06
d8ca64a253c19d541aaaf7c09f3a5e280a6e65e8997c975ba451f598c18d03bd,nv,nv,0.993511,True,1,9e-06,0.000278,2.5e-05,0.004238,0.001354,0.993511,0.000585
d8d8f45c7b288db231866f321865945fba545b7fca047b380e08c15bfefd7101,mel,mel,0.9973,True,1,5e-06,1.2e-05,4e-06,1.2e-05,0.9973,0.000158,0.002508
d8e0f3bca6c4b231ed2af0220128fff69feb682f5e4395dd74a13ad6d96560e2,nv,nv,0.998213,True,1,0.0,6e-06,0.0,0.0,0.001777,0.998213,3e-06
d8e23779c8361f98ba81e6985234b435b06c1c45de456ecffa6be321c842e686,bkl,df,0.944131,False,1,0.001284,3.8e-05,0.025021,0.944131,0.020141,0.009362,2.3e-05
d8eaf8362b373a1a0a85156f34e31231a09808adfdf712adf95d4e04e31ec1f5,nv,nv,0.999994,True,1,0.0,0.0,0.0,0.0,1e-06,0.999994,4e-06
d8f3f64f56e93024d363d66fa3dffc77a9f4ca0ce11327322343f62c780adce3,bkl,bkl,0.896032,True,1,9e-05,0.000969,0.896032,2.1e-05,0.003088,0.099755,4.6e-05
d8f461472dcaa7100dccb7e13e0c6c42a2ef3c55a3e5ad8e611dcba04fcafddd,akiec,df,0.40174,False,1,0.006902,0.000763,0.12835,0.40174,0.224173,0.237564,0.000507
d90844647bf2e1cde2156c87569d3d5a94ad1e173669f96248f8f427fb83e08f,bcc,bcc,0.862721,True,1,0.02684,0.862721,0.084227,0.00737,0.002222,0.016215,0.000406
d94f0303c78f96997ba2cfe3e9883d0ccf1cf98fb6c075a1d6b8ea74f2976acc,bcc,bcc,0.886001,True,1,0.009778,0.886001,0.002181,0.000555,0.094255,0.006734,0.000496
d970379187c97b1a4cf7e4e5f54ccf7c7ce56977470787cca0218ff0bfa4e99b,bcc,bcc,0.835639,True,1,8e-06,0.835639,9.9e-05,6.2e-05,0.000453,0.162775,0.000963
d9a3571b59cfeb89b7fdd1ee980e1e9e435c3a366733baca31a1425a6a28ef6f,nv,nv,0.976888,True,1,0.0,7.6e-05,9e-06,0.000322,0.022695,0.976888,9e-06
d9bd4dc3a6851c96a15257d6d5b7f576208e843b948abb2cd84eca05c24186da,nv,nv,0.983588,True,1,1.9e-05,0.00106,0.003758,0.000343,0.0112,0.983588,3.2e-05
d9c145569e3c3c521169d653dd8bcb6de2f35a7e03eab8372784de4994362164,nv,nv,0.623727,True,1,0.080494,0.004725,0.274021,0.001163,0.015586,0.623727,0.000284
d9c7bdb71d8662a591110ff2ab08acac59508031d4abdf03f59685208f4a5ffc,nv,nv,0.991403,True,1,1.3e-05,0.001658,0.003731,0.000222,0.002951,0.991403,2.3e-05
d9f0b0be3b6ff9a9d6dc74018ef1ac22acb8b2f6217efca9b39ff8ea7ad180c3,nv,nv,0.506824,True,1,0.000247,5.2e-05,0.454518,0.007708,0.030609,0.506824,4.2e-05
da1371fd534c4d2cba500410d3b9d8fbdc7b3d849aa5cbe68417f87ddee49234,bkl,nv,0.691735,False,2,0.010683,0.008858,0.254315,0.000947,0.024774,0.691735,0.008689
da1e10a8e4b724e0841e486c485df08a4e1f06b6b46e4f51238321de02586a39,bcc,akiec,0.984766,False,2,0.984766,0.004313,0.005903,0.000224,0.001406,0.003347,4.1e-05
da369b5084b541762798803e8e273290574ee0dd524cdff31e372b15c43ba9f2,bkl,mel,0.36045,False,1,0.001059,0.286829,0.269341,0.000467,0.36045,0.07863,0.003224
da3967f8149d3d7df41b8e7ccc7d68947df144bd25ee8f26d499189b0b848206,mel,nv,0.617555,False,1,0.000382,0.006174,0.001076,0.001069,0.373314,0.617555,0.000431
da714c3de4596b6bc5144d135001f7907ec7cbbd864a2f4e8edc01930c90c155,mel,bcc,0.66237,False,1,0.013609,0.66237,0.008903,0.179147,0.036188,0.09505,0.004732
da77a89df9a0986f92ba70761202708be032eaf2cf636adcf8c5e694ae48b985,bkl,mel,0.814123,False,1,0.000307,0.003684,0.018702,0.000319,0.814123,0.162799,6.6e-05
da7ba4b720a11aa32d29d0589d057423ba5e02409aa14728a5adcdb1b1773878,bcc,bcc,0.464691,True,1,0.010001,0.464691,0.328966,0.136989,0.010386,0.047236,0.001732
da7d485ad409c68c8f7cf18fb25290d524f2d1b4dab249e5fb8df34b9eb93781,bkl,bkl,0.660678,True,1,0.000532,6.4e-05,0.660678,0.003393,0.081868,0.253424,4e-05
daab542cabadc4c5a188c20eeddf23a6377fa273024fc56e9a74d8f0198482e9,bcc,nv,0.588985,False,1,0.001154,0.381261,0.010681,0.010094,0.006642,0.588985,0.001183
dad89092db6a7c7bff06832fa53043f2b4c1fc3e0a8eaa9b85dd5067238d0c8b,mel,bkl,0.732838,False,1,0.006991,0.000381,0.732838,0.007063,0.055618,0.196944,0.000165
daf5a2808e311fbcb16bac7b28cbb52d630ab6111e8e3f9643fb242d8f7b9141,bkl,df,0.964838,False,1,0.001008,0.000204,0.00179,0.964838,0.02503,0.007043,8.8e-05
dafe0b9ff5ece0bd7dfe7d8aa13a900fcf0d9fb69ede853500f76971571a4fee,nv,df,0.536352,False,1,0.00399,0.004155,0.000435,0.536352,0.001159,0.453784,0.000125
db0b63d9d3842b45bbd3a085528a323c68e4abfec08390577e77cdd9ed367446,mel,mel,0.63658,True,1,2.1e-05,2e-06,0.001537,3.8e-05,0.63658,0.361779,4.3e-05
db2c37796bd2d884551138412556dc80eb30bfef106983bceee99bcc938824df,nv,nv,0.99944,True,1,6e-06,4.7e-05,0.000165,2.6e-05,0.000273,0.99944,4.3e-05
db4a5f46502d851652dd7541d8d44b0284fc6d6a14af3b72c0fee08e85b4543d,mel,mel,0.632936,True,1,0.000253,0.019192,0.014658,0.002806,0.632936,0.329856,0.000298
db4b970507d1f9c02a15657c00dd00a022d36ac275e4d0cd83549e4eb1d7f0dd,bcc,nv,0.687947,False,1,0.008143,0.19487,0.098713,0.005794,0.000755,0.687947,0.003779
dba9910ae8acfa9a0cf97e2d50150681455a7a523b758e1508d05b52cd7f5547,bcc,bkl,0.940322,False,1,0.042043,0.00238,0.940322,0.002076,0.001448,0.011679,5.1e-05
dbb6464da96d7461c68904b7997fd3fae7646ce9dc195c0500d16a7367f5b4f7,mel,nv,0.799878,False,1,0.031346,0.056329,0.007545,0.000823,0.103249,0.799878,0.000829
dbee258ac96b792e44924805dfa18cde0dd3e5b128bd2ee0ba057b188e761326,mel,mel,0.832803,True,1,0.000849,0.001296,0.001254,0.000153,0.832803,0.163537,0.000108
dbf19d8b024cc4795dfc9effc20e71794206ce0fb4171b25d1e08161cc1ba74a,vasc,nv,0.997482,False,1,8e-06,0.000422,0.00045,0.000615,0.000326,0.997482,0.000698
dbf32e4a58323b530430b379bb4990e6f88c845822fc4c29e7b1bc412ced11ae,nv,nv,0.990943,True,1,1.2e-05,7e-06,0.000131,0.000142,0.008746,0.990943,1.9e-05
dbfb7265e9206ca81b1fb06fb1059d767c00fee26162e0c52a696cf952134a66,nv,nv,0.99995,True,1,0.0,0.0,0.0,0.0,3.4e-05,0.99995,1.6e-05
dc155dcf741a1286134c2588ae7b138a9902c9e3252b1433c545e829029f6a9f,bcc,bcc,0.999939,True,1,1.6e-05,0.999939,2e-06,3e-06,2e-05,9e-06,1.1e-05
dc35fd8d9df6f423dd50065dd879241a226edf184b7c5bc6ebb44f7ce859a8e3,nv,nv,0.987762,True,1,4e-06,0.000395,0.00104,3.1e-05,0.010754,0.987762,1.4e-05
dc67be8a3c7ac168d1eb612d4f65938a311f9f7c298110358e22efbc3d847da0,nv,nv,0.976137,True,1,0.0,2e-06,0.0,2e-06,0.023816,0.976137,4.2e-05
dc88c899242f5ce0e5d79c95b820a86ca9be2c121e165daadbb8b5f806fa7ab1,nv,nv,0.957613,True,1,0.000866,0.003297,0.015406,0.019284,0.003413,0.957613,0.000121
dca40a71485db2c92ae230bee0a80f49a59fd706113b8ee2a06817fa251b753b,nv,mel,0.560171,False,1,0.000307,0.000125,6e-06,0.004175,0.560171,0.431899,0.003317
dcb90f8aed35135032d98bf8cfb140f8ba2512df15bf1da1a17021b3e8fc1779,nv,nv,0.986689,True,1,0.004943,0.000251,0.001266,0.000121,0.000257,0.986689,0.006473
dcd9927ef8949a96a4967ff5d16f5afc23097533087a250ad35ad6bccdcfd775,df,df,0.999968,True,1,0.0,0.0,1e-06,0.999968,0.0,3e-05,0.0
dcfac86dd6d3b9dcb1fff6ae0d931b3742b9c7fac3900cd0f55a0af22d8129d4,nv,nv,0.996908,True,1,6.8e-05,0.001417,0.001321,0.000202,4.8e-05,0.996908,3.5e-05
dd0d7a7fb1b4832cc65404c40dd78ddbf23fdae4a78bf1f41e6db85c3cd22857,nv,nv,0.998205,True,1,3e-06,9e-06,3.6e-05,1e-06,0.0013,0.998205,0.000446
dd27812f50832d4273cb8a63758a1cc9ad4c2d73aef2da382f2ebd84d0f0b7a4,nv,nv,0.999929,True,1,0.0,0.0,1e-06,0.0,5.2e-05,0.999929,1.9e-05
dd4569baf628f15aeeddbbeb7494da6ffa1bb83ae63ab8cf34e6b2b2f36ebd40,bcc,vasc,0.787945,False,1,8.5e-05,0.00325,0.000768,0.0001,0.001512,0.206339,0.787945
dd8fd3b0388cbec217cc6f9857473e849053ff26c65177aae9bedbad0fe16d41,bcc,bcc,0.900346,True,1,3.7e-05,0.900346,0.001643,4e-06,0.070463,0.027226,0.000282
dd9f343f7207aa0a9819999ac1d39b8236b9780ffc3f4ce516204d5eeac03e40,nv,nv,0.894205,True,1,0.013422,0.004725,0.023966,0.034192,0.020135,0.894205,0.009355
dddd325942aa1705f9707e1ee4789dac18dc5367d6f49aef1ddf883af4128a68,nv,nv,0.804925,True,1,0.000215,0.000978,0.114878,0.000105,0.078492,0.804925,0.000406
dde3578af8953c55798e6574c1c4f6ad8e41526f2c0a6eb936d7680e31a54f50,mel,mel,0.93427,True,1,2e-05,0.000361,9.3e-05,0.000385,0.93427,0.055627,0.009244
de13faa5e4c439e424456fe4583a8231e05d84bf1088633b42c926a476037b73,mel,bkl,0.964887,False,1,0.000915,0.000171,0.964887,0.000366,0.000253,0.033032,0.000375
de2007df3bda50a41c9339b47ff6a1c08d350793a4ae173c15e45fedb29466d1,mel,mel,0.669348,True,1,3.7e-05,0.000564,0.000149,0.00011,0.669348,0.015562,0.314229
de241413f0d7981679fcf95ccf38d9413414f7f5335730cff362e43739864101,nv,nv,0.988222,True,1,1e-06,1.4e-05,2.3e-05,0.000317,0.011387,0.988222,3.7e-05
de245f90cca447a83ace8d41f1e27da18dae191e646a04d492460e15928bc79c,mel,nv,0.977461,False,1,1.3e-05,0.000232,0.000746,0.000869,0.020616,0.977461,6.3e-05
de37267aa960f6504a741b4cb42fe6f1c784bdcbb5aa6fed3f240278eec80e7d,bcc,bcc,0.687188,True,1,0.007218,0.687188,0.007695,0.057617,0.204553,0.034457,0.001272
de4cee64c03a6b672eb5d2ea4a66d4c499ae56d8ac9fa0a80f0f56c4b594db3e,bkl,bkl,0.682169,True,1,0.002418,0.003553,0.682169,0.027499,0.000107,0.281342,0.002912
de52489ac5298dec1b1188fc14ad832b336eee483b26e2a2294a3c5727c2951f,nv,nv,0.996707,True,1,1e-06,2e-06,2.8e-05,1.7e-05,0.003238,0.996707,7e-06
de6d6b1dc9dbfde25221d6f9acb82a68c733bc758e4d4934b5ecc9b8e7cd9a20,akiec,akiec,0.998286,True,1,0.998286,1e-06,0.00124,5e-06,9.8e-05,0.000358,1.2e-05
de773381cd6fc4998521f9c96ff809fcd27c203418aebffdd78787b0162d7788,bcc,bcc,0.604772,True,1,0.118841,0.604772,0.017557,0.209097,0.001228,0.04843,7.6e-05
de777755ea061aaea746d29554ebe64792979e4bb06dd02f8ac0c002443ce45c,mel,nv,0.574417,False,1,0.017312,0.005979,0.05538,0.104322,0.241841,0.574417,0.000748
de7b97b2a908e5d69244c6ece9b97f9c9b1edf0354138d5272406e3482e84975,nv,akiec,0.962075,False,1,0.962075,0.005356,0.017268,0.00039,0.011086,0.003607,0.000217
de8a8f698c7a4e3eaf1cfabbfb16f21bf0fce39c4715cd143be80c98fb34f43d,nv,nv,0.999868,True,1,1.3e-05,3e-06,4e-06,2.9e-05,5.8e-05,0.999868,2.5e-05
de9722602d9552da925bfd6c6ebe5b566ac336651d869e429c3b41903c93a63b,nv,nv,0.993291,True,1,5e-06,0.000684,0.000732,6.1e-05,0.005226,0.993291,2e-06
de98953732928a9a9bc9e52fb8611bc8a6391dcbaf9236c4375bd4bd9688f866,bcc,nv,0.850658,False,1,1.2e-05,0.145902,0.000234,2.6e-05,0.001233,0.850658,0.001935
de996620bf45de79081ebc37db8c1ca223f971fdcb453131a43a95d5fd53910e,nv,nv,0.993171,True,1,2.4e-05,7.2e-05,1.3e-05,0.000114,0.006597,0.993171,8e-06
deaa678161ad8f06ce7dc0f00b287a4fac17e9ec4c04b05ee6eb45c12c17f530,bcc,bcc,0.714873,True,1,0.006286,0.714873,0.194791,0.010454,0.002947,0.056924,0.013724
dee2e826837e43f63df8021ea678b0edf4dc59e0ecab60d73702c693d0b7fcf0,mel,nv,0.527319,False,1,0.005007,0.005888,0.0187,0.004847,0.408703,0.527319,0.029535
dee3c01a59d2689189acd1e334744691a03ad9eef5f746acb1d91166548420a8,akiec,mel,0.624916,False,1,0.053621,0.199325,0.068987,0.012669,0.624916,0.035596,0.004886
dee66b24ab60f7323d4d55007aeebe4e1624b275185315f6f31c24a99b1950c8,mel,mel,0.997332,True,1,0.0,0.0,0.0,0.0,0.997332,0.002653,1.4e-05
def46a3e076cb1ca876185ccfbd5e081a30bfc1cdbeb4dde31de3a8cf667279e,nv,mel,0.508719,False,1,0.000644,1.2e-05,0.001078,9e-05,0.508719,0.489066,0.000391
df10540b3d29f41c95b70f6a79a9622aca2e8d3988631f14b2a4d9b443dc3c15,nv,nv,0.951105,True,1,0.000165,0.045135,0.002916,0.000488,0.000157,0.951105,3.4e-05
df28aaaab9e7367e5538fa4069383c028aaab9c660bb0f95f9b043ea59f62a6c,bcc,nv,0.494176,False,1,0.007723,0.36194,0.035865,0.087163,0.011972,0.494176,0.001162
df5921774a0dbab054ab20985a7e40de664b3af21403f5b16147021b2e435ab0,mel,mel,0.957311,True,1,9.2e-05,0.000234,7.3e-05,0.000229,0.957311,0.041173,0.000888
df85b77ddbd37683f297edc1b6902bdb7e779b2e0acc599def0ce13e44f1a804,nv,nv,0.96248,True,1,0.000114,0.009275,0.024762,5.6e-05,0.003265,0.96248,4.7e-05
df9df3a116722d3ddbf2606161325646f6ddec1d0aa490c6c9f8f202ffc471dc,nv,nv,0.835872,True,1,0.007043,0.04985,0.101859,0.004336,0.00084,0.835872,0.000201
dfbab390a3b9e9559ed8a2b1aa872b0f1a26d7e2a9538031989d1387457318f6,nv,nv,0.999898,True,1,0.0,2e-06,2e-06,1.4e-05,6.9e-05,0.999898,1.4e-05
dfd2c95bf56c001ca3bfc021df3dcaa1a5a7da5bb5e0b44a280d9d4a6a4fad39,akiec,akiec,0.488408,True,1,0.488408,0.071745,0.157624,0.038016,0.004762,0.230486,0.008959
e027b496ca7ef689ec8782ae6456152f83f301d9aec07666e98f83940e42d9ef,nv,nv,0.999779,True,1,6e-06,1.1e-05,0.000157,1.1e-05,1.3e-05,0.999779,2.2e-05
e05c30c7745026b16cc00ee5c4b9624321b608f861c3b7609b3beeb0e5d6d678,nv,nv,0.947693,True,1,0.000266,0.000178,0.014194,0.003269,0.030871,0.947693,0.003529
e07532f677c2605b8286424f13c02711ba91f751a04c2fd52ab0bc0f9b9d79ee,bcc,mel,0.810102,False,1,0.000212,0.004483,0.003926,7.8e-05,0.810102,0.012563,0.168636
e09b0b3205bff48e1b5d5552a529fb7cdbbe3e979c18765585362921cd5c33bb,bkl,bkl,0.936722,True,1,0.010482,0.000513,0.936722,0.000175,0.001021,0.050912,0.000175
e0ce7fb1159ad7e586f0bc5f231026b0c026e3b5ed92a1805427826c13c5505f,nv,nv,0.999637,True,1,0.0,3.3e-05,1e-06,0.0,0.000289,0.999637,4e-05
e0dedbcc38f3158cb1fe8534168be927a6824f3233976ca94c21d96ba9575832,bkl,bkl,0.923672,True,1,0.000632,0.0026,0.923672,7.8e-05,0.011977,0.060845,0.000195
e0e5a1550997638c20f45b57e2770e03fbc1176f68ea28d293152935ea2f1e82,bcc,bcc,0.992624,True,1,1e-06,0.992624,1e-05,3.4e-05,3.9e-05,0.00724,5.2e-05
e0f4f495e561449550c7d3cf5992635d6f7ea46442842cf52347ec10d6a8b46c,nv,nv,0.93574,True,1,0.012296,3.4e-05,0.000927,0.002612,0.04828,0.93574,0.000111
e11b15953c2a61a0a1ad8eae8b52d15d6d0df0f8cf63895181f78db939623fe7,nv,nv,0.999805,True,1,1e-06,5e-06,3.6e-05,1e-06,6.1e-05,0.999805,9e-05
e11ca727da2300c7cee8e68dbf38ee2577d07a70fce5973125e05d14f26bbd9b,akiec,bkl,0.973977,False,1,0.003845,0.002074,0.973977,0.000755,0.002341,0.016789,0.000218
e144d9227a8a3a8e8294aadd7b52d34dff1ccb1bed159d0b8eb528ec370cb736,nv,nv,0.938003,True,1,8.7e-05,0.017579,0.020689,0.000184,0.023419,0.938003,4e-05
e168ea918ae0b587c9552c1eddee978c981fda0baad01c28aa1dc208a2680588,nv,nv,0.978343,True,1,8e-06,2.9e-05,8.5e-05,0.000165,0.021364,0.978343,5e-06
e17825197010517d9ce8c1c2d09b7d67d2d06f08beab5c2d218faf52a07ddee2,mel,df,0.35421,False,1,0.0889,0.092659,0.154878,0.35421,0.005811,0.302412,0.00113
e1954398b1838df2b58d7716d5aa8eda881df8c23c26a2eae5d657f5812ace63,mel,bkl,0.968413,False,1,8.9e-05,0.001408,0.968413,0.000104,0.01915,0.010644,0.000192
e1ac2c30ef3973ab0d6835d48c2eb52dfafbd4947bcb3ce5e66829de25fc7c56,nv,nv,0.6638,True,1,0.013838,0.000937,0.033962,0.001852,0.285195,0.6638,0.000416
e20bccf3a93d0e9c5a48e73b19e83dd71fa64ecc4f0dbb7158a32ac4179218f1,nv,bkl,0.561077,False,1,0.000321,0.00061,0.561077,9.4e-05,0.049854,0.387841,0.000203
e212829c80ee3e172628b57a2b098dfd9c92dc3269f2d10322bbe11940ccaa39,bcc,nv,0.364835,False,1,0.012894,0.360119,0.249866,0.00536,0.000351,0.364835,0.006575
e219fd5a2e02fabb05da1493ec7bac0b13bb1013a9fc298839e12ec154a5d75f,nv,nv,0.995798,True,1,1.7e-05,0.003563,6.4e-05,0.000361,0.0001,0.995798,9.7e-05
e21fca1ddde2abd469b21c91b2c89581cf1c836bf7b978bc0ef2ae8d874dd4b0,nv,nv,0.793236,True,1,0.000176,0.001983,0.000858,0.000477,0.202776,0.793236,0.000493
e24af661eab41990c8a90b54d0a8722b3e1528726a12337fdbb0676acc88f616,nv,nv,0.958808,True,1,2.5e-05,0.000583,0.040095,6.8e-05,0.000401,0.958808,2e-05
e257ffaadc43ecb64f79fa1fc38bea659fe50374e5a5e1b3885c3e69942e4890,nv,nv,0.999801,True,1,1e-06,7e-06,5.2e-05,5.4e-05,8.5e-05,0.999801,0.0
e2e474329afe9e9770b7b6a096329ee4cd1b8b39d4d06fe658983c18cc38dbda,mel,nv,0.992142,False,1,0.0,0.0,5.3e-05,8e-06,0.007795,0.992142,2e-06
e2fe6b0e985cf0287f3ad1f219e1f513193ebd4c615541f5fcc2d1df024fa723,mel,mel,0.998991,True,1,0.0,0.0,4e-06,0.0,0.998991,0.000997,8e-06
e336b7ee5de468dc423b288c5c3879663f10ca72f356b4ea924538436a733640,bkl,nv,0.73272,False,1,0.001473,4e-05,0.045773,0.000354,0.219529,0.73272,0.000112
e34993ad0e33e8f9850d3d2e2186dab529b6e6f4b7d2fc4a5f404ceb0902c621,mel,mel,0.783811,True,1,1.7e-05,0.004334,0.003959,0.000209,0.783811,0.203506,0.004165
e35858e7d0155fff996d420ec4dcd5601b5cf2590f3b3e2eb69d2c028f02bf27,nv,bkl,0.962907,False,1,7e-06,4.5e-05,0.962907,7.3e-05,0.006822,0.030099,4.7e-05
e37c0ede0ae4a10826b0227c2e9ab65afa351b3649b2332d79c39d490ecdb399,nv,nv,0.669676,True,1,0.000456,0.00672,0.001089,0.005531,0.313806,0.669676,0.002723
e3844667f323e95883b588b1709d032806ef3caca3f833a7ab5b40bc2ed359cd,bcc,bcc,0.85308,True,1,9.5e-05,0.85308,0.000144,4e-05,0.000147,0.145989,0.000505
e39947da266cfc51092bcded685a08c9064cbbfe14aef5c64a3eb44b43823ce8,mel,mel,0.92944,True,1,0.000448,0.033055,0.026706,0.000454,0.92944,0.002469,0.007426
e3a59d6e3cc9de2ac3fff9b840262f3b7706247b1df02bca2c0e7c7ff02e631a,nv,nv,0.999965,True,1,0.0,0.0,0.0,0.0,6e-06,0.999965,2.8e-05
e3cb9c9fa8ff6ac34820785ac48b2480bb8fbbb7e969370bdc50d16c175660e4,mel,mel,0.912905,True,1,0.01094,0.000442,0.009404,0.011278,0.912905,0.014852,0.040178
e3d7b892a71910dc8604ade389ce9ded210fddb91ad16f03e599435d3536d547,bkl,bkl,0.549342,True,1,0.004073,0.202508,0.549342,0.000183,0.002885,0.240856,0.000153
e41dee0426e7797872d19732de72fa1e542206d3bf8c9a6ba4f935ecf4aa3dd6,bcc,bcc,0.473747,True,1,0.011498,0.473747,0.076393,0.023841,0.058414,0.355194,0.000913
e45ed1b3207e668c4f6c6f850fde6e37233881d31e2534c327f56f1128b4c23e,nv,nv,0.990011,True,1,5.2e-05,0.000118,1.6e-05,9e-06,0.004441,0.990011,0.005352
e460dfa53dad8a273b8ec3265d6af4e66ce9175eca7a587a8a4cdbb5088b74b8,vasc,vasc,0.750497,True,1,0.0,0.002867,9e-06,5.7e-05,0.000812,0.245758,0.750497
e4638cd763037605229beb0c67038bfadbbf0258b93ce5793b96f76e6ac658fd,bcc,bkl,0.411321,False,1,0.10829,0.145917,0.411321,0.004869,0.000648,0.326808,0.002146
e47200164b02075722609de12320d140bc97b433d05eced374aea74a161352cd,akiec,nv,0.97507,False,1,0.003151,0.000317,0.007135,0.000451,0.013718,0.97507,0.000157
e47c0652205e4afe1960d946201e59117ed7664a89ddb0a4d1ab71f3c764469c,bcc,nv,0.866443,False,1,0.0059,0.022928,0.071305,0.024923,0.007658,0.866443,0.000844
e48ec48aee5ede456728e40099d2cacaf9af97d89dea4e37acc7f7d507383653,nv,nv,1.0,True,1,0.0,0.0,0.0,0.0,0.0,1.0,0.0
e48ef38aa57ba7fbad64bbd16b9d7bd13b82fabd6e5bac33d038092b6cbb6a3b,mel,df,0.789906,False,1,0.000564,2.5e-05,0.000416,0.789906,0.001037,0.208043,1.1e-05
e49d09ae3399436f51db1394228ff719367d798586d30eb991b5f741cfa3e381,bcc,nv,0.828745,False,1,0.000185,0.103066,0.000797,0.002386,0.027524,0.828745,0.037297
e4ab498713290912a1a298ac17d8f4c63ddd83e7cabc2b810b1ef965d59a48a4,nv,nv,0.818592,True,1,0.039563,0.001827,0.139264,0.000333,5.7e-05,0.818592,0.000364
e4af3604d153c641883a70e5f6193f03760b08a22565bddd1b150b8d064c356a,nv,nv,0.965546,True,1,4.4e-05,0.000582,0.008675,0.000591,0.024555,0.965546,7e-06
e4b36cd07529eb0997d45553be33508868b24705f5a3d4fc1d9eadb569a4f01d,mel,mel,0.930576,True,1,0.001152,0.025736,0.001186,0.004303,0.930576,0.036365,0.000682
e4c24e877ba1478c740b8b600481a640fe7ee5c22d92bc7d81bb1c74fecff5b7,bcc,bcc,0.963696,True,1,9e-05,0.963696,0.001707,0.000181,0.001025,0.03316,0.000141
e4d21a6f25e33c567a23d20e2108a641e527a30bfe70b84b4fc72022fdd10093,nv,nv,0.918072,True,1,1.3e-05,0.000393,0.000319,0.000233,0.080919,0.918072,5e-05
e4ea13ee0357a61ecc29d1097a236b3feebffb7b66f7e4b9dccc2a8410d1650a,bkl,bkl,0.961528,True,1,0.011307,0.000178,0.961528,0.005057,0.001127,0.020719,8.4e-05
e528419687cbbc68bd2fa2e52c3e8af763ed4ff5763aa9c3d53b45dc51e5a0e9,nv,nv,0.999674,True,1,4e-06,1e-06,3.1e-05,5e-06,0.00028,0.999674,5e-06
e5306e0e3bbda6d7de1b1ad41a4dca67892c683230ef60b1d5b0f736ee043cc1,nv,nv,0.976451,True,1,0.0,3.2e-05,1e-06,3.3e-05,0.023392,0.976451,9e-05
e541096ab4f7c0b1718fa629fe6c76f4156dcf166243dbaa081831c00e314437,nv,nv,0.996518,True,1,8e-06,0.000133,4.6e-05,4.9e-05,0.003168,0.996518,7.9e-05
e54afa8daa61b83ed2eea317f5aedde965065b42c34a4d86cf2a9a12922d8d89,bcc,akiec,0.502046,False,1,0.502046,0.396587,0.008531,0.000421,0.08336,0.008491,0.000564
e54b25e621784c5beedbc871ce366eb1384d1cefd30c7f68699e9eeec49d86cd,nv,nv,0.962516,True,1,1.3e-05,0.000343,0.003715,0.003575,0.029468,0.962516,0.000368
e54f4333de1b3602dc0c70d18c720b3713e69b0f988d01fc5bd6c04f2ca64978,mel,mel,0.451186,True,1,0.071468,0.123998,0.022645,0.014667,0.451186,0.311764,0.004272
e59e60f4153b9def7ae972c4f3b385a05cbaba3a26433a5d0403168454361de5,bcc,bcc,0.882465,True,1,0.01284,0.882465,0.006486,0.010944,0.009949,0.076958,0.000358
e59f7e7491a278b688fd383b8b34860f0b6502fce65c12912dc4de55eefcd2a7,bcc,bcc,0.514192,True,1,0.198194,0.514192,0.201632,0.010806,0.000516,0.072691,0.001969
e5a80baf112d9445b5f1c81f5c7e60c3f91b9acdd6a77dd3473646962e15820d,akiec,df,0.786146,False,1,0.07233,0.041745,0.020264,0.786146,0.018572,0.059969,0.000974
e5bc77e70f2a3ef6e9ba9ac8ed7b4e7e39a48116f4a8a7d0d780367064738294,nv,nv,0.999988,True,1,0.0,0.0,1e-06,3e-06,8e-06,0.999988,0.0
e5e80063df7825d21b41d7ff7343e13a10a790ddfa2da4340270d9a99bf96d6a,mel,bkl,0.606751,False,1,4.3e-05,0.000199,0.606751,8e-06,0.006929,0.386045,2.4e-05
e5e8407b54b4d1342623e5709172fd1b9e022668e4cbdeeb965d4e0b970556af,mel,nv,0.815508,False,1,6e-06,0.001129,0.000507,2e-05,0.182804,0.815508,2.5e-05
e6167b8769592887c867beceea0c979e6943bd4526767048021e77630d00b0a6,akiec,bcc,0.618245,False,1,0.108827,0.618245,0.090823,0.084214,0.003689,0.09217,0.002032
e63d381f9ce96f6762966783465f7e1bc14e0ef4b95824210c648c314a5d44ce,mel,bcc,0.846053,False,1,0.001473,0.846053,0.000337,0.000147,0.000538,0.151358,9.4e-05
e64d3cd48ea9d37fa2ee2a0c994b52922e8cc5f090f76363a4ddc1ac5924f879,nv,nv,0.901313,True,1,0.000134,0.000951,0.002943,0.019786,0.074634,0.901313,0.000239
e652fdc4905e94b46e6effdd48d5177be2a98f6d558002c96a0f2e6a1b95d241,nv,nv,0.999998,True,1,0.0,0.0,0.0,0.0,1e-06,0.999998,0.0
e65cf803cba1eb09a5ad673f6b344cc744764214c353fabf7dc7c80d28bacfab,mel,mel,0.984385,True,1,1.3e-05,3.4e-05,0.003092,2e-05,0.984385,0.00865,0.003805
e664337d26ecb2e1208bfe07228a2f7666285cc7349b4dd94fb47422f468bba6,akiec,df,0.428849,False,1,0.001593,0.078121,0.212783,0.428849,0.008895,0.26787,0.001888
e6684ccc3ba286b744fded628580e07c781b982c07f95fec8b581dd05dd7d4c4,nv,nv,0.999824,True,1,0.000121,1e-06,9e-06,5e-06,3.5e-05,0.999824,5e-06
e670e43775bccf3f456866ecb643f31d9a63961b148b5dc6957ec126043f6805,nv,nv,0.968747,True,1,2.5e-05,7.2e-05,0.000292,0.000415,0.030412,0.968747,3.6e-05
e680976bd01e651c9f26b6bb8c357aed1a0bee4009237321dcc775fb2ea97013,nv,nv,0.998971,True,1,5.6e-05,1e-06,1.3e-05,2e-06,0.000953,0.998971,5e-06
e685ab5447d909ca515228f00e26972f720340cd1528ccccb98137030d5a233b,bkl,bkl,0.482074,True,1,0.076135,0.107468,0.482074,0.050923,0.004998,0.235232,0.043169
e69a669a01c17383e25f34e029829caf816bbf1a32db702b9847dbc08b734fd1,nv,bkl,0.823372,False,1,0.03399,0.00237,0.823372,0.000184,0.001549,0.138284,0.000251
e6a86230c8c70d77fdf251a90eb0510f5a9bfcf86b389a355f78426911a257ca,nv,nv,0.917125,True,1,0.00047,0.008037,0.00159,0.063885,0.008268,0.917125,0.000624
e6ae3c5e41733175762d720efa6d999c12738d5ef6b8ffac28e8bdf062e7c18a,nv,nv,0.999996,True,1,0.0,0.0,0.0,0.0,0.0,0.999996,3e-06
e6b2ca4b207a773c5ec0732b2f4904ce2ed80c5be0173cb03f05207ae833ada8,nv,nv,0.644126,True,1,0.000591,0.001862,0.03882,0.001579,0.312904,0.644126,0.000119
e6b330c4a4bcb099d439023780add3c12cad92e97fc2db8968e5512e67d8c659,nv,nv,0.997001,True,1,0.0,3.6e-05,5e-06,7e-06,0.002948,0.997001,2e-06
e6e0948c8b15158bec779db0d7f9766712b874473062ccec472e4ca97c4e24d7,nv,nv,0.999552,True,1,0.0,1e-06,1.3e-05,8e-06,0.000118,0.999552,0.000308
e6e147ae700fc22b4a959a81c167c6530e7ddf06b49e1a55e8ea5d7a4aaa96ed,vasc,vasc,0.999883,True,1,0.0,1e-06,0.0,0.0,5.5e-05,6.1e-05,0.999883
e6ec09707e0a425539499732af6fdc4fb8a20c00e551c419ad30b6d0faca2768,bcc,bkl,0.559882,False,1,0.010341,0.025951,0.559882,0.033816,0.02487,0.344468,0.000672
e6ed8f680cbb480d043a6b64dd77eace8359fa7f649571cfb59515b5c3b5ef9f,bcc,bcc,0.990034,True,1,4.3e-05,0.990034,0.000374,0.001206,0.000184,0.00804,0.000118
e7010e0f60931415f617f9f006379a7f1197d6ace6fd3f7524a89ff742e2103c,nv,nv,0.999981,True,1,0.0,0.0,0.0,0.0,1.6e-05,0.999981,2e-06
e736bc33756572fb2e7abb0075b1160b7c1e6d8b4b2a87ce6b8df1dd761baecf,nv,nv,0.99925,True,1,4.2e-05,0.000346,4e-05,0.000201,7.4e-05,0.99925,4.8e-05
e7387ce1534657218b183ccb2c9bef545fe53ff63cfd889da1d53d9f3bdf6df5,nv,mel,0.521509,False,1,0.0566,0.004794,0.009598,0.00201,0.521509,0.405137,0.000353
e73eb95c72e2c002d9986726443dbbd8b9dc26d9131025a4f7c0103fb0174f4d,akiec,bkl,0.721507,False,1,0.002972,0.00146,0.721507,0.002871,0.000507,0.270277,0.000405
e73ed4fee7bf17678ddf6dc78cfe3b81970dafc48e55e05aac4337ebe52f8a26,bkl,mel,0.466001,False,1,0.003733,0.000444,0.110282,0.001265,0.466001,0.417756,0.000519
e747d1c1940da735ef2873f5245016f3001b15b3577c540c76a90dcd00da0a04,mel,nv,0.468571,False,1,0.000118,0.060422,0.012143,0.021217,0.434715,0.468571,0.002814
e78eada6b06c9e409ede0f1dd896ff4e18994c3e51b2226bece21450924484e9,nv,nv,0.999762,True,1,0.0,0.0,0.0,0.0,0.000238,0.999762,0.0
e7a80476794679b84d92c28e70214b04fbbbba93611a555b9f0d8a966c5f44a9,nv,nv,0.966013,True,1,9e-06,0.000111,9e-06,3.8e-05,0.012332,0.966013,0.021488
e7a8bb58e8f24ff77b2efab1c71e55d8d2fa1f4a93f0b4aa803d0c0b781fcb95,nv,nv,0.993898,True,1,1.9e-05,0.004308,0.00053,0.000885,0.000206,0.993898,0.000154
e7a907893af059d48d1b74708ee7d13cbf90875ce3ff7e6d4c666cfb925ca110,mel,mel,0.913753,True,1,1e-06,0.000948,7.7e-05,0.000124,0.913753,0.084566,0.000531
e7b326696c505dbb484105dfc04fe0c73f758ef87a60cd42a34c12477a3a5581,mel,nv,0.952608,False,1,0.002018,0.004581,0.015746,0.001571,0.023299,0.952608,0.000176
e7c3335343f4cb2066704e24a9d95dc1f549154779c6f6986460ef1b68d32e2b,nv,bkl,0.909076,False,1,0.01225,0.003712,0.909076,0.006074,0.010255,0.058391,0.000242
e7e63bc1238a99ce5d408d6866080dd99f5af0ce1140b17d1ec3e14668ddfd19,bkl,bkl,0.969648,True,1,0.001995,0.001286,0.969648,0.010343,0.000203,0.016133,0.000391
e7fe46bcbb72df013456d375479805219ad9f5c6daadf2fceff62e3a3a357fa9,nv,nv,0.961727,True,1,3.2e-05,5.2e-05,0.002374,3.8e-05,0.035694,0.961727,8.4e-05
e8488e740e1ecbb4522cfa96633e4c410c966a29e509d5cabcc1928a4aa3a6fb,bcc,bcc,0.943739,True,1,0.001777,0.943739,0.013994,0.000371,0.039331,0.000759,2.9e-05
e84f548555ad4403f5de80a41f09f4c8cf8f531566e271498b176d23c3615c9d,mel,mel,0.998492,True,1,0.0,1e-06,0.0,1e-05,0.998492,0.000121,0.001376
e8688da4e9f6abe466d6354ec99dae30b5de9d01ef91f7750ffa886b57d4ac7c,nv,nv,0.758258,True,1,0.000256,0.002286,0.05083,0.000351,0.187883,0.758258,0.000137
e8d0a17e76e379eeb74e723c05e3c991bc0e61c6105db2b30f59bbe661508332,bkl,bkl,0.954304,True,1,0.004025,0.001022,0.954304,0.007337,0.000932,0.032329,5.2e-05
e8da54933cb5675448ad3fa4357f1c40d282ecc102b5cbc0865a092646286ded,df,nv,0.636406,False,1,0.00022,0.000917,0.007706,0.273444,0.079986,0.636406,0.001321
e8e2b9ff87e52e2eff1e9c65355b571bb91f0d8e80b889eb2d1f1c96e8c8b2ca,nv,nv,0.903383,True,1,0.000225,3.8e-05,0.003965,0.000415,0.091915,0.903383,5.9e-05
e9077ea134597d9dc1619bb3967ccca5988a2749b6480750617b874107ca9e76,mel,nv,0.922194,False,1,5e-06,3.6e-05,1e-06,0.000118,0.076141,0.922194,0.001505
e934d96450ee87922b228d4cd14ffb20c5016b30f1c52b123b5e12f391ef9b1c,nv,nv,0.991156,True,1,5e-06,0.006145,4.3e-05,0.000519,0.002096,0.991156,3.6e-05
e959c6f79911576746c64bcac02e15ffb9d211b3aa8e8731154c70e88677d5f1,nv,nv,0.999978,True,1,0.0,0.0,0.0,0.0,2.2e-05,0.999978,0.0
e99cfa70b000d0fa3f84805cef71bfc4cc1301e0f4ec9082a664ee86c1461d43,bcc,bkl,0.921259,False,1,0.007095,0.005178,0.921259,0.001115,0.002926,0.062369,5.8e-05
e9b7bebb06bcd17c9c2ad581906623b3fac9ea92098e34b954a4699b43be5b9c,bkl,bkl,0.946636,True,1,0.001029,0.00034,0.946636,0.013214,0.003321,0.035438,2.3e-05
e9d436b34f9157cc4b19bba2b7e34500c01966271234d1253e45985d134dd635,nv,bkl,0.75432,False,1,0.00303,3.2e-05,0.75432,1.8e-05,0.012006,0.230573,2.2e-05
ea15e9920097808b711c8cc9f3122e8736883a65c7b716f44e3a82f80c29a40e,mel,nv,0.664295,False,1,0.001064,0.002713,0.255079,0.010432,0.065822,0.664295,0.000594
ea38a9769735597e25491b78758401f0404f41951d13e888ba52096e2f0455d2,nv,nv,0.997952,True,1,5e-06,1e-06,0.0,0.0,0.002038,0.997952,3e-06
ea4ee10e2b9bb459ec1a3e3809daa279bf88bcf1bfec6c6b435ba7439be99368,bcc,bcc,0.67604,True,1,3.5e-05,0.67604,0.000156,3.8e-05,0.000554,0.32294,0.000238
ea6f53729ba0a75de3c506092d9f88458a2bba219db13e716f67d38b92754808,nv,nv,0.989492,True,1,4.1e-05,0.001198,0.007629,0.000275,3.8e-05,0.989492,0.001327
eaa1e58172e8c160b6259dfecbd68fc6833940b69428f97817ead595a7681baf,nv,nv,0.999549,True,1,3e-06,0.00012,2.1e-05,7.2e-05,3e-06,0.999549,0.000232
eaafc83de4d01e5b5d0e9ffe66b28cae9bab0bf661f03ffe84ec2b492cfec7d1,nv,nv,0.953481,True,1,0.000108,0.002925,0.001685,0.000285,0.041508,0.953481,7e-06
eaeb84527ea431ef9b4005718e5ec43867a34ced5264eefa445cb94273a13dc6,akiec,nv,0.986845,False,1,0.00086,0.002076,0.003126,0.001094,0.004634,0.986845,0.001365
eb0eff8f53fa34e030c1a21ceb142e7d611c7781dfa0a7a2e0108db54c1bed6d,nv,mel,0.925836,False,1,1e-06,7.9e-05,0.000186,2.3e-05,0.925836,0.073792,8.2e-05
eb16b4f745d6793822516b625d744e4cd6ac6eeb66201e707ae64bc48a71868b,nv,nv,0.680466,True,1,4.1e-05,0.009896,0.000147,0.000146,0.309284,0.680466,1.9e-05
eb1c1a057c2d23893cddb3076f27c3a0e6b1d705d9c0e3ea1ebfb4eebe4fdbc4,nv,nv,0.999848,True,1,7e-06,9e-06,1.9e-05,3e-06,9.3e-05,0.999848,2e-05
eb555a54c3d505b7a969f801656b82c8a8385a6977d4659bc097f293871ea56f,mel,nv,0.82571,False,1,0.001125,0.003922,0.00308,0.002493,0.163429,0.82571,0.000242
eb72205dd3a41014097e50131b92f57e6f493c53230b4e73ce344fa23947ce1f,akiec,bcc,0.788836,False,1,0.140315,0.788836,0.049332,0.013307,0.000538,0.007478,0.000194
eb75d469b2002373dc5c34b61db88b5b2287e0720b859687f7930a88f8a39610,bcc,bcc,0.41983,True,1,0.010212,0.41983,0.41459,0.000351,0.000779,0.149117,0.00512
eb8364acbb99f13df46147fff19d1793eab722c2df87dc16eabb67a7d1fb462f,nv,nv,0.954387,True,1,0.000272,0.000967,0.022642,0.000883,0.020735,0.954387,0.000114
ebc1a30cd74fa6f10846f8fdbc79f030e39bd757f66730c667d231f37a749656,akiec,bkl,0.507502,False,1,0.340499,0.071923,0.507502,0.001005,0.029948,0.0306,0.018522
ebc64d1071c2a93ead87c6046e7418a2fe215b18c50bbcb2157cf0ff37bf88c8,nv,nv,0.999003,True,1,1e-06,7.5e-05,0.000191,0.000331,0.00038,0.999003,2e-05
ebcf4396d3f34cc34db1cb81d3ddae698731cc4940e8ba0d5907a3409ab19ff1,nv,nv,0.798101,True,1,1.7e-05,0.193589,0.000723,0.000879,0.004076,0.798101,0.002615
ebe13e46aa01d98fb760ff73ffbafaf2edba91b7094e7d7fa3eeac70fcbe5158,nv,nv,0.967935,True,1,0.001253,0.005786,0.005378,0.003558,0.015884,0.967935,0.000206
ec04aab19289671221880b1671f908b5fee01c56d0103c47377d14e5500d8ad5,nv,nv,0.993159,True,1,7.3e-05,0.000132,0.000945,3.5e-05,0.00224,0.993159,0.003416
ec0a9eae2fe9e2d170a8261b8429b348251a7207a672cb33886f0bdc27cb532c,nv,nv,0.99913,True,1,2e-06,9e-06,5.4e-05,0.000131,0.000634,0.99913,3.9e-05
ec1240abd9d06fcbde6d872460930790f44345d34dea4694176be1d51d43c2d0,mel,bkl,0.498738,False,1,0.001818,0.003424,0.498738,0.025776,0.064755,0.405076,0.000412
ec275801b9ac5590ef3d30d69fa0f9ed43dbdf31e87673b4aa64df7bd120b745,bcc,nv,0.397977,False,1,0.356826,0.226805,0.010684,0.00734,0.000229,0.397977,0.00014
ec4c80746696ac36cc91ed6c3e2c766affb6430be09a257709f897c800dd3874,nv,nv,0.970887,True,1,0.006141,0.000615,0.021332,0.000353,0.000636,0.970887,3.8e-05
ec58e1d8570b37fe4e2ee3eb358f761d07fab3efc9b40c75c1d93aae45b685cb,mel,df,0.642934,False,1,0.001213,0.000325,0.278237,0.642934,0.042421,0.03408,0.00079
ec629c42ef4d6bb8e18d10f6bb409c15573dfc7063ed3b28c4b903eb1ec38444,bcc,nv,0.446017,False,1,0.161479,0.020171,0.326656,0.029536,0.008155,0.446017,0.007986
ecd487a5abb7f5f66f5225380ddbe1751d2caf4632f7f9533e77b40fe093a9d6,nv,nv,0.959932,True,1,0.000194,0.000459,4.6e-05,0.001573,0.037789,0.959932,7e-06
ecf3fe384e5d8a70e8a6f23493df63eb95104f474fbb24b0b9f3f8586f9fb564,bkl,nv,0.566804,False,1,0.001607,0.000958,0.002514,0.419615,0.007675,0.566804,0.000826
ed1e9da8547a190c4e6bd26697f95109de66484f2044ff311e1f6e710ffae8b5,nv,nv,0.920307,True,1,0.004605,0.000431,0.007542,0.002442,0.064219,0.920307,0.000455
ed2cec4ccd05d48139acaee421d63b1f0fa8e92da22b705dc68a647efe2f1e70,mel,mel,0.91535,True,1,0.072968,5e-06,0.000619,0.000377,0.91535,0.010437,0.000244
ed6bcf28e92f24a1470feec045de047b34b75c7cbaa39aee9b15cc30f6c0d876,mel,mel,0.675991,True,1,0.001757,0.214064,0.00979,0.048915,0.675991,0.041311,0.008171
edb9f40f72fe343043fe89c6a5092858a5eca9edb6c00fff7256382c9a36922a,bkl,df,0.465401,False,1,0.010739,0.001495,0.314722,0.465401,0.135455,0.07096,0.001228
edc6818a5e6069ef2df076aaae735f3be1ee35dd525ce405ea6b818bae8bacd8,nv,nv,0.951003,True,1,1e-06,2e-06,0.000676,1.4e-05,0.048298,0.951003,6e-06
edf4dd32a96deeae13496afbbec49623f6df95b77df561f3173a98cc00d82336,bcc,bkl,0.973813,False,1,0.010923,0.003837,0.973813,0.000877,0.000747,0.008792,0.001011
ee0ac73e5c0064715da89c095c708e396a4c704bdc09e2c10f492a68f8c6a392,nv,nv,0.946497,True,1,2.2e-05,6.4e-05,5.1e-05,0.000126,0.053199,0.946497,4e-05
ee1a7168fa9fef2d5a1ffe99a977d45fdc3e1d7c7bddd7b78d711cc7d16f0c88,bcc,nv,0.669349,False,1,0.000204,0.128235,0.080621,0.004229,0.116417,0.669349,0.000945
ee237d18f800147a171b7c237e3e0684cbe24b87db26c3598be49995e11c974f,nv,df,0.62691,False,1,0.000575,0.112969,0.003809,0.62691,0.105727,0.149379,0.000631
ee53543a938eeac3df2b896305de809b5132c98d2971ea465556e98b64604fb3,nv,nv,0.967644,True,1,1e-06,0.024705,0.000489,9.4e-05,0.004833,0.967644,0.002233
ee53697e4b656b18b2a6bfbfb8a79d4dc5a5464c631e3fabe5bf7b4b4d0bcad6,bkl,nv,0.713483,False,1,3e-06,0.002349,0.271994,0.000543,0.01149,0.713483,0.000138
ee8bc002ebdcfd7c4c14eab69028d658561c84d66aa634797e688b1828fe83cc,mel,nv,0.524613,False,1,3.4e-05,0.000804,0.001266,0.009178,0.46367,0.524613,0.000436
eead0ff6b3ecd490d9a9031d628ac1c614ce277323bbd596b3b763ad133392da,nv,nv,0.980413,True,1,3.2e-05,0.000924,0.000828,0.002112,0.015672,0.980413,1.9e-05
eedd875e087ca62ab95c5b23a619042b1aefc0089275fa8cbdd69c1c1d489bb1,nv,nv,0.851647,True,1,2e-06,3.9e-05,0.000533,4.4e-05,0.147714,0.851647,2.2e-05
eef3709cd1ef63bbf70f62c8897039b06c7fa1f93c106d567c6c818928d6261e,bkl,bkl,0.987808,True,1,0.003876,0.000194,0.987808,9.8e-05,0.001134,0.006838,5.3e-05
ef1b21fa31aebd0b218e4b284da36dec62a6582892c53bcac4a025340661dca2,mel,nv,0.723485,False,1,1.6e-05,0.000456,0.001254,0.00016,0.274455,0.723485,0.000174
ef35cfc83e219b369abaab00829f6ce457323db7b9ce5270c7002f1b0c94d8b3,bkl,bcc,0.740098,False,1,0.009535,0.740098,0.028281,0.015084,0.009317,0.191059,0.006626
ef60266dd9e04b29010305f5467a756ddd754ad353e21572b90e522d11dff32c,nv,nv,0.991745,True,1,9e-06,0.007414,0.000496,1.9e-05,0.000302,0.991745,1.5e-05
ef6280e064505472292a11645c3ad7317a9681d624d77dab35bc98a4b96e61c8,nv,nv,1.0,True,1,0.0,0.0,0.0,0.0,0.0,1.0,0.0
ef814918ffe8f286dfea410ae6c0479117a34b9e014726952b4978bbdb6a18f3,nv,nv,0.76563,True,1,5e-06,2.2e-05,0.001441,0.000405,0.232145,0.76563,0.000352
ef8966ca34ee69dd7feb9a6e846fc30b53f0aa0ac276baa0673e9792566fe85b,nv,nv,0.999974,True,1,0.0,3e-06,0.0,1e-06,2.2e-05,0.999974,0.0
efa96154fbdfe85611b4554e6fc8c095f25d3dd18abb471d4569a365d7b6f326,akiec,nv,0.763053,False,1,0.008727,0.021142,0.070413,0.089116,0.04423,0.763053,0.003319
efa9af3b51e8dad6c0a396318adffef640fccf6175417f6b17902ea42404561f,nv,nv,0.996638,True,1,0.0,0.000113,0.000124,7e-06,0.003113,0.996638,5e-06
effa73dba880e37aba17c50b4fd3f5a94f61908b936be31647dfde01e64c8d86,nv,nv,0.996645,True,1,4.6e-05,1.2e-05,7e-06,9e-06,0.003269,0.996645,1.2e-05
f02906cff9790ad61472ee27ad6527a55dc50371b5d9410c56d7588d15999c17,bcc,nv,0.976457,False,1,3.3e-05,0.01692,0.005188,0.000581,0.000315,0.976457,0.000506
f0470444095054d53e5493d4a83e468ee3153438c1507bedb3a0e95aa575717a,nv,nv,0.492553,True,1,0.001436,0.013167,0.001589,0.006076,0.48105,0.492553,0.00413
f04bce2df056ee6232a2cb810c03e3c13b5176cf3c3e6d74feadccbfaf8197f9,nv,nv,0.999994,True,1,0.0,0.0,0.0,0.0,0.0,0.999994,6e-06
f06abfebbb612c18f20dbac30379a7eb626255cdce3c03f333cde509e7e66279,nv,nv,0.996796,True,1,2e-06,6.6e-05,0.00065,0.000137,0.002339,0.996796,9e-06
f07865c02c670b699d989478f4a6845147fe858be8d9d64cc3da9a9f2e2d5dcf,mel,mel,0.642367,True,1,0.007084,0.035029,0.208173,0.002915,0.642367,0.096645,0.007787
f082635da4851e71dc006a7e8d81cc5114ce76425796a6869d6a941225fe7257,mel,mel,0.957846,True,1,0.003027,0.000137,0.015156,3.8e-05,0.957846,0.023695,0.000101
f09b8bcc06f2f127b9e8a1bfd030da413418f47e1e683c0821df39a8a856c66f,nv,vasc,0.999994,False,1,0.0,0.0,0.0,0.0,4e-06,2e-06,0.999994
f0a813a5b0a93d04d6c7178051175806f88c0ae6a66d823388695df62935cb5e,nv,nv,0.993089,True,1,3e-06,4.5e-05,2.2e-05,4.6e-05,0.006756,0.993089,3.9e-05
f0f89cdca5f5d63ef71b62103d8203f693633a2fb034a1ef0cac8f60deb1f009,nv,nv,0.99693,True,1,2e-06,0.001175,9.4e-05,0.001172,0.000574,0.99693,5.3e-05
f1000802afecd52c3ced8ddbf70dfb6c8b69ef82edee613a7fc0c73d14e78b56,bcc,bcc,0.793642,True,1,0.00116,0.793642,0.015026,0.021174,0.002614,0.165441,0.000941
f13e08feca5635f42bab47dae31691f1e09c143de3ea5828c68cb5aa8c5c56df,bkl,bkl,0.997162,True,1,0.000322,3.5e-05,0.997162,9.5e-05,0.00015,0.002229,7e-06
f143d9a23ad8e938b9b24ea1d956f3ff34a99bf4523074f2bbf5179f1830bfb3,bcc,bcc,0.999635,True,1,4e-06,0.999635,3e-06,1e-06,4.6e-05,0.000259,5.1e-05
f14af90297a90fb9e2abff1cb64952adf21e57b6d33706fbc805838848842a01,nv,nv,0.969695,True,1,6.2e-05,0.002689,0.000474,6.1e-05,0.026972,0.969695,4.7e-05
f163b89194e2b544b5efdb5996542310761424a16d661cdb150f17a446bab75e,akiec,nv,0.694674,False,1,0.009511,0.001697,0.282361,0.002681,0.000108,0.694674,0.008969
f18b8c1e458349c11b10139430d9ba941a3432100e2be4772b8beb4ca6aebeb3,nv,nv,0.934848,True,1,0.000587,0.000243,0.003805,0.000414,0.059973,0.934848,0.00013
f1c15b3553ee980406596604b4645ca7f14cb09aa4a7f8e88e318b811564c502,mel,nv,0.96406,False,1,4.1e-05,0.000204,2.1e-05,0.000153,0.035516,0.96406,5e-06
f1d3e8d95612c1b70d630ed6fdece8fda854247789c290bd83835e68e68bc34d,nv,nv,0.932539,True,1,1.3e-05,0.001633,0.000111,0.0002,0.062829,0.932539,0.002675
f1e19104845d523e55bdb99c18a58674445f26266788939c7c3b55bfdf9efac4,nv,nv,0.999075,True,1,6.4e-05,2e-06,1e-05,7e-06,0.000824,0.999075,1.8e-05
f21838d199c45eec35cc68a2dc0aa84044ffb64bb709c10201b42d2a88c04d2a,nv,nv,0.910382,True,1,7e-06,0.000125,4.7e-05,8.1e-05,0.088448,0.910382,0.000909
f21e0307e0564cc4ca947e52e2d17ad6db4f03db24b5b2f8ffc7705ac8398d7a,nv,nv,0.991247,True,1,0.0,8e-06,1e-06,1.3e-05,0.008668,0.991247,6.3e-05
f22f5460262ca8e1543f0384e1b7cdc99f2f1089bd2d7e26b74b4136c741f7c6,nv,nv,0.949947,True,1,0.000443,8.9e-05,0.008589,0.002215,0.038498,0.949947,0.00022
f27907f3261b83b464d063f04a9718b86da7b3f39d4acc89f5bde835803a7d6b,mel,mel,0.938922,True,1,1.6e-05,0.000582,0.002181,4e-05,0.938922,0.055335,0.002924
f2b7036a28fcfdfe6b9fca754e038a18487a04899ee5246744a15b6751505fa4,mel,df,0.938617,False,1,0.002774,7e-06,0.000607,0.938617,0.048341,0.009607,4.7e-05
f2c1c4765de9cf339f471bfd6aa566b938612f580b3ff054216a8f84def94c13,nv,nv,0.943474,True,1,4.6e-05,1.1e-05,0.002902,0.000783,0.052686,0.943474,9.6e-05
f2c688a2cef013d8d49f3976ca8337cb9badafadd4dcdee6b059662284036bd2,mel,nv,0.56435,False,1,0.010624,0.003822,0.006962,0.086852,0.324887,0.56435,0.002502
f2c8e0442a5d6b0025f6835036d9e8cd4af9ef5d28154acee9455e5e52f3578d,mel,mel,0.683649,True,1,0.000233,0.000378,0.009101,0.000143,0.683649,0.30642,7.6e-05
f2d44620358610343fe917e09c57851f17e267a6f8a1c02639917904b9abb048,nv,nv,0.976961,True,1,0.0,5e-06,1e-06,3e-06,0.023029,0.976961,2e-06
f2f6706d01348d15b040b3454ecb6b3c710810d25178c1f7ba6af27c1db6c586,mel,mel,0.95101,True,1,0.000203,0.037449,0.000228,0.001815,0.95101,0.005702,0.003592
f314d935052cad7191ff8b2a005894f23b4d24e97778e1c3ba9dc892561cc461,bcc,nv,0.719582,False,1,0.002112,0.074272,0.076611,0.002191,0.12464,0.719582,0.00059
f32e64220e5826801c95759e3be56d48cc8c00c4f2e50d93e89a0c6920906b99,nv,nv,0.521593,True,1,0.148584,0.080665,0.012829,0.142911,0.087394,0.521593,0.006025
f32e7928aefb4af965dbe0cc8dd5210c6f9a2ba77c5146bc7d8b9f2157186d75,nv,nv,0.598668,True,1,0.0385,0.110229,0.033062,0.005344,0.213101,0.598668,0.001096
f3352bcd639314bbc8904307bf1d7831e75f457fe4213d1286746e7e39155ba4,nv,nv,0.999879,True,1,0.0,0.0,0.0,1e-06,6.8e-05,0.999879,5.2e-05
f335abb3ac69a7b994730653a30ccbf0c42fe8d227c199eebc48939fdcbdd041,nv,nv,0.999993,True,1,3e-06,1e-06,1e-06,1e-06,0.0,0.999993,1e-06
f34aae4fa1739c7c4ed8ad32f9840de88d848dfffdaa35c3f286389a0377b84e,nv,nv,0.99265,True,1,1e-06,0.002442,0.000355,0.003805,0.000262,0.99265,0.000486
f3692619b51941010b15cf9c3bc5dc40a47a77edb3e8fbb7925e90422fe99618,nv,nv,0.999739,True,1,1.5e-05,1e-06,0.000116,0.00011,1.8e-05,0.999739,2e-06
f37dec580da26c7c2d7ff81e92a137a61c6720128deb6e2683bd1977e13a3cf7,nv,df,0.508402,False,1,4e-06,4e-06,0.00012,0.508402,0.065173,0.425481,0.000816
f3a0381d492591bcb62e9c5e049c3499e12e20cb9ef62ddd3b6143b39a405998,bkl,nv,0.973712,False,1,0.000641,0.019119,0.002711,0.00036,0.003291,0.973712,0.000165
f3a4fa3eb0600ccb5bf1d40eb8e0da7c821e44eb3e721cdbfb55efd34c27bd83,nv,nv,0.949559,True,1,0.004354,0.00055,0.012898,0.001126,0.031411,0.949559,0.000102
f3a5a8216a694c994f7ea2d823fa46a56618205eca65b7ab3779432e67e9aa63,nv,nv,0.953816,True,1,0.001754,0.020879,0.012569,0.006138,0.004794,0.953816,4.9e-05
f3c42facd58fc509efefff7f076b5b96e155399057f9dc0b2deb47c3f706cfb1,nv,nv,0.993197,True,1,0.0,4e-06,1e-06,2e-06,0.006739,0.993197,5.7e-05
f3d6decb0d2c2653d8275308a2edf67213a4325f77f23ac02e499693a6539a23,mel,nv,0.479927,False,1,4e-06,0.399451,6.2e-05,0.000776,0.118174,0.479927,0.001607
f4158364059e9b6c49edd7846de1a9a20d007e245ab178b4297ee27df0262eca,nv,nv,0.885628,True,1,2.8e-05,4.3e-05,0.000878,0.00015,0.112466,0.885628,0.000806
f42e2e4695f1c97172d0e1bd6914fd63ac635a5a79455e7641e69fa2f34ae382,mel,nv,0.685439,False,1,3.1e-05,3e-06,0.038271,1.8e-05,0.276206,0.685439,3.3e-05
f43e6505c65b5f7878e2e1926b034076122aab3b7b121f118e292bcd7b17d406,mel,mel,0.533217,True,1,7e-06,0.000248,0.016572,0.000434,0.533217,0.449462,6e-05
f442fa4122deea05d6874bd8502bfb5a97649cc1d5cda75f1e49dfdf74ef15dc,nv,nv,0.977035,True,1,2.4e-05,4.5e-05,0.000466,0.020257,0.002172,0.977035,1e-06
f44ba6cb35cbe9a45a2e75436b544b3409a0a50f1f2b6553739ff5e8418cc457,nv,nv,0.999303,True,1,2e-06,3e-06,1.3e-05,4.3e-05,0.000631,0.999303,5e-06
f44d8e91cd11b9f771c6221dafceee36f7ce28bdf99daf1a532bf48819723009,mel,mel,0.992027,True,1,2.9e-05,1e-06,1.3e-05,1e-05,0.992027,0.007127,0.000794
f4ac3b8fb744f6a3e4d5fdbbcae22542511e178815d076b4cfed09e5cb6b4f1a,nv,nv,0.829948,True,1,8e-06,0.000102,5.8e-05,0.001244,0.168487,0.829948,0.000153
f4b133dcc6371cb3abb8d40dac440add72f75a5bd457e740a649b7bdb10b3717,nv,nv,0.933242,True,1,0.000725,0.00198,0.000553,0.00186,0.060732,0.933242,0.000908
f4b8c80150e42a80055a535e2f99f2e54e67c4411efdfc92b45b99579dde35c7,nv,nv,0.960116,True,1,7.9e-05,0.000546,0.005412,0.005358,0.028476,0.960116,1.3e-05
f5151a770f54e3f727a8ce0710b618b2a64c22bdeb78980a721954d184858525,akiec,nv,0.58771,False,1,0.002583,0.004208,0.383718,0.01574,0.003777,0.58771,0.002263
f530c0e6347bae02340e4bb4b39b81c5145ea234dfee438e86d50b0cbae057cd,nv,nv,0.989451,True,1,0.000132,0.005207,0.002022,0.000125,0.001977,0.989451,0.001086
f53219c36ee3e90959469de22f20471ab70a983fd9802a927e9f4964cafa866a,nv,nv,0.734163,True,1,0.002009,0.202954,0.013865,0.006025,0.040901,0.734163,8.3e-05
f532cdf9c58d89aa0671cc58062299953ef2bcaace161096fdbd4fe3450d48c4,nv,nv,1.0,True,1,0.0,0.0,0.0,0.0,0.0,1.0,0.0
f5476885458fc23ad432c797c60d7e23c04e9baeda8137da07e785a85939630f,nv,nv,0.976293,True,1,0.000154,1.6e-05,0.000732,0.00162,0.021182,0.976293,3e-06
f5856306c556c9ed258276d68c1d368366e121a5e1f5777deffc3f92d8ea01fd,nv,nv,0.986365,True,1,1.5e-05,0.002931,0.000724,0.000428,0.009498,0.986365,3.8e-05
f58b6cb397a2fa32455630940151815b56611eb1ada38459e3cce4658e7a0e6d,nv,nv,0.994146,True,1,1e-06,0.000129,7.9e-05,0.00026,0.00537,0.994146,1.3e-05
f592bcf2dd0a16a7eeb23a2655029057e5a221fe60494dbdfae8d13fe3bf6ba7,bkl,bkl,0.522297,True,1,0.016243,0.000105,0.522297,0.450896,0.003622,0.006689,0.000147
f639333deb4f4ee64a01a1225dda6d3db03706b572f1cc552ae892907abc2d80,nv,nv,0.942023,True,1,4e-06,2e-05,0.008422,0.000142,0.049334,0.942023,5.4e-05
f669845f9f22eb4000a069c4086d8cb605cbcbff9f122d4da4b09f480b641b6f,df,nv,0.557168,False,1,0.008249,0.013348,0.158572,0.261682,0.000636,0.557168,0.000344
f669ad44340f7187a6c7e4c8ed3a9a7100b94a9426ac153337d4a16e686ce836,nv,nv,0.998477,True,1,0.0,1e-06,1e-06,0.0,0.001334,0.998477,0.000187
f6986eb6cf3d4c9676d82c06d4326f5cde113bff4e18e638acc86eb4134e2894,nv,nv,0.995076,True,1,2.7e-05,3.1e-05,0.000286,0.002217,0.002353,0.995076,8e-06
f6b519cb6c775e39cdbf20c31f6da03651cefb51a9e0f03071a3d1489a3d04aa,nv,nv,0.90928,True,1,0.000395,0.003714,0.083897,0.000982,0.001636,0.90928,9.7e-05
f6d0ff2738044ecd65e5c5899b4675e2dfb82fdca105213bea6721bcd4e07f0e,nv,nv,0.76142,True,1,1e-06,7e-06,6e-06,1.1e-05,0.238511,0.76142,4.5e-05
f6d79b2cadc1c25c14650dd9465bc0c921846231b9d0debf8ff3b0e395db0059,nv,bkl,0.917388,False,1,1.6e-05,3e-06,0.917388,0.001526,0.000249,0.080815,3e-06
f6e1257de494d1ad687877bf16bcfa589bb057a3cc76b20c43020b99d0de5680,bkl,bkl,0.986,True,1,0.001177,0.000301,0.986,0.000116,0.001808,0.010592,5e-06
f6e67f4f3c73c2aa4ffa0ff7c63484e738f13ac5d165e1186f7c736f5ff6aeca,nv,nv,0.512343,True,1,0.025785,0.000637,0.438044,0.003089,0.019905,0.512343,0.000195
f6f195cedf38666c47b0144e0dfa2452dfe8558862a55b822694060cb33885c4,nv,nv,0.994893,True,1,0.000665,0.001704,0.00182,2.7e-05,0.000827,0.994893,6.5e-05
f6f5dbd962de6b3ac38e9d52b0a2e5e4c62919d56f4eec6415b63c32077440ba,nv,nv,0.638518,True,1,0.000161,0.003093,0.000206,0.140021,0.217133,0.638518,0.000869
f6f823bec3f350e8d38dcb0117bbe7f8aab424820906742831105559f960164f,mel,bkl,0.514792,False,1,0.023991,0.000176,0.514792,0.000752,0.012766,0.447129,0.000395
f706d1cbfe0f621871e09c4c454458c70cd6df619032fbacb235e4f6cc4c80e4,nv,nv,0.988769,True,1,1.3e-05,0.000599,7.2e-05,2.4e-05,0.010512,0.988769,1.1e-05
f71c20531e5393468e5954cfe8b10f100b4730de26fd6ca620af4b8dc42c987a,bcc,nv,0.916533,False,1,0.0,0.011629,0.000188,0.009708,0.002225,0.916533,0.059718
f7204dd11d789088e850efade6f798421ae3f9bdee0f8b73f873bf3655b72abd,nv,bkl,0.720172,False,1,0.103856,0.000176,0.720172,0.000421,0.162916,0.01243,2.9e-05
f73be23a3d457bf8c3424089af77f2f67ec9a33edc553a92c84ea46d73bd2f89,bcc,nv,0.795851,False,1,0.005917,0.087758,0.048572,0.025865,0.033811,0.795851,0.002227
f75b1da68e42ad8ba3c5f3173dcf3f1920bf95648c9a3bba2ef5876f0f72db18,nv,nv,0.909349,True,1,1.9e-05,0.000311,0.082887,0.002957,0.004404,0.909349,7.2e-05
f77b56ece9c0443cbe9143e2a04c164f643d37d0efda7417615f84a431396d42,nv,nv,0.987537,True,1,4.5e-05,0.001604,0.000987,0.000727,0.00897,0.987537,0.00013
f795b7cdb1f7af745e2775cee2b465fc39dd9234468d8c50267291bd11e07d01,bcc,bcc,0.884145,True,1,0.067431,0.884145,0.023012,0.013743,0.005274,0.00621,0.000186
f7d03f0644faba35f6d0740edb6cb45f051f014324d07b8e6e9840afa9fb4e51,nv,nv,0.988701,True,1,4e-06,0.001673,6.3e-05,3.2e-05,0.00952,0.988701,6e-06
f7d3e3d2f14b60a97a6b717b784343e51c3328d4c9337d6e501aa975d1c8ad76,mel,mel,0.712087,True,1,0.000805,0.005879,0.001455,0.000312,0.712087,0.279192,0.00027
f7e676aea33db0ae07d614c4e3701674406c6ad858c03e5c49d65a81287a6ce9,mel,nv,0.998629,False,1,1.1e-05,8.4e-05,0.000478,0.000528,0.000263,0.998629,7e-06
f813401ce10a65984a5a82837d3ad5c313ee50a1825d69d52b4a776f5d5d7016,bkl,nv,0.994441,False,1,1.1e-05,0.00242,0.00196,0.00012,0.001007,0.994441,4.1e-05
f83004cbe4d6f6ecda264673bcdd5ca02eabe2753f522eaa12c154a3e146f8ec,nv,mel,0.890351,False,1,6.3e-05,0.000146,0.000256,0.000547,0.890351,0.108507,0.000131
f833ba07f9430916b28977b750650040065f4ebe41acb820d2e7a01db576342d,mel,nv,0.859774,False,1,7.7e-05,0.086645,0.038596,2.1e-05,0.014841,0.859774,4.7e-05
f8389b94348884c71893c8097f8427eb88327aaafb4ae5f6ae03dcf022e77ad8,nv,nv,0.793652,True,1,0.000798,0.006454,0.000593,0.002922,0.194878,0.793652,0.000705
f84fbf7739b01d11b64f0bd3aa0d09976174f4654feea8c580d2d6f871ed3ba8,bcc,bcc,0.896575,True,1,0.01484,0.896575,0.002201,0.002499,0.018439,0.06526,0.000187
f863b94aa7e1719649df3f51220f9e6574d2b69e158c18464cd76935e2ba1059,bcc,akiec,0.479367,False,1,0.479367,0.034324,0.034407,0.360564,0.019508,0.071631,0.0002
f86d6b844c989d4b32021cc698258f6a344eec45a4a31a772fce978b04117f07,nv,nv,0.999917,True,1,0.0,0.0,0.0,7e-06,7.5e-05,0.999917,1e-06
f871e630c2fbe5a6e09a977b51f4f4a57633b8e6aca039ba1bf12cbb14ad962d,mel,mel,0.777863,True,1,0.000452,0.09277,0.001338,0.000397,0.777863,0.010763,0.116417
f8a9b60400d2faddf8b3a7e106fc26a5be2a54d68f696cf006f1cb464f9dda82,mel,mel,0.778792,True,1,5e-06,0.033324,0.000524,0.001242,0.778792,0.183816,0.002297
f8bcc05d49380d3a154aec6e26f223e21e01c5b77f3e5a41472cc447d589fca9,nv,mel,0.705968,False,1,2e-06,1e-06,2.6e-05,1.5e-05,0.705968,0.293906,8e-05
f8c8388945cae2c47837d9dbfb805a7598a1127a74b5a9d4ad0970db90627270,bkl,mel,0.592348,False,1,0.0482,0.00138,0.004281,0.009831,0.592348,0.331903,0.012057
f8ccab97bc0f3bf02a50187a72656b64b45b1e486ad15759dacdb36f192a10f1,mel,nv,0.444824,False,1,0.06277,0.094979,0.085128,0.156069,0.153403,0.444824,0.002827
f8e85b12b668ab36e84dfaa654ab97ed40c3fa0738d8cf8df17ca23273b82377,bcc,bcc,0.941267,True,1,0.0,0.941267,3.4e-05,2e-06,0.005363,0.053021,0.000314
f8fb9588ed8509db57d2a1ae76cef5650027697698b1b6c7f8445713bc7fe44d,nv,nv,0.995483,True,1,2.4e-05,4.8e-05,0.001108,0.000224,0.003111,0.995483,3e-06
f902094c9531e92431f56a6be58f8746e766f1e3e6c15d2068328a9beb65d488,mel,mel,0.582771,True,1,7e-06,1e-05,0.001341,0.006635,0.582771,0.407261,0.001976
f90c6ee241d3a87e7c2c419ba611b6f31e906c9bc3e155857ebbb2330b4fb0e1,mel,nv,0.962305,False,1,4.7e-05,0.000348,0.02102,0.000306,0.015686,0.962305,0.000287
f923cc46f691f75a8638fec72c3676f4a846ea00422125b09a98a17c460f66e4,nv,nv,0.904411,True,1,0.000636,0.014881,0.008979,0.021535,0.049392,0.904411,0.000168
f924c0f277fdc21d4a86ce46baf671aadadc535f01bde24f61fa870fb642f595,nv,nv,0.883853,True,1,1.8e-05,3.6e-05,3.2e-05,3.1e-05,0.115721,0.883853,0.000309
f93356f7e67a6d02dade57c34a53a97147069056cf63e9af29ffbdadf4b1532e,nv,nv,0.9452,True,1,0.000184,8e-06,0.003476,4.9e-05,0.051082,0.9452,2e-06
f93f1f0af5af098acd4df372561cb962e902fdcc73302a1d2fb0dc1498edd84e,nv,nv,0.957938,True,1,9e-06,0.041576,7.7e-05,0.000176,2.9e-05,0.957938,0.000196
f952c2178b582be55b646621d73348664e16128b625d01127eb2b7bee69b6daf,nv,nv,0.999923,True,1,0.0,1.5e-05,1e-06,4e-06,5.3e-05,0.999923,3e-06
f97b8678b4b05c25e2f6eac201f5a897aaad51ea41df91c65ac2ff8e09f30212,nv,nv,0.999996,True,1,1e-06,1e-06,0.0,0.0,0.0,0.999996,1e-06
f99d2ba1ebde49ff09beb3de3f7d3b3e2cfb44d613ca19222da19b5d6f2b0475,mel,bkl,0.559822,False,1,0.004238,0.042404,0.559822,0.00681,0.053494,0.332634,0.000597
fa24022d1e5aa98013bae227cf39d7c8e25760efb24ba22fdd242d9b12cd7fcc,bcc,akiec,0.501855,False,1,0.501855,0.392911,0.013983,0.047013,0.002684,0.041506,4.8e-05
fa31c6ce1e166f22cebe2ad508e64f03be94b5c0b5f42e6430db5867cc6fcad3,bcc,vasc,0.998994,False,1,0.0,4e-06,0.0,0.0,2.9e-05,0.000973,0.998994
fa4503b90a7fea01b75abccbe765ed50f8ec639f05d7b6a88c27eeb21c14e34f,nv,nv,0.999771,True,1,1e-06,0.0,0.000147,1e-05,2.2e-05,0.999771,5e-05
fa6a71597832f9b84c971336cb59b57ce81a7a429415f79013e5fe0004d7a66f,nv,nv,0.983518,True,1,3.1e-05,0.002186,0.000716,0.000255,0.013176,0.983518,0.000118
fae100401f6a9a6bdf4b5651a51b970ac13464b86ba5070dd7a38612ff93af0b,akiec,akiec,0.759044,True,1,0.759044,0.032127,0.013523,0.176824,0.013878,0.004266,0.000338
fae90ef660253bf39ea79890af3dd9e6bc223a1a1a65f08d321d8e9ff220ddd7,bcc,bcc,0.613562,True,1,0.049175,0.613562,0.150806,0.012603,0.003259,0.168913,0.001682
faea3d4a3321aa3f521c6255bde3ed6e5648f865903f369e1dd334a6568402fe,mel,nv,0.80053,False,1,0.00614,0.001508,0.039238,0.005176,0.147354,0.80053,5.5e-05
fafc72a7f5825145df1b57922fe68c55a03988f38a0fc8858a2599d02f25d7af,mel,nv,0.527399,False,1,0.000965,0.000111,0.417287,0.000976,0.052834,0.527399,0.000427
fb0cf5206c5b6ff7977cfcb96fa8e376d68952963be0be17d40df8a5a4e5f265,akiec,bcc,0.570404,False,1,0.119146,0.570404,0.129082,0.018666,0.002188,0.157214,0.0033
fb10042a470e242c14b948fe9054b62c708202127b5c665df2c7ff4618525dbd,nv,nv,0.99775,True,1,0.0,0.0,0.000152,3e-06,0.001791,0.99775,0.000304
fb1a2c8ce2581d72d2b5f630b50133e218cf5ef4afe7af531a33971caa322ff6,bcc,df,0.58207,False,1,0.044799,0.048747,0.068894,0.58207,0.002563,0.251656,0.00127
fb5919476d7b5b9720cb3629303f354d597a7b43fa25ad14ca1719b191d36c31,nv,bkl,0.943929,False,1,0.029135,0.001959,0.943929,0.005019,0.007633,0.012277,4.8e-05
fb63462b2bc270070a6223eabf177a4f1b83e3e8961504fb42674cb29b089d72,nv,nv,0.999992,True,1,3e-06,0.0,0.0,0.0,2e-06,0.999992,2e-06
fb6b685ca83a0cc06135e57b47477b9c8c3ba942e407f76bc0c3de41ddcd3252,mel,df,0.929518,False,1,0.006068,0.000243,0.00144,0.929518,0.01921,0.042943,0.000579
fbbf5fc7306ab12bcaa71a412c48e61c3e48cf897a525214708b468e32587704,mel,nv,0.650667,False,1,0.012411,0.054691,0.193565,0.051796,0.008759,0.650667,0.02811
fbe23b748045022677ddb133df568900d017d08d64f48d3a3b31c978a6026486,mel,nv,0.903372,False,1,2.2e-05,0.0005,0.000418,0.000133,0.095532,0.903372,2.3e-05
fc095726bbbb0ec502323f9a40c148d7abee49e13fbcfcc269b329ccbfe4a9ab,mel,nv,0.546929,False,1,3.9e-05,0.00596,6e-05,0.000434,0.446491,0.546929,8.7e-05
fc22183db3b73bd5a3c8b407a89d82497d481fee3d3879bf24aaf45067eb6684,mel,nv,0.453946,False,1,0.324179,0.101086,0.010434,0.028032,0.078942,0.453946,0.00338
fc35a142684d95ae75ff09e443c2f982ea82269d6592a4c86652c64e6f4a9ded,mel,nv,0.853482,False,1,7.4e-05,0.000774,0.001548,0.00359,0.139638,0.853482,0.000894
fc6bb1dbe8a4db12122669bfdd94ef85221f61a3f351b958e6cdf4b67bc094e8,nv,nv,0.983263,True,1,2.8e-05,4.9e-05,0.000874,0.002397,0.013365,0.983263,2.5e-05
fc732db28c7cdc79112aef1f6c34a09a142af14f715f228dd25ae896a8bbd68b,nv,df,0.999954,False,1,0.0,0.0,0.0,0.999954,3e-06,4.3e-05,0.0
fc8511698403f18e31bcdc39fd74f486dd26e1d87d4cb54cdf6a5db811e436a6,bcc,akiec,0.806149,False,1,0.806149,0.026864,0.133042,0.007299,0.0005,0.025037,0.001109
fc8f065b52199eaf5dad23a29a434c4e85ad3a64a3be573e4f5be9f4aa037048,nv,nv,0.996567,True,1,0.0,1e-06,0.0,2e-06,0.003225,0.996567,0.000205
fcb36d19a14d1306d4104dd8d698a7ff905b0c96037a6a89e0bd396b09d8eac7,nv,nv,0.841285,True,1,0.001508,0.023224,0.024327,0.00035,0.109165,0.841285,0.00014
fcda1fc71f6592561c39f7e5b26e0306489741e07da4b244384a99391989c67d,nv,nv,0.938298,True,1,0.007375,2.1e-05,0.040515,0.000441,0.013292,0.938298,5.7e-05
fce9f609b8ba78e1c9611de42280db4b55ba12c8a415509eeb43e30cd8e290cc,bcc,df,0.896818,False,1,0.003853,0.0143,0.003296,0.896818,0.013923,0.067597,0.000212
fd0264d64d9b2ab19702b3f40b9c42b142e2388ce1a2473841ac4816f22a1959,nv,nv,0.99641,True,1,2e-06,0.000455,0.000148,6.7e-05,0.002904,0.99641,1.4e-05
fd5a68aaa5dee988432f78b195b2ba239a1325cc332230595973a5069d38c7f7,bcc,bcc,0.694955,True,1,0.001038,0.694955,0.00984,0.148153,0.127318,0.005317,0.013379
fd881e3c268e42027c4599acc02f735c41ed1f0ffce7855b0f3fc7aae0a0d91c,mel,mel,0.991575,True,1,0.000179,7e-06,0.000282,0.000237,0.991575,0.007146,0.000573
fda200fa63f5ab01de5231907e6845607e3f04258c40fb6524422b8cdfc50b8b,nv,nv,0.979486,True,1,0.000303,0.000507,0.005151,0.000418,0.009979,0.979486,0.004157
fda6f6082ee6930bed6f203490b2bc158eed3c9889a9be0873bc374a4de3cfc8,bkl,bkl,0.872667,True,1,0.046166,0.000142,0.872667,5.6e-05,0.033918,0.046951,0.000101
fdbff555d901bc547ab698f4ddb71baa4b9ac07e6a8aa80c31bb3f466861b36f,bkl,df,0.483512,False,1,0.036626,0.008887,0.017899,0.483512,0.296352,0.155802,0.000921
fe004b399a2f1d7093630fcb699b68b509f4d63cc1629ad77d89e3912c730d92,bkl,nv,0.905753,False,1,2.6e-05,0.000584,0.036148,0.00416,0.053194,0.905753,0.000134
fe1e268dde1b57bd380ca45d4184bd2f6e90aa5ae194c9fe4877b42ab8ae5837,mel,mel,0.864759,True,1,0.000199,0.010139,0.000118,0.001961,0.864759,0.122287,0.000538
fe2fea350764f4b3cac78752c00dbecd4f17fe31b00f5c3ca736d03bed1344bf,nv,nv,0.949109,True,1,1.4e-05,4.5e-05,0.018062,4.7e-05,0.032676,0.949109,4.7e-05
fe31005a3ebc20f4cea0ed4e72ac57a7c7451a989fea3d1b15eff88ebf79021f,nv,nv,0.997228,True,1,0.0,0.000122,0.0,2e-06,0.002606,0.997228,4.1e-05
fe44cd3e26cae1a774e22767d2d53296d1ff47debf7ae4d03f89da0fe34df32e,bkl,nv,0.58019,False,1,0.000593,0.005685,0.03379,0.018568,0.294723,0.58019,0.06645
fe4f4e2949970be4d1ac443a019aa7344dc7b47b944968a41e460d377a4b338d,nv,nv,0.99645,True,1,0.000104,0.000837,0.000206,0.000268,0.002066,0.99645,6.9e-05
fe55fae17f135ad7c40d5a2a9c069df1d6d746866f990daa1b982afd48d71666,nv,nv,0.981544,True,1,0.000104,0.00455,0.004035,0.000721,0.008988,0.981544,5.8e-05
fe62cdc56609aaba542a993e952f39eca9b8a00944f3103e48e794119a51cd27,nv,df,0.875003,False,1,0.002533,0.000289,0.048676,0.875003,0.000532,0.072915,5.3e-05
fe8bd9b3b930167481fd2c398ff84ca6563c3b6599ee5e42c2d820e31169d454,mel,mel,0.811034,True,1,2.6e-05,0.000503,0.000155,7.5e-05,0.811034,0.187935,0.000272
fe9dc1063b10ca4c5be22654d9e95047ce827e1c8f2a45997f85ebc5ffa78695,bcc,bcc,0.961171,True,1,0.004361,0.961171,0.004321,0.004008,0.000116,0.025231,0.000791
febd57ebdb1b632a503efc5586a2a39d5f14a8911488f4677b3e8750134437ca,nv,nv,0.745136,True,1,3e-06,1.7e-05,0.002393,0.000132,0.252281,0.745136,3.7e-05
fecdd6cf95d7291b11d302c051dd159109ad69eec3253f7a445b6a201ec11619,nv,nv,0.728375,True,1,6.5e-05,0.010969,0.013809,0.000858,0.245683,0.728375,0.00024
fef4ca19b041a6bfd7a14d3a7f7383174805db593a7ef2d4d662189def0d1c63,nv,nv,0.535809,True,1,4.8e-05,4.6e-05,4.9e-05,0.005105,0.458585,0.535809,0.000358
ff301da496677711d263a815bef8810b70291422c29ff6af0557f0d954f88b15,mel,nv,0.920682,False,1,0.011594,0.002921,0.026536,0.035894,0.001969,0.920682,0.000404
ff6422248354624263bf8cb87f1d6d42e1e536a81969296ba01d23cfef0afa47,nv,nv,0.975254,True,1,1.7e-05,3.6e-05,0.01043,0.000844,0.013359,0.975254,6e-05
ff86c497a24f21ad125d540e1e42818078b8fee276fdafc95f3af131eb4a6f4d,mel,nv,0.90696,False,1,0.000271,0.000896,0.01366,0.000678,0.076318,0.90696,0.001217
ff96e8be9ce568eda8744165b83545d6a548de5125b04005e0d3bcb4edb13f1e,nv,nv,0.708253,True,1,0.000579,0.011668,0.000777,0.059056,0.219292,0.708253,0.000374
ffbcbd2bae6c2f3e7af011f73985d8dc9a420d5847ad602ea86f7c6d4bb77e23,bcc,df,0.999446,False,1,2.3e-05,0.000177,6e-06,0.999446,4.8e-05,0.000299,1e-06
ffbe52e825bce67b73ad6a54108659aea1536d238aba15568f5da7b5d5dd88d1,nv,nv,0.990966,True,1,9e-06,0.000161,0.000535,0.005841,0.002405,0.990966,8.3e-05
ffc854c987cbac9f06093739553c0af982eda0f2929150b37516d50f83cd1605,nv,nv,0.991094,True,1,1.4e-05,0.007712,0.000662,0.00025,0.000154,0.991094,0.000114
fff87c305ab540aca6f5788137cea97bd408f244bbcfd80d58ff56263a69cbdd,nv,nv,0.955334,True,1,0.000678,0.003983,0.003215,0.000268,0.036417,0.955334,0.000104
